Workbook

Sheet Rodolfo 2010
B5: TALLAS | C5: FREC. | D5: GRUPOS DE EDAD
B6: (cm) | C6: (Unidades) | D6: O | E6: I | F6: II | G6: III | H6: IV | I6: V | J6: VI | K6: VII | L6: VIII | M6: IX | N6: X | O6: XI | P6: XII | Q6: XIII | R6: XIV | S6: XV | T6: XVI | U6: XVII | V6: XVIII | W6: XIX | X6: XX | Y6: XXI | Z6: XXII | AA6: XXIII | AB6: XXIV
B7: 5 | C7: =SUM(D7:AA7) -> 0 | D7: ='[1]Cald Coqbo 2011'!D7+'[1]SAnt Guaitecas 2011'!D7 -> 0 | E7: ='[1]Cald Coqbo 2011'!E7+'[1]SAnt Guaitecas 2011'!E7 -> 0 | F7: ='[1]Cald Coqbo 2011'!F7+'[1]SAnt Guaitecas 2011'!F7 -> 0 | G7: ='[1]Cald Coqbo 2011'!G7+'[1]SAnt Guaitecas 2011'!G7 -> 0 | H7: ='[1]Cald Coqbo 2011'!H7+'[1]SAnt Guaitecas 2011'!H7 -> 0 | I7: ='[1]Cald Coqbo 2011'!I7+'[1]SAnt Guaitecas 2011'!I7 -> 0 | J7: ='[1]Cald Coqbo 2011'!J7+'[1]SAnt Guaitecas 2011'!J7 -> 0 | K7: ='[1]Cald Coqbo 2011'!K7+'[1]SAnt Guaitecas 2011'!K7 -> 0 | ... Y7: ='[1]Cald Coqbo 2011'!Y7+'[1]SAnt Guaitecas 2011'!Y7 -> 0 | Z7: 0 | AA7: 0 | AB7: 0
B8: 6 | C8: =SUM(D8:AA8) -> 0 | D8: ='[1]Cald Coqbo 2011'!D8+'[1]SAnt Guaitecas 2011'!D8 -> 0 | E8: ='[1]Cald Coqbo 2011'!E8+'[1]SAnt Guaitecas 2011'!E8 -> 0 | F8: ='[1]Cald Coqbo 2011'!F8+'[1]SAnt Guaitecas 2011'!F8 -> 0 | G8: ='[1]Cald Coqbo 2011'!G8+'[1]SAnt Guaitecas 2011'!G8 -> 0 | H8: ='[1]Cald Coqbo 2011'!H8+'[1]SAnt Guaitecas 2011'!H8 -> 0 | I8: ='[1]Cald Coqbo 2011'!I8+'[1]SAnt Guaitecas 2011'!I8 -> 0 | J8: ='[1]Cald Coqbo 2011'!J8+'[1]SAnt Guaitecas 2011'!J8 -> 0 | K8: ='[1]Cald Coqbo 2011'!K8+'[1]SAnt Guaitecas 2011'!K8 -> 0 | ... Y8: ='[1]Cald Coqbo 2011'!Y8+'[1]SAnt Guaitecas 2011'!Y8 -> 0 | Z8: 0 | AA8: 0 | AB8: 0
B9: 7 | C9: =SUM(D9:AA9) -> 0 | D9: ='[1]Cald Coqbo 2011'!D9+'[1]SAnt Guaitecas 2011'!D9 -> 0 | E9: ='[1]Cald Coqbo 2011'!E9+'[1]SAnt Guaitecas 2011'!E9 -> 0 | F9: ='[1]Cald Coqbo 2011'!F9+'[1]SAnt Guaitecas 2011'!F9 -> 0 | G9: ='[1]Cald Coqbo 2011'!G9+'[1]SAnt Guaitecas 2011'!G9 -> 0 | H9: ='[1]Cald Coqbo 2011'!H9+'[1]SAnt Guaitecas 2011'!H9 -> 0 | I9: ='[1]Cald Coqbo 2011'!I9+'[1]SAnt Guaitecas 2011'!I9 -> 0 | J9: ='[1]Cald Coqbo 2011'!J9+'[1]SAnt Guaitecas 2011'!J9 -> 0 | K9: ='[1]Cald Coqbo 2011'!K9+'[1]SAnt Guaitecas 2011'!K9 -> 0 | ... Y9: ='[1]Cald Coqbo 2011'!Y9+'[1]SAnt Guaitecas 2011'!Y9 -> 0 | Z9: 0 | AA9: 0 | AB9: 0
B10: 8 | C10: =SUM(D10:AA10) -> 0 | D10: ='[1]Cald Coqbo 2011'!D10+'[1]SAnt Guaitecas 2011'!D10 -> 0 | E10: ='[1]Cald Coqbo 2011'!E10+'[1]SAnt Guaitecas 2011'!E10 -> 0 | F10: ='[1]Cald Coqbo 2011'!F10+'[1]SAnt Guaitecas 2011'!F10 -> 0 | G10: ='[1]Cald Coqbo 2011'!G10+'[1]SAnt Guaitecas 2011'!G10 -> 0 | H10: ='[1]Cald Coqbo 2011'!H10+'[1]SAnt Guaitecas 2011'!H10 -> 0 | I10: ='[1]Cald Coqbo 2011'!I10+'[1]SAnt Guaitecas 2011'!I10 -> 0 | J10: ='[1]Cald Coqbo 2011'!J10+'[1]SAnt Guaitecas 2011'!J10 -> 0 | K10: ='[1]Cald Coqbo 2011'!K10+'[1]SAnt Guaitecas 2011'!K10 -> 0 | ... Y10: ='[1]Cald Coqbo 2011'!Y10+'[1]SAnt Guaitecas 2011'!Y10 -> 0 | Z10: 0 | AA10: 0 | AB10: 0
B11: 9 | C11: =SUM(D11:AA11) -> 0 | D11: ='[1]Cald Coqbo 2011'!D11+'[1]SAnt Guaitecas 2011'!D11 -> 0 | E11: ='[1]Cald Coqbo 2011'!E11+'[1]SAnt Guaitecas 2011'!E11 -> 0 | F11: ='[1]Cald Coqbo 2011'!F11+'[1]SAnt Guaitecas 2011'!F11 -> 0 | G11: ='[1]Cald Coqbo 2011'!G11+'[1]SAnt Guaitecas 2011'!G11 -> 0 | H11: ='[1]Cald Coqbo 2011'!H11+'[1]SAnt Guaitecas 2011'!H11 -> 0 | I11: ='[1]Cald Coqbo 2011'!I11+'[1]SAnt Guaitecas 2011'!I11 -> 0 | J11: ='[1]Cald Coqbo 2011'!J11+'[1]SAnt Guaitecas 2011'!J11 -> 0 | K11: ='[1]Cald Coqbo 2011'!K11+'[1]SAnt Guaitecas 2011'!K11 -> 0 | ... Y11: ='[1]Cald Coqbo 2011'!Y11+'[1]SAnt Guaitecas 2011'!Y11 -> 0 | Z11: 0 | AA11: 0 | AB11: 0
B12: 10 | C12: =SUM(D12:AA12) -> 0 | D12: ='[1]Cald Coqbo 2011'!D12+'[1]SAnt Guaitecas 2011'!D12 -> 0 | E12: ='[1]Cald Coqbo 2011'!E12+'[1]SAnt Guaitecas 2011'!E12 -> 0 | F12: ='[1]Cald Coqbo 2011'!F12+'[1]SAnt Guaitecas 2011'!F12 -> 0 | G12: ='[1]Cald Coqbo 2011'!G12+'[1]SAnt Guaitecas 2011'!G12 -> 0 | H12: ='[1]Cald Coqbo 2011'!H12+'[1]SAnt Guaitecas 2011'!H12 -> 0 | I12: ='[1]Cald Coqbo 2011'!I12+'[1]SAnt Guaitecas 2011'!I12 -> 0 | J12: ='[1]Cald Coqbo 2011'!J12+'[1]SAnt Guaitecas 2011'!J12 -> 0 | K12: ='[1]Cald Coqbo 2011'!K12+'[1]SAnt Guaitecas 2011'!K12 -> 0 | ... Y12: ='[1]Cald Coqbo 2011'!Y12+'[1]SAnt Guaitecas 2011'!Y12 -> 0 | Z12: 0 | AA12: 0 | AB12: 0
B13: 11 | C13: =SUM(D13:AA13) -> 0 | D13: ='[1]Cald Coqbo 2011'!D13+'[1]SAnt Guaitecas 2011'!D13 -> 0 | E13: ='[1]Cald Coqbo 2011'!E13+'[1]SAnt Guaitecas 2011'!E13 -> 0 | F13: ='[1]Cald Coqbo 2011'!F13+'[1]SAnt Guaitecas 2011'!F13 -> 0 | G13: ='[1]Cald Coqbo 2011'!G13+'[1]SAnt Guaitecas 2011'!G13 -> 0 | H13: ='[1]Cald Coqbo 2011'!H13+'[1]SAnt Guaitecas 2011'!H13 -> 0 | I13: ='[1]Cald Coqbo 2011'!I13+'[1]SAnt Guaitecas 2011'!I13 -> 0 | J13: ='[1]Cald Coqbo 2011'!J13+'[1]SAnt Guaitecas 2011'!J13 -> 0 | K13: ='[1]Cald Coqbo 2011'!K13+'[1]SAnt Guaitecas 2011'!K13 -> 0 | ... Y13: ='[1]Cald Coqbo 2011'!Y13+'[1]SAnt Guaitecas 2011'!Y13 -> 0 | Z13: 0 | AA13: 0 | AB13: 0
B14: 12 | C14: =SUM(D14:AA14) -> 0 | D14: ='[1]Cald Coqbo 2011'!D14+'[1]SAnt Guaitecas 2011'!D14 -> 0 | E14: ='[1]Cald Coqbo 2011'!E14+'[1]SAnt Guaitecas 2011'!E14 -> 0 | F14: ='[1]Cald Coqbo 2011'!F14+'[1]SAnt Guaitecas 2011'!F14 -> 0 | G14: ='[1]Cald Coqbo 2011'!G14+'[1]SAnt Guaitecas 2011'!G14 -> 0 | H14: ='[1]Cald Coqbo 2011'!H14+'[1]SAnt Guaitecas 2011'!H14 -> 0 | I14: ='[1]Cald Coqbo 2011'!I14+'[1]SAnt Guaitecas 2011'!I14 -> 0 | J14: ='[1]Cald Coqbo 2011'!J14+'[1]SAnt Guaitecas 2011'!J14 -> 0 | K14: ='[1]Cald Coqbo 2011'!K14+'[1]SAnt Guaitecas 2011'!K14 -> 0 | ... Y14: ='[1]Cald Coqbo 2011'!Y14+'[1]SAnt Guaitecas 2011'!Y14 -> 0 | Z14: 0 | AA14: 0 | AB14: 0
B15: 13 | C15: =SUM(D15:AA15) -> 0 | D15: ='[1]Cald Coqbo 2011'!D15+'[1]SAnt Guaitecas 2011'!D15 -> 0 | E15: ='[1]Cald Coqbo 2011'!E15+'[1]SAnt Guaitecas 2011'!E15 -> 0 | F15: ='[1]Cald Coqbo 2011'!F15+'[1]SAnt Guaitecas 2011'!F15 -> 0 | G15: ='[1]Cald Coqbo 2011'!G15+'[1]SAnt Guaitecas 2011'!G15 -> 0 | H15: ='[1]Cald Coqbo 2011'!H15+'[1]SAnt Guaitecas 2011'!H15 -> 0 | I15: ='[1]Cald Coqbo 2011'!I15+'[1]SAnt Guaitecas 2011'!I15 -> 0 | J15: ='[1]Cald Coqbo 2011'!J15+'[1]SAnt Guaitecas 2011'!J15 -> 0 | K15: ='[1]Cald Coqbo 2011'!K15+'[1]SAnt Guaitecas 2011'!K15 -> 0 | ... Y15: ='[1]Cald Coqbo 2011'!Y15+'[1]SAnt Guaitecas 2011'!Y15 -> 0 | Z15: 0 | AA15: 0 | AB15: 0
B16: 14 | C16: =SUM(D16:AA16) -> 1 | D16: ='[1]Ages 2010'!D16/'[1]Ages 2010'!$C$16 -> 0 | E16: ='[1]Ages 2010'!E16/'[1]Ages 2010'!$C$16 -> 0 | F16: ='[1]Ages 2010'!F16/'[1]Ages 2010'!$C$16 -> 1 | G16: ='[1]Ages 2010'!G16/'[1]Ages 2010'!$C$16 -> 0 | H16: ='[1]Ages 2010'!H16/'[1]Ages 2010'!$C$16 -> 0 | I16: ='[1]Ages 2010'!I16/'[1]Ages 2010'!$C$16 -> 0 | J16: ='[1]Ages 2010'!J16/'[1]Ages 2010'!$C$16 -> 0 | K16: ='[1]Ages 2010'!K16/'[1]Ages 2010'!$C$16 -> 0 | ... AA16: ='[1]Ages 2010'!AA16/'[1]Ages 2010'!$C$16 -> 0 | AB16: 0
B17: 15 | C17: =SUM(D17:AA17) -> 1 | D17: ='[1]Ages 2010'!D17/'[1]Ages 2010'!$C$17 -> 0 | E17: ='[1]Ages 2010'!E17/'[1]Ages 2010'!$C$17 -> 0 | F17: ='[1]Ages 2010'!F17/'[1]Ages 2010'!$C$17 -> 1 | G17: ='[1]Ages 2010'!G17/'[1]Ages 2010'!$C$17 -> 0 | H17: ='[1]Ages 2010'!H17/'[1]Ages 2010'!$C$17 -> 0 | I17: ='[1]Ages 2010'!I17/'[1]Ages 2010'!$C$17 -> 0 | J17: ='[1]Ages 2010'!J17/'[1]Ages 2010'!$C$17 -> 0 | K17: ='[1]Ages 2010'!K17/'[1]Ages 2010'!$C$17 -> 0 | ... AB17: ='[1]Ages 2010'!AB17/'[1]Ages 2010'!$C$17 -> 0
B18: 16 | C18: =SUM(D18:AA18) -> 1 | D18: ='[1]Ages 2010'!D18/'[1]Ages 2010'!$C$18 -> 0 | E18: ='[1]Ages 2010'!E18/'[1]Ages 2010'!$C$18 -> 0 | F18: ='[1]Ages 2010'!F18/'[1]Ages 2010'!$C$18 -> 0.5 | G18: ='[1]Ages 2010'!G18/'[1]Ages 2010'!$C$18 -> 0.5 | H18: ='[1]Ages 2010'!H18/'[1]Ages 2010'!$C$18 -> 0 | I18: ='[1]Ages 2010'!I18/'[1]Ages 2010'!$C$18 -> 0 | J18: ='[1]Ages 2010'!J18/'[1]Ages 2010'!$C$18 -> 0 | K18: ='[1]Ages 2010'!K18/'[1]Ages 2010'!$C$18 -> 0 | ... AB18: ='[1]Ages 2010'!AB18/'[1]Ages 2010'!$C$18 -> 0
B19: 17 | C19: =SUM(D19:AA19) -> 1 | D19: ='[1]Ages 2010'!D19/'[1]Ages 2010'!$C$19 -> 0 | E19: ='[1]Ages 2010'!E19/'[1]Ages 2010'!$C$19 -> 0 | F19: ='[1]Ages 2010'!F19/'[1]Ages 2010'!$C$19 -> 0.5 | G19: ='[1]Ages 2010'!G19/'[1]Ages 2010'!$C$19 -> 0.5 | H19: ='[1]Ages 2010'!H19/'[1]Ages 2010'!$C$19 -> 0 | I19: ='[1]Ages 2010'!I19/'[1]Ages 2010'!$C$19 -> 0 | J19: ='[1]Ages 2010'!J19/'[1]Ages 2010'!$C$19 -> 0 | K19: ='[1]Ages 2010'!K19/'[1]Ages 2010'!$C$19 -> 0 | ... AB19: ='[1]Ages 2010'!AB19/'[1]Ages 2010'!$C$19 -> 0
B20: 18 | C20: =SUM(D20:AA20) -> 1 | D20: ='[1]Ages 2010'!D20/'[1]Ages 2010'!$C$20 -> 0 | E20: ='[1]Ages 2010'!E20/'[1]Ages 2010'!$C$20 -> 0 | F20: ='[1]Ages 2010'!F20/'[1]Ages 2010'!$C$20 -> 1 | G20: ='[1]Ages 2010'!G20/'[1]Ages 2010'!$C$20 -> 0 | H20: ='[1]Ages 2010'!H20/'[1]Ages 2010'!$C$20 -> 0 | I20: ='[1]Ages 2010'!I20/'[1]Ages 2010'!$C$20 -> 0 | J20: ='[1]Ages 2010'!J20/'[1]Ages 2010'!$C$20 -> 0 | K20: ='[1]Ages 2010'!K20/'[1]Ages 2010'!$C$20 -> 0 | ... AB20: ='[1]Ages 2010'!AB20/'[1]Ages 2010'!$C$20 -> 0
B21: 19 | C21: =SUM(D21:AA21) -> 1 | D21: ='[1]Ages 2010'!D21/'[1]Ages 2010'!$C$21 -> 0 | E21: ='[1]Ages 2010'!E21/'[1]Ages 2010'!$C$21 -> 0 | F21: ='[1]Ages 2010'!F21/'[1]Ages 2010'!$C$21 -> 0.55880394 | G21: ='[1]Ages 2010'!G21/'[1]Ages 2010'!$C$21 -> 0.44119606 | H21: ='[1]Ages 2010'!H21/'[1]Ages 2010'!$C$21 -> 0 | I21: ='[1]Ages 2010'!I21/'[1]Ages 2010'!$C$21 -> 0 | J21: ='[1]Ages 2010'!J21/'[1]Ages 2010'!$C$21 -> 0 | K21: ='[1]Ages 2010'!K21/'[1]Ages 2010'!$C$21 -> 0 | ... AB21: ='[1]Ages 2010'!AB21/'[1]Ages 2010'!$C$21 -> 0
B22: 20 | C22: =SUM(D22:AA22) -> 1 | D22: ='[1]Ages 2010'!D22/'[1]Ages 2010'!$C$22 -> 0 | E22: ='[1]Ages 2010'!E22/'[1]Ages 2010'!$C$22 -> 0 | F22: ='[1]Ages 2010'!F22/'[1]Ages 2010'!$C$22 -> 0 | G22: ='[1]Ages 2010'!G22/'[1]Ages 2010'!$C$22 -> 1 | H22: ='[1]Ages 2010'!H22/'[1]Ages 2010'!$C$22 -> 0 | I22: ='[1]Ages 2010'!I22/'[1]Ages 2010'!$C$22 -> 0 | J22: ='[1]Ages 2010'!J22/'[1]Ages 2010'!$C$22 -> 0 | K22: ='[1]Ages 2010'!K22/'[1]Ages 2010'!$C$22 -> 0 | ... AB22: ='[1]Ages 2010'!AB22/'[1]Ages 2010'!$C$22 -> 0
B23: 21 | C23: =SUM(D23:AA23) -> 1 | D23: ='[1]Ages 2010'!D23/'[1]Ages 2010'!$C$23 -> 0 | E23: ='[1]Ages 2010'!E23/'[1]Ages 2010'!$C$23 -> 0 | F23: ='[1]Ages 2010'!F23/'[1]Ages 2010'!$C$23 -> 0.001619165 | G23: ='[1]Ages 2010'!G23/'[1]Ages 2010'!$C$23 -> 0.99838084 | H23: ='[1]Ages 2010'!H23/'[1]Ages 2010'!$C$23 -> 0 | I23: ='[1]Ages 2010'!I23/'[1]Ages 2010'!$C$23 -> 0 | J23: ='[1]Ages 2010'!J23/'[1]Ages 2010'!$C$23 -> 0 | K23: ='[1]Ages 2010'!K23/'[1]Ages 2010'!$C$23 -> 0 | ... AB23: ='[1]Ages 2010'!AB23/'[1]Ages 2010'!$C$23 -> 0
B24: 22 | C24: =SUM(D24:AA24) -> 1 | D24: ='[1]Ages 2010'!D24/'[1]Ages 2010'!$C$24 -> 0 | E24: ='[1]Ages 2010'!E24/'[1]Ages 2010'!$C$24 -> 0 | F24: ='[1]Ages 2010'!F24/'[1]Ages 2010'!$C$24 -> 0 | G24: ='[1]Ages 2010'!G24/'[1]Ages 2010'!$C$24 -> 0.72796541 | H24: ='[1]Ages 2010'!H24/'[1]Ages 2010'!$C$24 -> 0.27203459 | I24: ='[1]Ages 2010'!I24/'[1]Ages 2010'!$C$24 -> 0 | J24: ='[1]Ages 2010'!J24/'[1]Ages 2010'!$C$24 -> 0 | K24: ='[1]Ages 2010'!K24/'[1]Ages 2010'!$C$24 -> 0 | ... AB24: ='[1]Ages 2010'!AB24/'[1]Ages 2010'!$C$24 -> 0
B25: 23 | C25: =SUM(D25:AA25) -> 1 | D25: ='[1]Ages 2010'!D25/'[1]Ages 2010'!$C$25 -> 0 | E25: ='[1]Ages 2010'!E25/'[1]Ages 2010'!$C$25 -> 0 | F25: ='[1]Ages 2010'!F25/'[1]Ages 2010'!$C$25 -> 0 | G25: ='[1]Ages 2010'!G25/'[1]Ages 2010'!$C$25 -> 0.45761996 | H25: ='[1]Ages 2010'!H25/'[1]Ages 2010'!$C$25 -> 0.54238004 | I25: ='[1]Ages 2010'!I25/'[1]Ages 2010'!$C$25 -> 0 | J25: ='[1]Ages 2010'!J25/'[1]Ages 2010'!$C$25 -> 0 | K25: ='[1]Ages 2010'!K25/'[1]Ages 2010'!$C$25 -> 0 | ... AB25: ='[1]Ages 2010'!AB25/'[1]Ages 2010'!$C$25 -> 0
B26: 24 | C26: =SUM(D26:AA26) -> 1 | D26: ='[1]Ages 2010'!D26/'[1]Ages 2010'!$C$26 -> 0 | E26: ='[1]Ages 2010'!E26/'[1]Ages 2010'!$C$26 -> 0 | F26: ='[1]Ages 2010'!F26/'[1]Ages 2010'!$C$26 -> 0 | G26: ='[1]Ages 2010'!G26/'[1]Ages 2010'!$C$26 -> 0.19667015 | H26: ='[1]Ages 2010'!H26/'[1]Ages 2010'!$C$26 -> 0.80332985 | I26: ='[1]Ages 2010'!I26/'[1]Ages 2010'!$C$26 -> 0 | J26: ='[1]Ages 2010'!J26/'[1]Ages 2010'!$C$26 -> 0 | K26: ='[1]Ages 2010'!K26/'[1]Ages 2010'!$C$26 -> 0 | ... AB26: ='[1]Ages 2010'!AB26/'[1]Ages 2010'!$C$26 -> 0
B27: 25 | C27: =SUM(D27:AA27) -> 1 | D27: ='[1]Ages 2010'!D27/'[1]Ages 2010'!$C$27 -> 0 | E27: ='[1]Ages 2010'!E27/'[1]Ages 2010'!$C$27 -> 0 | F27: ='[1]Ages 2010'!F27/'[1]Ages 2010'!$C$27 -> 0 | G27: ='[1]Ages 2010'!G27/'[1]Ages 2010'!$C$27 -> 0.040981286 | H27: ='[1]Ages 2010'!H27/'[1]Ages 2010'!$C$27 -> 0.93987122 | I27: ='[1]Ages 2010'!I27/'[1]Ages 2010'!$C$27 -> 0.019147491 | J27: ='[1]Ages 2010'!J27/'[1]Ages 2010'!$C$27 -> 0 | K27: ='[1]Ages 2010'!K27/'[1]Ages 2010'!$C$27 -> 0 | ... AB27: ='[1]Ages 2010'!AB27/'[1]Ages 2010'!$C$27 -> 0
B28: 26 | C28: =SUM(D28:AA28) -> 1 | D28: ='[1]Ages 2010'!D28/'[1]Ages 2010'!$C$28 -> 0 | E28: ='[1]Ages 2010'!E28/'[1]Ages 2010'!$C$28 -> 0 | F28: ='[1]Ages 2010'!F28/'[1]Ages 2010'!$C$28 -> 0 | G28: ='[1]Ages 2010'!G28/'[1]Ages 2010'!$C$28 -> 0.0015681117 | H28: ='[1]Ages 2010'!H28/'[1]Ages 2010'!$C$28 -> 0.84280018 | I28: ='[1]Ages 2010'!I28/'[1]Ages 2010'!$C$28 -> 0.15563171 | J28: ='[1]Ages 2010'!J28/'[1]Ages 2010'!$C$28 -> 0 | K28: ='[1]Ages 2010'!K28/'[1]Ages 2010'!$C$28 -> 0 | ... AB28: ='[1]Ages 2010'!AB28/'[1]Ages 2010'!$C$28 -> 0
B29: 27 | C29: =SUM(D29:AA29) -> 1 | D29: ='[1]Ages 2010'!D29/'[1]Ages 2010'!$C$29 -> 0 | E29: ='[1]Ages 2010'!E29/'[1]Ages 2010'!$C$29 -> 0 | F29: ='[1]Ages 2010'!F29/'[1]Ages 2010'!$C$29 -> 0 | G29: ='[1]Ages 2010'!G29/'[1]Ages 2010'!$C$29 -> 0.001337296 | H29: ='[1]Ages 2010'!H29/'[1]Ages 2010'!$C$29 -> 0.6874885 | I29: ='[1]Ages 2010'!I29/'[1]Ages 2010'!$C$29 -> 0.3111742 | J29: ='[1]Ages 2010'!J29/'[1]Ages 2010'!$C$29 -> 0 | K29: ='[1]Ages 2010'!K29/'[1]Ages 2010'!$C$29 -> 0 | ... AB29: ='[1]Ages 2010'!AB29/'[1]Ages 2010'!$C$29 -> 0
B30: 28 | C30: =SUM(D30:AA30) -> 1 | D30: ='[1]Ages 2010'!D30/'[1]Ages 2010'!$C$30 -> 0 | E30: ='[1]Ages 2010'!E30/'[1]Ages 2010'!$C$30 -> 0 | F30: ='[1]Ages 2010'!F30/'[1]Ages 2010'!$C$30 -> 0 | G30: ='[1]Ages 2010'!G30/'[1]Ages 2010'!$C$30 -> 0 | H30: ='[1]Ages 2010'!H30/'[1]Ages 2010'!$C$30 -> 0.091831005 | I30: ='[1]Ages 2010'!I30/'[1]Ages 2010'!$C$30 -> 0.88758183 | J30: ='[1]Ages 2010'!J30/'[1]Ages 2010'!$C$30 -> 0.020587163 | K30: ='[1]Ages 2010'!K30/'[1]Ages 2010'!$C$30 -> 0 | ... AB30: ='[1]Ages 2010'!AB30/'[1]Ages 2010'!$C$30 -> 0
B31: 29 | C31: =SUM(D31:AA31) -> 1 | D31: ='[1]Ages 2010'!D31/'[1]Ages 2010'!$C$31 -> 0 | E31: ='[1]Ages 2010'!E31/'[1]Ages 2010'!$C$31 -> 0 | F31: ='[1]Ages 2010'!F31/'[1]Ages 2010'!$C$31 -> 0 | G31: ='[1]Ages 2010'!G31/'[1]Ages 2010'!$C$31 -> 0 | H31: ='[1]Ages 2010'!H31/'[1]Ages 2010'!$C$31 -> 0.015909614 | I31: ='[1]Ages 2010'!I31/'[1]Ages 2010'!$C$31 -> 0.60758034 | J31: ='[1]Ages 2010'!J31/'[1]Ages 2010'!$C$31 -> 0.37651004 | K31: ='[1]Ages 2010'!K31/'[1]Ages 2010'!$C$31 -> 0 | ... AB31: ='[1]Ages 2010'!AB31/'[1]Ages 2010'!$C$31 -> 0
B32: 30 | C32: =SUM(D32:AA32) -> 1 | D32: ='[1]Ages 2010'!D32/'[1]Ages 2010'!$C$32 -> 0 | E32: ='[1]Ages 2010'!E32/'[1]Ages 2010'!$C$32 -> 0 | F32: ='[1]Ages 2010'!F32/'[1]Ages 2010'!$C$32 -> 0 | G32: ='[1]Ages 2010'!G32/'[1]Ages 2010'!$C$32 -> 0 | H32: ='[1]Ages 2010'!H32/'[1]Ages 2010'!$C$32 -> 0.010147738 | I32: ='[1]Ages 2010'!I32/'[1]Ages 2010'!$C$32 -> 0.065141491 | J32: ='[1]Ages 2010'!J32/'[1]Ages 2010'!$C$32 -> 0.88800885 | K32: ='[1]Ages 2010'!K32/'[1]Ages 2010'!$C$32 -> 0.036701916 | ... AB32: ='[1]Ages 2010'!AB32/'[1]Ages 2010'!$C$32 -> 0
B33: 31 | C33: =SUM(D33:AA33) -> 1 | D33: ='[1]Ages 2010'!D33/'[1]Ages 2010'!$C$33 -> 0 | E33: ='[1]Ages 2010'!E33/'[1]Ages 2010'!$C$33 -> 0 | F33: ='[1]Ages 2010'!F33/'[1]Ages 2010'!$C$33 -> 0 | G33: ='[1]Ages 2010'!G33/'[1]Ages 2010'!$C$33 -> 0 | H33: ='[1]Ages 2010'!H33/'[1]Ages 2010'!$C$33 -> 0 | I33: ='[1]Ages 2010'!I33/'[1]Ages 2010'!$C$33 -> 0.034596452 | J33: ='[1]Ages 2010'!J33/'[1]Ages 2010'!$C$33 -> 0.83082334 | K33: ='[1]Ages 2010'!K33/'[1]Ages 2010'!$C$33 -> 0.13458021 | ... AB33: ='[1]Ages 2010'!AB33/'[1]Ages 2010'!$C$33 -> 0
B34: 32 | C34: =SUM(D34:AA34) -> 1 | D34: ='[1]Ages 2010'!D34/'[1]Ages 2010'!$C$34 -> 0 | E34: ='[1]Ages 2010'!E34/'[1]Ages 2010'!$C$34 -> 0 | F34: ='[1]Ages 2010'!F34/'[1]Ages 2010'!$C$34 -> 0 | G34: ='[1]Ages 2010'!G34/'[1]Ages 2010'!$C$34 -> 0 | H34: ='[1]Ages 2010'!H34/'[1]Ages 2010'!$C$34 -> 0 | I34: ='[1]Ages 2010'!I34/'[1]Ages 2010'!$C$34 -> 0.0017272812 | J34: ='[1]Ages 2010'!J34/'[1]Ages 2010'!$C$34 -> 0.50342441 | K34: ='[1]Ages 2010'!K34/'[1]Ages 2010'!$C$34 -> 0.49484831 | ... AB34: ='[1]Ages 2010'!AB34/'[1]Ages 2010'!$C$34 -> 0
B35: 33 | C35: =SUM(D35:AA35) -> 1 | D35: ='[1]Ages 2010'!D35/'[1]Ages 2010'!$C$35 -> 0 | E35: ='[1]Ages 2010'!E35/'[1]Ages 2010'!$C$35 -> 0 | F35: ='[1]Ages 2010'!F35/'[1]Ages 2010'!$C$35 -> 0 | G35: ='[1]Ages 2010'!G35/'[1]Ages 2010'!$C$35 -> 0 | H35: ='[1]Ages 2010'!H35/'[1]Ages 2010'!$C$35 -> 0 | I35: ='[1]Ages 2010'!I35/'[1]Ages 2010'!$C$35 -> 0.00014867202 | J35: ='[1]Ages 2010'!J35/'[1]Ages 2010'!$C$35 -> 0.20985214 | K35: ='[1]Ages 2010'!K35/'[1]Ages 2010'!$C$35 -> 0.78999919 | ... AB35: ='[1]Ages 2010'!AB35/'[1]Ages 2010'!$C$35 -> 0
B36: 34 | C36: =SUM(D36:AA36) -> 1 | D36: ='[1]Ages 2010'!D36/'[1]Ages 2010'!$C$36 -> 0 | E36: ='[1]Ages 2010'!E36/'[1]Ages 2010'!$C$36 -> 0 | F36: ='[1]Ages 2010'!F36/'[1]Ages 2010'!$C$36 -> 0 | G36: ='[1]Ages 2010'!G36/'[1]Ages 2010'!$C$36 -> 0 | H36: ='[1]Ages 2010'!H36/'[1]Ages 2010'!$C$36 -> 0 | I36: ='[1]Ages 2010'!I36/'[1]Ages 2010'!$C$36 -> 0.00054932874 | J36: ='[1]Ages 2010'!J36/'[1]Ages 2010'!$C$36 -> 0.051435092 | K36: ='[1]Ages 2010'!K36/'[1]Ages 2010'!$C$36 -> 0.83375366 | ... AB36: ='[1]Ages 2010'!AB36/'[1]Ages 2010'!$C$36 -> 0
B37: 35 | C37: =SUM(D37:AA37) -> 1 | D37: ='[1]Ages 2010'!D37/'[1]Ages 2010'!$C$37 -> 0 | E37: ='[1]Ages 2010'!E37/'[1]Ages 2010'!$C$37 -> 0 | F37: ='[1]Ages 2010'!F37/'[1]Ages 2010'!$C$37 -> 0 | G37: ='[1]Ages 2010'!G37/'[1]Ages 2010'!$C$37 -> 0 | H37: ='[1]Ages 2010'!H37/'[1]Ages 2010'!$C$37 -> 0 | I37: ='[1]Ages 2010'!I37/'[1]Ages 2010'!$C$37 -> 0 | J37: ='[1]Ages 2010'!J37/'[1]Ages 2010'!$C$37 -> 0.0039526741 | K37: ='[1]Ages 2010'!K37/'[1]Ages 2010'!$C$37 -> 0.46745347 | ... AB37: ='[1]Ages 2010'!AB37/'[1]Ages 2010'!$C$37 -> 0
B38: 36 | C38: =SUM(D38:AA38) -> 1 | D38: ='[1]Ages 2010'!D38/'[1]Ages 2010'!$C$38 -> 0 | E38: ='[1]Ages 2010'!E38/'[1]Ages 2010'!$C$38 -> 0 | F38: ='[1]Ages 2010'!F38/'[1]Ages 2010'!$C$38 -> 0 | G38: ='[1]Ages 2010'!G38/'[1]Ages 2010'!$C$38 -> 0 | H38: ='[1]Ages 2010'!H38/'[1]Ages 2010'!$C$38 -> 0 | I38: ='[1]Ages 2010'!I38/'[1]Ages 2010'!$C$38 -> 0 | J38: ='[1]Ages 2010'!J38/'[1]Ages 2010'!$C$38 -> 0.0050404076 | K38: ='[1]Ages 2010'!K38/'[1]Ages 2010'!$C$38 -> 0.2360924 | ... AB38: ='[1]Ages 2010'!AB38/'[1]Ages 2010'!$C$38 -> 0
B39: 37 | C39: =SUM(D39:AA39) -> 1 | D39: ='[1]Ages 2010'!D39/'[1]Ages 2010'!$C$39 -> 0 | E39: ='[1]Ages 2010'!E39/'[1]Ages 2010'!$C$39 -> 0 | F39: ='[1]Ages 2010'!F39/'[1]Ages 2010'!$C$39 -> 0 | G39: ='[1]Ages 2010'!G39/'[1]Ages 2010'!$C$39 -> 0 | H39: ='[1]Ages 2010'!H39/'[1]Ages 2010'!$C$39 -> 0 | I39: ='[1]Ages 2010'!I39/'[1]Ages 2010'!$C$39 -> 0 | J39: ='[1]Ages 2010'!J39/'[1]Ages 2010'!$C$39 -> 0 | K39: ='[1]Ages 2010'!K39/'[1]Ages 2010'!$C$39 -> 0.085863331 | ... AB39: ='[1]Ages 2010'!AB39/'[1]Ages 2010'!$C$39 -> 0
B40: 38 | C40: =SUM(D40:AA40) -> 1 | D40: ='[1]Ages 2010'!D40/'[1]Ages 2010'!$C$40 -> 0 | E40: ='[1]Ages 2010'!E40/'[1]Ages 2010'!$C$40 -> 0 | F40: ='[1]Ages 2010'!F40/'[1]Ages 2010'!$C$40 -> 0 | G40: ='[1]Ages 2010'!G40/'[1]Ages 2010'!$C$40 -> 0 | H40: ='[1]Ages 2010'!H40/'[1]Ages 2010'!$C$40 -> 0 | I40: ='[1]Ages 2010'!I40/'[1]Ages 2010'!$C$40 -> 0 | J40: ='[1]Ages 2010'!J40/'[1]Ages 2010'!$C$40 -> 0 | K40: ='[1]Ages 2010'!K40/'[1]Ages 2010'!$C$40 -> 0.00084553566 | ... AB40: ='[1]Ages 2010'!AB40/'[1]Ages 2010'!$C$40 -> 0
B41: 39 | C41: =SUM(D41:AA41) -> 1 | D41: ='[1]Ages 2010'!D41/'[1]Ages 2010'!$C$41 -> 0 | E41: ='[1]Ages 2010'!E41/'[1]Ages 2010'!$C$41 -> 0 | F41: ='[1]Ages 2010'!F41/'[1]Ages 2010'!$C$41 -> 0 | G41: ='[1]Ages 2010'!G41/'[1]Ages 2010'!$C$41 -> 0 | H41: ='[1]Ages 2010'!H41/'[1]Ages 2010'!$C$41 -> 0 | I41: ='[1]Ages 2010'!I41/'[1]Ages 2010'!$C$41 -> 0 | J41: ='[1]Ages 2010'!J41/'[1]Ages 2010'!$C$41 -> 0 | K41: ='[1]Ages 2010'!K41/'[1]Ages 2010'!$C$41 -> 0 | ... AB41: ='[1]Ages 2010'!AB41/'[1]Ages 2010'!$C$41 -> 0
B42: 40 | C42: =SUM(D42:AA42) -> 1 | D42: ='[1]Ages 2010'!D42/'[1]Ages 2010'!$C$42 -> 0 | E42: ='[1]Ages 2010'!E42/'[1]Ages 2010'!$C$42 -> 0 | F42: ='[1]Ages 2010'!F42/'[1]Ages 2010'!$C$42 -> 0 | G42: ='[1]Ages 2010'!G42/'[1]Ages 2010'!$C$42 -> 0 | H42: ='[1]Ages 2010'!H42/'[1]Ages 2010'!$C$42 -> 0 | I42: ='[1]Ages 2010'!I42/'[1]Ages 2010'!$C$42 -> 0 | J42: ='[1]Ages 2010'!J42/'[1]Ages 2010'!$C$42 -> 0 | K42: ='[1]Ages 2010'!K42/'[1]Ages 2010'!$C$42 -> 0 | ... AB42: ='[1]Ages 2010'!AB42/'[1]Ages 2010'!$C$42 -> 0
B43: 41 | C43: =SUM(D43:AA43) -> 1 | D43: ='[1]Ages 2010'!D43/'[1]Ages 2010'!$C$43 -> 0 | E43: ='[1]Ages 2010'!E43/'[1]Ages 2010'!$C$43 -> 0 | F43: ='[1]Ages 2010'!F43/'[1]Ages 2010'!$C$43 -> 0 | G43: ='[1]Ages 2010'!G43/'[1]Ages 2010'!$C$43 -> 0 | H43: ='[1]Ages 2010'!H43/'[1]Ages 2010'!$C$43 -> 0 | I43: ='[1]Ages 2010'!I43/'[1]Ages 2010'!$C$43 -> 0 | J43: ='[1]Ages 2010'!J43/'[1]Ages 2010'!$C$43 -> 0 | K43: ='[1]Ages 2010'!K43/'[1]Ages 2010'!$C$43 -> 0 | ... AB43: ='[1]Ages 2010'!AB43/'[1]Ages 2010'!$C$43 -> 0
B44: 42 | C44: =SUM(D44:AA44) -> 1 | D44: ='[1]Ages 2010'!D44/'[1]Ages 2010'!$C$44 -> 0 | E44: ='[1]Ages 2010'!E44/'[1]Ages 2010'!$C$44 -> 0 | F44: ='[1]Ages 2010'!F44/'[1]Ages 2010'!$C$44 -> 0 | G44: ='[1]Ages 2010'!G44/'[1]Ages 2010'!$C$44 -> 0 | H44: ='[1]Ages 2010'!H44/'[1]Ages 2010'!$C$44 -> 0 | I44: ='[1]Ages 2010'!I44/'[1]Ages 2010'!$C$44 -> 0 | J44: ='[1]Ages 2010'!J44/'[1]Ages 2010'!$C$44 -> 0 | K44: ='[1]Ages 2010'!K44/'[1]Ages 2010'!$C$44 -> 0 | ... AB44: ='[1]Ages 2010'!AB44/'[1]Ages 2010'!$C$44 -> 0
B45: 43 | C45: =SUM(D45:AA45) -> 1 | D45: ='[1]Ages 2010'!D45/'[1]Ages 2010'!$C$45 -> 0 | E45: ='[1]Ages 2010'!E45/'[1]Ages 2010'!$C$45 -> 0 | F45: ='[1]Ages 2010'!F45/'[1]Ages 2010'!$C$45 -> 0 | G45: ='[1]Ages 2010'!G45/'[1]Ages 2010'!$C$45 -> 0 | H45: ='[1]Ages 2010'!H45/'[1]Ages 2010'!$C$45 -> 0 | I45: ='[1]Ages 2010'!I45/'[1]Ages 2010'!$C$45 -> 0 | J45: ='[1]Ages 2010'!J45/'[1]Ages 2010'!$C$45 -> 0 | K45: ='[1]Ages 2010'!K45/'[1]Ages 2010'!$C$45 -> 0 | ... AB45: ='[1]Ages 2010'!AB45/'[1]Ages 2010'!$C$45 -> 0
B46: 44 | C46: =SUM(D46:AA46) -> 1 | D46: ='[1]Ages 2010'!D46/'[1]Ages 2010'!$C$46 -> 0 | E46: ='[1]Ages 2010'!E46/'[1]Ages 2010'!$C$46 -> 0 | F46: ='[1]Ages 2010'!F46/'[1]Ages 2010'!$C$46 -> 0 | G46: ='[1]Ages 2010'!G46/'[1]Ages 2010'!$C$46 -> 0 | H46: ='[1]Ages 2010'!H46/'[1]Ages 2010'!$C$46 -> 0 | I46: ='[1]Ages 2010'!I46/'[1]Ages 2010'!$C$46 -> 0 | J46: ='[1]Ages 2010'!J46/'[1]Ages 2010'!$C$46 -> 0 | K46: ='[1]Ages 2010'!K46/'[1]Ages 2010'!$C$46 -> 0 | ... AB46: ='[1]Ages 2010'!AB46/'[1]Ages 2010'!$C$46 -> 0
B47: 45 | C47: =SUM(D47:AA47) -> 1 | D47: ='[1]Ages 2010'!D47/'[1]Ages 2010'!$C$47 -> 0 | E47: ='[1]Ages 2010'!E47/'[1]Ages 2010'!$C$47 -> 0 | F47: ='[1]Ages 2010'!F47/'[1]Ages 2010'!$C$47 -> 0 | G47: ='[1]Ages 2010'!G47/'[1]Ages 2010'!$C$47 -> 0 | H47: ='[1]Ages 2010'!H47/'[1]Ages 2010'!$C$47 -> 0 | I47: ='[1]Ages 2010'!I47/'[1]Ages 2010'!$C$47 -> 0 | J47: ='[1]Ages 2010'!J47/'[1]Ages 2010'!$C$47 -> 0 | K47: ='[1]Ages 2010'!K47/'[1]Ages 2010'!$C$47 -> 0 | ... AB47: ='[1]Ages 2010'!AB47/'[1]Ages 2010'!$C$47 -> 0
B48: 46 | C48: =SUM(D48:AA48) -> 1 | D48: ='[1]Ages 2010'!D48/'[1]Ages 2010'!$C$48 -> 0 | E48: ='[1]Ages 2010'!E48/'[1]Ages 2010'!$C$48 -> 0 | F48: ='[1]Ages 2010'!F48/'[1]Ages 2010'!$C$48 -> 0 | G48: ='[1]Ages 2010'!G48/'[1]Ages 2010'!$C$48 -> 0 | H48: ='[1]Ages 2010'!H48/'[1]Ages 2010'!$C$48 -> 0 | I48: ='[1]Ages 2010'!I48/'[1]Ages 2010'!$C$48 -> 0 | J48: ='[1]Ages 2010'!J48/'[1]Ages 2010'!$C$48 -> 0 | K48: ='[1]Ages 2010'!K48/'[1]Ages 2010'!$C$48 -> 0 | ... AB48: ='[1]Ages 2010'!AB48/'[1]Ages 2010'!$C$48 -> 0
B49: 47 | C49: =SUM(D49:AA49) -> 1 | D49: ='[1]Ages 2010'!D49/'[1]Ages 2010'!$C$49 -> 0 | E49: ='[1]Ages 2010'!E49/'[1]Ages 2010'!$C$49 -> 0 | F49: ='[1]Ages 2010'!F49/'[1]Ages 2010'!$C$49 -> 0 | G49: ='[1]Ages 2010'!G49/'[1]Ages 2010'!$C$49 -> 0 | H49: ='[1]Ages 2010'!H49/'[1]Ages 2010'!$C$49 -> 0 | I49: ='[1]Ages 2010'!I49/'[1]Ages 2010'!$C$49 -> 0 | J49: ='[1]Ages 2010'!J49/'[1]Ages 2010'!$C$49 -> 0 | K49: ='[1]Ages 2010'!K49/'[1]Ages 2010'!$C$49 -> 0 | ... AB49: ='[1]Ages 2010'!AB49/'[1]Ages 2010'!$C$49 -> 0
B50: 48 | C50: =SUM(D50:AA50) -> 1 | D50: ='[1]Ages 2010'!D50/'[1]Ages 2010'!$C$50 -> 0 | E50: ='[1]Ages 2010'!E50/'[1]Ages 2010'!$C$50 -> 0 | F50: ='[1]Ages 2010'!F50/'[1]Ages 2010'!$C$50 -> 0 | G50: ='[1]Ages 2010'!G50/'[1]Ages 2010'!$C$50 -> 0 | H50: ='[1]Ages 2010'!H50/'[1]Ages 2010'!$C$50 -> 0 | I50: ='[1]Ages 2010'!I50/'[1]Ages 2010'!$C$50 -> 0 | J50: ='[1]Ages 2010'!J50/'[1]Ages 2010'!$C$50 -> 0 | K50: ='[1]Ages 2010'!K50/'[1]Ages 2010'!$C$50 -> 0 | ... AB50: ='[1]Ages 2010'!AB50/'[1]Ages 2010'!$C$50 -> 0
B51: 49 | C51: =SUM(D51:AA51) -> 1 | D51: ='[1]Ages 2010'!D51/'[1]Ages 2010'!$C$51 -> 0 | E51: ='[1]Ages 2010'!E51/'[1]Ages 2010'!$C$51 -> 0 | F51: ='[1]Ages 2010'!F51/'[1]Ages 2010'!$C$51 -> 0 | G51: ='[1]Ages 2010'!G51/'[1]Ages 2010'!$C$51 -> 0 | H51: ='[1]Ages 2010'!H51/'[1]Ages 2010'!$C$51 -> 0 | I51: ='[1]Ages 2010'!I51/'[1]Ages 2010'!$C$51 -> 0 | J51: ='[1]Ages 2010'!J51/'[1]Ages 2010'!$C$51 -> 0 | K51: ='[1]Ages 2010'!K51/'[1]Ages 2010'!$C$51 -> 0 | ... AB51: ='[1]Ages 2010'!AB51/'[1]Ages 2010'!$C$51 -> 0
B52: 50 | C52: =SUM(D52:AA52) -> 1 | D52: ='[1]Ages 2010'!D52/'[1]Ages 2010'!$C$52 -> 0 | E52: ='[1]Ages 2010'!E52/'[1]Ages 2010'!$C$52 -> 0 | F52: ='[1]Ages 2010'!F52/'[1]Ages 2010'!$C$52 -> 0 | G52: ='[1]Ages 2010'!G52/'[1]Ages 2010'!$C$52 -> 0 | H52: ='[1]Ages 2010'!H52/'[1]Ages 2010'!$C$52 -> 0 | I52: ='[1]Ages 2010'!I52/'[1]Ages 2010'!$C$52 -> 0 | J52: ='[1]Ages 2010'!J52/'[1]Ages 2010'!$C$52 -> 0 | K52: ='[1]Ages 2010'!K52/'[1]Ages 2010'!$C$52 -> 0 | ... AB52: ='[1]Ages 2010'!AB52/'[1]Ages 2010'!$C$52 -> 0
B53: 51 | C53: =SUM(D53:AA53) -> 1 | D53: ='[1]Ages 2010'!D53/'[1]Ages 2010'!$C$53 -> 0 | E53: ='[1]Ages 2010'!E53/'[1]Ages 2010'!$C$53 -> 0 | F53: ='[1]Ages 2010'!F53/'[1]Ages 2010'!$C$53 -> 0 | G53: ='[1]Ages 2010'!G53/'[1]Ages 2010'!$C$53 -> 0 | H53: ='[1]Ages 2010'!H53/'[1]Ages 2010'!$C$53 -> 0 | I53: ='[1]Ages 2010'!I53/'[1]Ages 2010'!$C$53 -> 0 | J53: ='[1]Ages 2010'!J53/'[1]Ages 2010'!$C$53 -> 0 | K53: ='[1]Ages 2010'!K53/'[1]Ages 2010'!$C$53 -> 0 | ... AB53: ='[1]Ages 2010'!AB53/'[1]Ages 2010'!$C$53 -> 0
B54: 52 | C54: =SUM(D54:AA54) -> 1 | D54: ='[1]Ages 2010'!D54/'[1]Ages 2010'!$C$54 -> 0 | E54: ='[1]Ages 2010'!E54/'[1]Ages 2010'!$C$54 -> 0 | F54: ='[1]Ages 2010'!F54/'[1]Ages 2010'!$C$54 -> 0 | G54: ='[1]Ages 2010'!G54/'[1]Ages 2010'!$C$54 -> 0 | H54: ='[1]Ages 2010'!H54/'[1]Ages 2010'!$C$54 -> 0 | I54: ='[1]Ages 2010'!I54/'[1]Ages 2010'!$C$54 -> 0 | J54: ='[1]Ages 2010'!J54/'[1]Ages 2010'!$C$54 -> 0 | K54: ='[1]Ages 2010'!K54/'[1]Ages 2010'!$C$54 -> 0 | ... AB54: ='[1]Ages 2010'!AB54/'[1]Ages 2010'!$C$54 -> 0
B55: 53 | C55: =SUM(D55:AA55) -> 1 | D55: ='[1]Ages 2010'!D55/'[1]Ages 2010'!$C$55 -> 0 | E55: ='[1]Ages 2010'!E55/'[1]Ages 2010'!$C$55 -> 0 | F55: ='[1]Ages 2010'!F55/'[1]Ages 2010'!$C$55 -> 0 | G55: ='[1]Ages 2010'!G55/'[1]Ages 2010'!$C$55 -> 0 | H55: ='[1]Ages 2010'!H55/'[1]Ages 2010'!$C$55 -> 0 | I55: ='[1]Ages 2010'!I55/'[1]Ages 2010'!$C$55 -> 0 | J55: ='[1]Ages 2010'!J55/'[1]Ages 2010'!$C$55 -> 0 | K55: ='[1]Ages 2010'!K55/'[1]Ages 2010'!$C$55 -> 0 | ... AB55: ='[1]Ages 2010'!AB55/'[1]Ages 2010'!$C$55 -> 0
B56: 54 | C56: =SUM(D56:AA56) -> 1 | D56: ='[1]Ages 2010'!D56/'[1]Ages 2010'!$C$56 -> 0 | E56: ='[1]Ages 2010'!E56/'[1]Ages 2010'!$C$56 -> 0 | F56: ='[1]Ages 2010'!F56/'[1]Ages 2010'!$C$56 -> 0 | G56: ='[1]Ages 2010'!G56/'[1]Ages 2010'!$C$56 -> 0 | H56: ='[1]Ages 2010'!H56/'[1]Ages 2010'!$C$56 -> 0 | I56: ='[1]Ages 2010'!I56/'[1]Ages 2010'!$C$56 -> 0 | J56: ='[1]Ages 2010'!J56/'[1]Ages 2010'!$C$56 -> 0 | K56: ='[1]Ages 2010'!K56/'[1]Ages 2010'!$C$56 -> 0 | ... AB56: ='[1]Ages 2010'!AB56/'[1]Ages 2010'!$C$56 -> 0
B57: 55 | C57: =SUM(D57:AA57) -> 1 | D57: ='[1]Ages 2010'!D57/'[1]Ages 2010'!$C$57 -> 0 | E57: ='[1]Ages 2010'!E57/'[1]Ages 2010'!$C$57 -> 0 | F57: ='[1]Ages 2010'!F57/'[1]Ages 2010'!$C$57 -> 0 | G57: ='[1]Ages 2010'!G57/'[1]Ages 2010'!$C$57 -> 0 | H57: ='[1]Ages 2010'!H57/'[1]Ages 2010'!$C$57 -> 0 | I57: ='[1]Ages 2010'!I57/'[1]Ages 2010'!$C$57 -> 0 | J57: ='[1]Ages 2010'!J57/'[1]Ages 2010'!$C$57 -> 0 | K57: ='[1]Ages 2010'!K57/'[1]Ages 2010'!$C$57 -> 0 | ... AB57: ='[1]Ages 2010'!AB57/'[1]Ages 2010'!$C$57 -> 0
B58: 56 | C58: =SUM(D58:AA58) -> 1 | D58: ='[1]Ages 2010'!D58/'[1]Ages 2010'!$C$58 -> 0 | E58: ='[1]Ages 2010'!E58/'[1]Ages 2010'!$C$58 -> 0 | F58: ='[1]Ages 2010'!F58/'[1]Ages 2010'!$C$58 -> 0 | G58: ='[1]Ages 2010'!G58/'[1]Ages 2010'!$C$58 -> 0 | H58: ='[1]Ages 2010'!H58/'[1]Ages 2010'!$C$58 -> 0 | I58: ='[1]Ages 2010'!I58/'[1]Ages 2010'!$C$58 -> 0 | J58: ='[1]Ages 2010'!J58/'[1]Ages 2010'!$C$58 -> 0 | K58: ='[1]Ages 2010'!K58/'[1]Ages 2010'!$C$58 -> 0 | ... AB58: ='[1]Ages 2010'!AB58/'[1]Ages 2010'!$C$58 -> 0
B59: 57 | C59: =SUM(D59:AA59) -> 1 | D59: ='[1]Ages 2010'!D59/'[1]Ages 2010'!$C$59 -> 0 | E59: ='[1]Ages 2010'!E59/'[1]Ages 2010'!$C$59 -> 0 | F59: ='[1]Ages 2010'!F59/'[1]Ages 2010'!$C$59 -> 0 | G59: ='[1]Ages 2010'!G59/'[1]Ages 2010'!$C$59 -> 0 | H59: ='[1]Ages 2010'!H59/'[1]Ages 2010'!$C$59 -> 0 | I59: ='[1]Ages 2010'!I59/'[1]Ages 2010'!$C$59 -> 0 | J59: ='[1]Ages 2010'!J59/'[1]Ages 2010'!$C$59 -> 0 | K59: ='[1]Ages 2010'!K59/'[1]Ages 2010'!$C$59 -> 0 | ... AB59: ='[1]Ages 2010'!AB59/'[1]Ages 2010'!$C$59 -> 0
B60: 58 | C60: =SUM(D60:AA60) -> 1 | D60: ='[1]Ages 2010'!D60/'[1]Ages 2010'!$C$60 -> 0 | E60: ='[1]Ages 2010'!E60/'[1]Ages 2010'!$C$60 -> 0 | F60: ='[1]Ages 2010'!F60/'[1]Ages 2010'!$C$60 -> 0 | G60: ='[1]Ages 2010'!G60/'[1]Ages 2010'!$C$60 -> 0 | H60: ='[1]Ages 2010'!H60/'[1]Ages 2010'!$C$60 -> 0 | I60: ='[1]Ages 2010'!I60/'[1]Ages 2010'!$C$60 -> 0 | J60: ='[1]Ages 2010'!J60/'[1]Ages 2010'!$C$60 -> 0 | K60: ='[1]Ages 2010'!K60/'[1]Ages 2010'!$C$60 -> 0 | ... AB60: ='[1]Ages 2010'!AB60/'[1]Ages 2010'!$C$60 -> 0
B61: 59 | C61: =SUM(D61:AA61) -> 1 | D61: ='[1]Ages 2010'!D61/'[1]Ages 2010'!$C$61 -> 0 | E61: ='[1]Ages 2010'!E61/'[1]Ages 2010'!$C$61 -> 0 | F61: ='[1]Ages 2010'!F61/'[1]Ages 2010'!$C$61 -> 0 | G61: ='[1]Ages 2010'!G61/'[1]Ages 2010'!$C$61 -> 0 | H61: ='[1]Ages 2010'!H61/'[1]Ages 2010'!$C$61 -> 0 | I61: ='[1]Ages 2010'!I61/'[1]Ages 2010'!$C$61 -> 0 | J61: ='[1]Ages 2010'!J61/'[1]Ages 2010'!$C$61 -> 0 | K61: ='[1]Ages 2010'!K61/'[1]Ages 2010'!$C$61 -> 0 | ... AB61: ='[1]Ages 2010'!AB61/'[1]Ages 2010'!$C$61 -> 0
B62: 60 | C62: =SUM(D62:AA62) -> 1 | D62: ='[1]Ages 2010'!D62/'[1]Ages 2010'!$C$62 -> 0 | E62: ='[1]Ages 2010'!E62/'[1]Ages 2010'!$C$62 -> 0 | F62: ='[1]Ages 2010'!F62/'[1]Ages 2010'!$C$62 -> 0 | G62: ='[1]Ages 2010'!G62/'[1]Ages 2010'!$C$62 -> 0 | H62: ='[1]Ages 2010'!H62/'[1]Ages 2010'!$C$62 -> 0 | I62: ='[1]Ages 2010'!I62/'[1]Ages 2010'!$C$62 -> 0 | J62: ='[1]Ages 2010'!J62/'[1]Ages 2010'!$C$62 -> 0 | K62: ='[1]Ages 2010'!K62/'[1]Ages 2010'!$C$62 -> 0 | ... AB62: ='[1]Ages 2010'!AB62/'[1]Ages 2010'!$C$62 -> 0
B63: 61 | C63: =SUM(D63:AA63) -> 1 | D63: ='[1]Ages 2010'!D63/'[1]Ages 2010'!$C$63 -> 0 | E63: ='[1]Ages 2010'!E63/'[1]Ages 2010'!$C$63 -> 0 | F63: ='[1]Ages 2010'!F63/'[1]Ages 2010'!$C$63 -> 0 | G63: ='[1]Ages 2010'!G63/'[1]Ages 2010'!$C$63 -> 0 | H63: ='[1]Ages 2010'!H63/'[1]Ages 2010'!$C$63 -> 0 | I63: ='[1]Ages 2010'!I63/'[1]Ages 2010'!$C$63 -> 0 | J63: ='[1]Ages 2010'!J63/'[1]Ages 2010'!$C$63 -> 0 | K63: ='[1]Ages 2010'!K63/'[1]Ages 2010'!$C$63 -> 0 | ... AB63: ='[1]Ages 2010'!AB63/'[1]Ages 2010'!$C$63 -> 0
B64: 62 | C64: =SUM(D64:AA64) -> 1 | D64: ='[1]Ages 2010'!D64/'[1]Ages 2010'!$C$64 -> 0 | E64: ='[1]Ages 2010'!E64/'[1]Ages 2010'!$C$64 -> 0 | F64: ='[1]Ages 2010'!F64/'[1]Ages 2010'!$C$64 -> 0 | G64: ='[1]Ages 2010'!G64/'[1]Ages 2010'!$C$64 -> 0 | H64: ='[1]Ages 2010'!H64/'[1]Ages 2010'!$C$64 -> 0 | I64: ='[1]Ages 2010'!I64/'[1]Ages 2010'!$C$64 -> 0 | J64: ='[1]Ages 2010'!J64/'[1]Ages 2010'!$C$64 -> 0 | K64: ='[1]Ages 2010'!K64/'[1]Ages 2010'!$C$64 -> 0 | ... AB64: ='[1]Ages 2010'!AB64/'[1]Ages 2010'!$C$64 -> 0
B65: 63 | C65: =SUM(D65:AA65) -> 1 | D65: ='[1]Ages 2010'!D65/'[1]Ages 2010'!$C$65 -> 0 | E65: ='[1]Ages 2010'!E65/'[1]Ages 2010'!$C$65 -> 0 | F65: ='[1]Ages 2010'!F65/'[1]Ages 2010'!$C$65 -> 0 | G65: ='[1]Ages 2010'!G65/'[1]Ages 2010'!$C$65 -> 0 | H65: ='[1]Ages 2010'!H65/'[1]Ages 2010'!$C$65 -> 0 | I65: ='[1]Ages 2010'!I65/'[1]Ages 2010'!$C$65 -> 0 | J65: ='[1]Ages 2010'!J65/'[1]Ages 2010'!$C$65 -> 0 | K65: ='[1]Ages 2010'!K65/'[1]Ages 2010'!$C$65 -> 0 | ... AB65: ='[1]Ages 2010'!AB65/'[1]Ages 2010'!$C$65 -> 0
B66: 64 | C66: =SUM(D66:AA66) -> 1 | D66: ='[1]Ages 2010'!D66/'[1]Ages 2010'!$C$66 -> 0 | E66: ='[1]Ages 2010'!E66/'[1]Ages 2010'!$C$66 -> 0 | F66: ='[1]Ages 2010'!F66/'[1]Ages 2010'!$C$66 -> 0 | G66: ='[1]Ages 2010'!G66/'[1]Ages 2010'!$C$66 -> 0 | H66: ='[1]Ages 2010'!H66/'[1]Ages 2010'!$C$66 -> 0 | I66: ='[1]Ages 2010'!I66/'[1]Ages 2010'!$C$66 -> 0 | J66: ='[1]Ages 2010'!J66/'[1]Ages 2010'!$C$66 -> 0 | K66: ='[1]Ages 2010'!K66/'[1]Ages 2010'!$C$66 -> 0 | ... AB66: ='[1]Ages 2010'!AB66/'[1]Ages 2010'!$C$66 -> 0
B67: 65 | C67: =SUM(D67:AA67) -> 0 | D67: ='[1]Ages 2010'!D67/'[1]Ages 2010'!$C$66 -> 0 | E67: ='[1]Ages 2010'!E67/'[1]Ages 2010'!$C$66 -> 0 | F67: ='[1]Ages 2010'!F67/'[1]Ages 2010'!$C$66 -> 0 | G67: ='[1]Ages 2010'!G67/'[1]Ages 2010'!$C$66 -> 0 | H67: ='[1]Ages 2010'!H67/'[1]Ages 2010'!$C$66 -> 0 | I67: ='[1]Ages 2010'!I67/'[1]Ages 2010'!$C$66 -> 0 | J67: ='[1]Ages 2010'!J67/'[1]Ages 2010'!$C$66 -> 0 | K67: ='[1]Ages 2010'!K67/'[1]Ages 2010'!$C$66 -> 0 | ... AB67: ='[1]Ages 2010'!AB67/'[1]Ages 2010'!$C$66 -> 0
B68: 66 | C68: =SUM(D68:AA68) -> 0 | D68: ='[1]Ages 2010'!D68/'[1]Ages 2010'!$C$66 -> 0 | E68: ='[1]Ages 2010'!E68/'[1]Ages 2010'!$C$66 -> 0 | F68: ='[1]Ages 2010'!F68/'[1]Ages 2010'!$C$66 -> 0 | G68: ='[1]Ages 2010'!G68/'[1]Ages 2010'!$C$66 -> 0 | H68: ='[1]Ages 2010'!H68/'[1]Ages 2010'!$C$66 -> 0 | I68: ='[1]Ages 2010'!I68/'[1]Ages 2010'!$C$66 -> 0 | J68: ='[1]Ages 2010'!J68/'[1]Ages 2010'!$C$66 -> 0 | K68: ='[1]Ages 2010'!K68/'[1]Ages 2010'!$C$66 -> 0 | ... AB68: ='[1]Ages 2010'!AB68/'[1]Ages 2010'!$C$66 -> 0
B70: TOTAL

Sheet China Catch-at-length
B2: 2000 | C2: 2001 | D2: 2002 | E2: 2003 | F2: 2004 | G2: 2005 | H2: 2006 | I2: 2007 | J2: 2008 | K2: 2009 | L2: 2010 | N2: 1000
A3: 10 | B3: 0 | C3: 0 | D3: 0 | E3: 0 | H3: 0 | I3: 0 | J3: 0 | K3: 0 | L3: 0 | N3: 2000 | O3: {=MMULT(TRANSPOSE(B10:B53),'2000'!U5:AE48)} -> 0.12982632 | P3: 0.25653335 | Q3: 0.36748109 | R3: 0.34904976 | S3: 0.27049975 | T3: 0.18948879 | U3: 0.12887894 | V3: 0.09903367 | W3: 0.07086016 | X3: 0.044312113 | Y3: 0.028417632
A4: 11 | B4: 0 | C4: 0 | D4: 0.26475677 | E4: 0 | H4: 0 | I4: 0 | J4: 0 | K4: 0 | L4: 0 | N4: 2001 | O4: =[2]CHinaSlice!V97 -> 0.0082758621 | P4: =[2]CHinaSlice!W97 -> 0.3497931 | Q4: =[2]CHinaSlice!X97 -> 0.42565517 | R4: =[2]CHinaSlice!Y97 -> 0.12937931 | S4: =[2]CHinaSlice!Z97 -> 0.040275862 | T4: =[2]CHinaSlice!AA97 -> 0.020413793 | U4: =[2]CHinaSlice!AB97 -> 0.012689655 | V4: =[2]CHinaSlice!AC97 -> 0.0071724138 | ... Y4: =[2]CHinaSlice!AF97 -> 0.0016551724
A5: 12 | B5: 0 | C5: 0 | D5: 0.52951353 | E5: 0 | H5: 0 | I5: 0 | J5: 0 | K5: 0 | L5: 0 | N5: 2002 | O5: {=MMULT(TRANSPOSE(D10:D53),'2002'!U5:AE48)} -> 26.343298 | P5: 21.848273 | Q5: 29.357773 | R5: 28.035623 | S5: 20.059345 | T5: 8.2294265 | U5: 1.8123907 | V5: 0.61977152 | W5: 0.28376494 | X5: 0.18817423 | Y5: 0.10830959
A6: 13 | B6: 0 | C6: 0 | D6: 1.5885406 | E6: 0 | H6: 0 | I6: 0 | J6: 0 | K6: 0 | L6: 0 | N6: 2003 | O6: =[2]CHinaSlice!V99 -> 0.041237113 | P6: =[2]CHinaSlice!W99 -> 0.84879725 | Q6: =[2]CHinaSlice!X99 -> 0.10652921 | R6: =[2]CHinaSlice!Y99 -> 0.0034364261 | S6: =[2]CHinaSlice!Z99 -> 0 | T6: =[2]CHinaSlice!AA99 -> 0 | U6: =[2]CHinaSlice!AB99 -> 0 | V6: =[2]CHinaSlice!AC99 -> 0 | ... Y6: =[2]CHinaSlice!AF99 -> 0
A7: 14 | B7: 0 | C7: 0 | D7: 1.5885406 | E7: 0 | H7: 0 | I7: 0 | J7: 0 | K7: 0 | L7: 0 | N7: 2004 | O7: 0 | P7: 0 | Q7: 0 | R7: 0 | S7: 0 | T7: 0 | U7: 0 | V7: 0 | W7: 0 | X7: 0 | Y7: 0
A8: 15 | B8: 0 | C8: 0 | D8: 2.1180541 | E8: 0 | H8: 0 | I8: 0 | J8: 0 | K8: 0 | L8: 0 | N8: 2005 | O8: 0 | P8: 0 | Q8: 0 | R8: 0 | S8: 0 | T8: 0 | U8: 0 | V8: 0 | W8: 0 | X8: 0 | Y8: 0
A9: 16 | B9: 0 | C9: 0 | D9: 1.3237838 | E9: 1.5937128 | H9: 0 | I9: 0 | J9: 0 | K9: 0 | L9: 0 | N9: 2006 | O9: {=MMULT(TRANSPOSE(H10:H53),'2006'!U5:AE48)} -> 0 | P9: 0 | Q9: 16.583752 | R9: 36.825212 | S9: 39.754523 | T9: 31.59239 | U9: 17.525041 | V9: 9.1892296 | W9: 2.2362181 | X9: 1.0992269 | Y9: 0.91897619
A10: 17 | B10: 0 | C10: 0 | D10: 0 | E10: 0 | H10: 0 | I10: 0 | J10: 0 | K10: 0.094537558 | L10: 0 | N10: 2007 | O10: {=MMULT(TRANSPOSE(I10:I53),'2007'!U5:AE48)} -> 0 | P10: 0 | Q10: 0 | R10: 2.2225632 | S10: 6.6100896 | T10: 11.335767 | U10: 14.29526 | V10: 12.110348 | W10: 6.2705914 | X10: 3.7983811 | Y10: 2.0979735
A11: 18 | B11: 0 | C11: 0 | D11: 0 | E11: 0 | H11: 0 | I11: 0 | J11: 0 | K11: 0.047268779 | L11: 0 | N11: 2008 | O11: {=MMULT(TRANSPOSE(J10:J53),'2008'!U5:AE48)} -> 0 | P11: 0.11731674 | Q11: 3.2281877 | R11: 7.5110386 | S11: 14.91329 | T11: 16.402929 | U11: 13.381209 | V11: 7.6032424 | W11: 4.5983276 | X11: 2.7702475 | Y11: 2.4316562
A12: 19 | B12: 0 | C12: 0 | D12: 2.3828109 | E12: 0 | H12: 0 | I12: 0 | J12: 0 | K12: 0.047268779 | L12: 0.7401291 | N12: 2009 | O12: {=MMULT(TRANSPOSE(K10:K53),'2009'!U5:AE48)} -> 0.11817195 | P12: 0.20524601 | Q12: 0.24496524 | R12: 1.2086802 | S12: 7.0233316 | T12: 9.9355069 | U12: 12.641298 | V12: 9.7962831 | W12: 5.8471312 | X12: 2.8717279 | Y12: 1.3612131
A13: 20 | B13: 0 | C13: 0 | D13: 5.5598921 | E13: 0 | H13: 0 | I13: 0 | J13: 0 | K13: 0.14180634 | L13: 4.1235764 | N13: 2010 | O13: {=MMULT(TRANSPOSE(L10:L53),'2010'!U5:AE48)} -> 6.8461942 | P13: 5.1624424 | Q13: 1.4141126 | R13: 0.45185332 | S13: 1.5417601 | T13: 4.2013929 | U13: 6.2644382 | V13: 4.545727 | W13: 1.5591172 | X13: 0.81673784 | Y13: 0.30209351
A14: 21 | B14: 0 | C14: 0 | D14: 6.8836759 | E14: 0 | H14: 0 | I14: 0 | J14: 0 | K14: 0.047268779 | L14: 7.6127565
A15: 22 | B15: 0 | C15: 0.066554916 | D15: 4.7656218 | E15: 3.1874257 | H15: 0 | I15: 0 | J15: 0 | K15: 0 | L15: 8.2471528 | N15: =N3 -> 2000 | O15: =(O3)*1000 -> 129.82632 | P15: =(P3)*1000 -> 256.53335 | Q15: =(Q3)*1000 -> 367.48109 | R15: =(R3)*1000 -> 349.04976 | S15: =(S3)*1000 -> 270.49975 | T15: =(T3)*1000 -> 189.48879 | U15: =(U3)*1000 -> 128.87894 | V15: =(V3)*1000 -> 99.03367 | ... Y15: =(Y3)*1000 -> 28.417632
A16: 23 | B16: 0.011613398 | C16: 0.43260695 | D16: 11.384541 | E16: 15.937128 | H16: 0 | I16: 0 | J16: 0 | K16: 0.28361267 | L16: 7.7184892 | N16: =N4 -> 2001 | O16: =(O4)*1000 -> 8.2758621 | P16: =(P4)*1000 -> 349.7931 | Q16: =(Q4)*1000 -> 425.65517 | R16: =(R4)*1000 -> 129.37931 | S16: =(S4)*1000 -> 40.275862 | T16: =(T4)*1000 -> 20.413793 | U16: =(U4)*1000 -> 12.689655 | V16: =(V4)*1000 -> 7.1724138 | ... Y16: =(Y4)*1000 -> 1.6551724
A17: 24 | B17: 0.077422652 | C17: 0.49916187 | D17: 32.829839 | E17: 55.779949 | H17: 0 | I17: 0 | J17: 0 | K17: 0.33088145 | L17: 4.7579728 | N17: =N5 -> 2002 | O17: =(O5)*O321000 -> 0 | P17: =(P5)*1000 -> 21848.273 | Q17: =(Q5)*1000 -> 29357.773 | R17: =(R5)*1000 -> 28035.623 | S17: =(S5)*1000 -> 20059.345 | T17: =(T5)*1000 -> 8229.4265 | U17: =(U5)*1000 -> 1812.3907 | V17: =(V5)*1000 -> 619.77152 | W17: =(W5)*1000 -> 283.76494 | ... Y17: =(Y5)*1000 -> 108.30959
A18: 25 | B18: 0.15290974 | C18: 0.83193645 | D18: 41.566812 | E18: 94.029058 | H18: 0 | I18: 0 | J18: 0 | K18: 0.80356924 | L18: 2.2203873 | N18: =N6 -> 2003 | O18: =(O6)*1000 -> 41.237113 | P18: =(P6)*1000 -> 848.79725 | Q18: =(Q6)*1000 -> 106.52921 | R18: =(R6)*1000 -> 3.4364261 | S18: =(S6)*1000 -> 0 | T18: =(T6)*1000 -> 0 | U18: =(U6)*1000 -> 0 | V18: =(V6)*1000 -> 0 | ... Y18: =(Y6)*1000 -> 0
A19: 26 | B19: 0.34065967 | C19: 3.6106042 | D19: 69.895786 | E19: 87.654206 | H19: 0 | I19: 0 | J19: 0 | K19: 0.33088145 | L19: 1.6917237 | N19: =N7 -> 2004 | O19: =(O7)*1000 -> 0 | P19: =(P7)*1000 -> 0 | Q19: =(Q7)*1000 -> 0 | R19: =(R7)*1000 -> 0 | S19: =(S7)*1000 -> 0 | T19: =(T7)*1000 -> 0 | U19: =(U7)*1000 -> 0 | V19: =(V7)*1000 -> 0 | ... Y19: =(Y7)*1000 -> 0
A20: 27 | B20: 0.64841471 | C20: 7.9533124 | D20: 43.949623 | E20: 84.466781 | H20: 0.31148239 | I20: 0 | J20: 0 | K20: 0.094537558 | L20: 0.31719819 | N20: =N8 -> 2005 | O20: =(O8)*1000 -> 0 | P20: =(P8)*1000 -> 0 | Q20: =(Q8)*1000 -> 0 | R20: =(R8)*1000 -> 0 | S20: =(S8)*1000 -> 0 | T20: =(T8)*1000 -> 0 | U20: =(U8)*1000 -> 0 | V20: =(V8)*1000 -> 0 | ... Y20: =(Y8)*1000 -> 0
A21: 28 | B21: 0.60196112 | C21: 8.2028934 | D21: 36.271677 | E21: 71.717078 | H21: 1.2459296 | I21: 0 | J21: 0.23463349 | K21: 0.047268779 | L21: 0.52866364 | N21: =N9 -> 2006 | O21: =(O9)*1000 -> 0 | P21: =(P9)*1000 -> 0 | Q21: =(Q9)*1000 -> 16583.752 | R21: =(R9)*1000 -> 36825.212 | S21: =(S9)*1000 -> 39754.523 | T21: =(T9)*1000 -> 31592.39 | U21: =(U9)*1000 -> 17525.041 | V21: =(V9)*1000 -> 9189.2296 | ... Y21: =(Y9)*1000 -> 918.97619
A22: 29 | B22: 0.40646892 | C22: 7.9865899 | D22: 26.21092 | E22: 31.874257 | H22: 14.172449 | I22: 0 | J22: 1.8770679 | K22: 0 | L22: 0.21146546 | N22: =N10 -> 2007 | O22: =(O10)*1000 -> 0 | P22: =(P10)*1000 -> 0 | Q22: =(Q10)*1000 -> 0 | R22: =(R10)*1000 -> 2222.5632 | S22: =(S10)*1000 -> 6610.0896 | T22: =(T10)*1000 -> 11335.767 | U22: =(U10)*1000 -> 14295.26 | V22: =(V10)*1000 -> 12110.348 | ... Y22: =(Y10)*1000 -> 2097.9735
A23: 30 | B23: 0.37743543 | C23: 7.6371766 | D23: 12.708325 | E23: 11.15599 | H23: 47.656805 | I23: 0 | J23: 2.2290181 | K23: 0.047268779 | L23: 0 | N23: =N11 -> 2008 | O23: =(O11)*1000 -> 0 | P23: =(P11)*1000 -> 117.31674 | Q23: =(Q11)*1000 -> 3228.1877 | R23: =(R11)*1000 -> 7511.0386 | S23: =(S11)*1000 -> 14913.29 | T23: =(T11)*1000 -> 16402.929 | U23: =(U11)*1000 -> 13381.209 | V23: =(V11)*1000 -> 7603.2424 | ... Y23: =(Y11)*1000 -> 2431.6562
A24: 31 | B24: 0.27291485 | C24: 5.7403615 | D24: 10.855027 | E24: 1.5937128 | H24: 76.001703 | I24: 1.3379609 | J24: 5.513887 | K24: 0 | L24: 0 | N24: =N12 -> 2009 | O24: =(O12)*1000 -> 118.17195 | P24: =(P12)*1000 -> 205.24601 | Q24: =(Q12)*1000 -> 244.96524 | R24: =(R12)*1000 -> 1208.6802 | S24: =(S12)*1000 -> 7023.3316 | T24: =(T12)*1000 -> 9935.5069 | U24: =(U12)*1000 -> 12641.298 | V24: =(V12)*1000 -> 9796.2831 | ... Y24: =(Y12)*1000 -> 1361.2131
A25: 32 | B25: 0.19936333 | C25: 4.3094308 | D25: 7.1484327 | E25: 4.7811385 | H25: 77.403374 | I25: 6.6898045 | J25: 15.13386 | K25: 0 | L25: 0 | N25: =N13 -> 2010 | O25: =(O13)*1000 -> 6846.1942 | P25: =(P13)*1000 -> 5162.4424 | Q25: =(Q13)*1000 -> 1414.1126 | R25: =(R13)*1000 -> 451.85332 | S25: =(S13)*1000 -> 1541.7601 | T25: =(T13)*1000 -> 4201.3929 | U25: =(U13)*1000 -> 6264.4382 | V25: =(V13)*1000 -> 4545.727 | ... Y25: =(Y13)*1000 -> 302.09351
A26: 33 | B26: 0.22065456 | C26: 3.1114423 | D26: 6.3541624 | E26: 0 | H26: 58.71443 | I26: 11.038177 | J26: 20.999697 | K26: 0.047268779 | L26: 0
A27: 34 | B27: 0.1490386 | C27: 1.9966475 | D27: 1.8532974 | E27: 0 | H27: 35.353251 | I27: 11.707158 | J27: 19.943847 | K27: 0.70903168 | L27: 0
A28: 35 | B28: 0.15097417 | C28: 1.5806792 | D28: 1.3237838 | E28: 1.5937128 | H28: 20.713579 | I28: 14.048589 | J28: 22.290181 | K28: 8.8392616 | L28: 0
A29: 36 | B29: 0.090971616 | C29: 1.1147948 | D29: 2.1180541 | E29: 0 | H29: 18.533202 | I29: 15.721041 | J29: 19.943847 | K29: 32.473651 | L29: 1.3745255
A30: 37 | B30: 0.092907182 | C30: 0.69882661 | D30: 2.1180541 | E30: 0 | H30: 10.901884 | I30: 23.748806 | J30: 24.049933 | K30: 32.615457 | L30: 8.6700837
A31: 38 | B31: 0.12774738 | C31: 0.61563297 | D31: 0.52951353 | E31: 0 | H31: 7.0083537 | I31: 21.741865 | J31: 24.284566 | K31: 26.234172 | L31: 14.696849
A32: 39 | B32: 0.13161851 | C32: 0.68218789 | D32: 0.7942703 | E32: 0 | H32: 8.5657657 | I32: 18.731453 | J32: 14.312643 | K32: 17.300373 | L32: 12.79366
A33: 40 | B33: 0.13548964 | C33: 0.43260695 | D33: 1.3237838 | E33: 0 | H33: 3.5820475 | I33: 18.731453 | J33: 8.2121721 | K33: 13.235258 | L33: 8.2471528
A34: 41 | B34: 0.12581181 | C34: 0.46588441 | D34: 1.5885406 | E34: 0 | H34: 4.827977 | I34: 14.38308 | J34: 9.2680228 | K34: 10.682744 | L34: 5.075171
A35: 42 | B35: 0.11806954 | C35: 0.39932949 | D35: 0.7942703 | E35: 0 | H35: 3.1148239 | I35: 11.372668 | J35: 9.8546065 | K35: 8.2720363 | L35: 5.075171
A36: 43 | B36: 0.096778315 | C36: 0.36605204 | D36: 0.26475677 | E36: 0 | H36: 3.7377887 | I36: 10.034707 | J36: 7.6255884 | K36: 7.2793919 | L36: 3.2777146
A37: 44 | B37: 0.094842748 | C37: 0.36605204 | D37: 0.52951353 | E37: 0 | H37: 1.2459296 | I37: 9.7002166 | J37: 4.8099865 | K37: 5.1995657 | L37: 2.8547837
... A55: 62 | B55: 0.0019355663 | C55: 0 | D55: 0 | E55: 0 | H55: 0 | I55: 0 | J55: 0 | K55: 0 | L55: 0
B57: =SUM(B3:B55) -> 5.1040883 | C57: =SUM(C3:C55) -> 60.315392 | D57: =SUM(D3:D55) -> 340.74196 | E57: =SUM(E3:E55) -> 465.36415 | F57: =SUM(F3:F55) -> 0 | G57: =SUM(G3:G55) -> 0 | H57: =SUM(H3:H55) -> 397.14005 | I57: =SUM(I3:I55) -> 213.40476 | ... L57: =SUM(L3:L55) -> 115.56587

Sheet 2010
B2: CLAVE EDAD-TALLA JUREL 2010
B4: L.H. | C4: II | D4: III | E4: IV | F4: V | G4: VI | H4: VII | I4: VIII | J4: IX | K4: X | L4: XI | M4: XII | N4: XIII | O4: Total | U4: 2 | V4: 3 | W4: 4 | X4: 5 | Y4: 6 | Z4: 7 | AA4: 8 | AB4: 9 | AC4: 10 | AD4: 11 | AE4: 12
B5: =B6-1 -> 17 | T5: =B5 -> 17 | U5: =C5/C$49 -> 0 | V5: =D5/D$49 -> 0 | W5: =E5/E$49 -> 0 | X5: =F5/F$49 -> 0 | Y5: =G5/G$49 -> 0 | Z5: =H5/H$49 -> 0 | AA5: =I5/I$49 -> 0 | AB5: =J5/J$49 -> 0 | ... AE5: =M5/M$49 -> 0
B6: =B7-1 -> 18 | T6: =B6 -> 18 | U6: =C6/C$49 -> 0 | V6: =D6/D$49 -> 0 | W6: =E6/E$49 -> 0 | X6: =F6/F$49 -> 0 | Y6: =G6/G$49 -> 0 | Z6: =H6/H$49 -> 0 | AA6: =I6/I$49 -> 0 | AB6: =J6/J$49 -> 0 | ... AE6: =M6/M$49 -> 0
B7: =B8-1 -> 19 | T7: =B7 -> 19 | U7: =C7/C$49 -> 0 | V7: =D7/D$49 -> 0 | W7: =E7/E$49 -> 0 | X7: =F7/F$49 -> 0 | Y7: =G7/G$49 -> 0 | Z7: =H7/H$49 -> 0 | AA7: =I7/I$49 -> 0 | AB7: =J7/J$49 -> 0 | ... AE7: =M7/M$49 -> 0
B8: =B9-1 -> 20 | C8: 2 | D8: 4 | O8: =SUM(C8:N8) -> 6 | T8: =B8 -> 20 | U8: =C8/C$49 -> 0.25 | V8: =D8/D$49 -> 0.031746032 | W8: =E8/E$49 -> 0 | X8: =F8/F$49 -> 0 | Y8: =G8/G$49 -> 0 | Z8: =H8/H$49 -> 0 | AA8: =I8/I$49 -> 0 | AB8: =J8/J$49 -> 0 | ... AE8: =M8/M$49 -> 0
B9: =B10-1 -> 21 | C9: 3 | D9: 10 | E9: 1 | O9: =SUM(C9:N9) -> 14 | T9: =B9 -> 21 | U9: =C9/C$49 -> 0.375 | V9: =D9/D$49 -> 0.079365079 | W9: =E9/E$49 -> 0.0047393365 | X9: =F9/F$49 -> 0 | Y9: =G9/G$49 -> 0 | Z9: =H9/H$49 -> 0 | AA9: =I9/I$49 -> 0 | AB9: =J9/J$49 -> 0 | ... AE9: =M9/M$49 -> 0
B10: =B11-1 -> 22 | C10: 1 | D10: 20 | O10: =SUM(C10:N10) -> 21 | T10: =B10 -> 22 | U10: =C10/C$49 -> 0.125 | V10: =D10/D$49 -> 0.15873016 | W10: =E10/E$49 -> 0 | X10: =F10/F$49 -> 0 | Y10: =G10/G$49 -> 0 | Z10: =H10/H$49 -> 0 | AA10: =I10/I$49 -> 0 | AB10: =J10/J$49 -> 0 | ... AE10: =M10/M$49 -> 0
B11: =B12-1 -> 23 | C11: 2 | D11: 24 | E11: 6 | O11: =SUM(C11:N11) -> 32 | T11: =B11 -> 23 | U11: =C11/C$49 -> 0.25 | V11: =D11/D$49 -> 0.19047619 | W11: =E11/E$49 -> 0.028436019 | X11: =F11/F$49 -> 0 | Y11: =G11/G$49 -> 0 | Z11: =H11/H$49 -> 0 | AA11: =I11/I$49 -> 0 | AB11: =J11/J$49 -> 0 | ... AE11: =M11/M$49 -> 0
B12: =B13-1 -> 24 | D12: 30 | E12: 10 | F12: 2 | O12: =SUM(C12:N12) -> 42 | T12: =B12 -> 24 | U12: =C12/C$49 -> 0 | V12: =D12/D$49 -> 0.23809524 | W12: =E12/E$49 -> 0.047393365 | X12: =F12/F$49 -> 0.0089686099 | Y12: =G12/G$49 -> 0 | Z12: =H12/H$49 -> 0 | AA12: =I12/I$49 -> 0 | AB12: =J12/J$49 -> 0 | ... AE12: =M12/M$49 -> 0
B13: 25 | D13: 20 | E13: 32 | F13: 3 | O13: =SUM(C13:N13) -> 55 | T13: =B13 -> 25 | U13: =C13/C$49 -> 0 | V13: =D13/D$49 -> 0.15873016 | W13: =E13/E$49 -> 0.15165877 | X13: =F13/F$49 -> 0.013452915 | Y13: =G13/G$49 -> 0 | Z13: =H13/H$49 -> 0 | AA13: =I13/I$49 -> 0 | AB13: =J13/J$49 -> 0 | ... AE13: =M13/M$49 -> 0
B14: 26 | D14: 11 | E14: 55 | F14: 9 | O14: =SUM(C14:N14) -> 75 | T14: =B14 -> 26 | U14: =C14/C$49 -> 0 | V14: =D14/D$49 -> 0.087301587 | W14: =E14/E$49 -> 0.26066351 | X14: =F14/F$49 -> 0.040358744 | Y14: =G14/G$49 -> 0 | Z14: =H14/H$49 -> 0 | AA14: =I14/I$49 -> 0 | AB14: =J14/J$49 -> 0 | ... AE14: =M14/M$49 -> 0
B15: 27 | D15: 6 | E15: 39 | F15: 17 | G15: 1 | O15: =SUM(C15:N15) -> 63 | T15: =B15 -> 27 | U15: =C15/C$49 -> 0 | V15: =D15/D$49 -> 0.047619048 | W15: =E15/E$49 -> 0.18483412 | X15: =F15/F$49 -> 0.076233184 | Y15: =G15/G$49 -> 0.0039840637 | Z15: =H15/H$49 -> 0 | AA15: =I15/I$49 -> 0 | AB15: =J15/J$49 -> 0 | ... AE15: =M15/M$49 -> 0
B16: 28 | E16: 29 | F16: 39 | G16: 2 | O16: =SUM(C16:N16) -> 70 | T16: =B16 -> 28 | U16: =C16/C$49 -> 0 | V16: =D16/D$49 -> 0 | W16: =E16/E$49 -> 0.13744076 | X16: =F16/F$49 -> 0.17488789 | Y16: =G16/G$49 -> 0.0079681275 | Z16: =H16/H$49 -> 0 | AA16: =I16/I$49 -> 0 | AB16: =J16/J$49 -> 0 | ... AE16: =M16/M$49 -> 0
B17: 29 | E17: 24 | F17: 34 | G17: 24 | H17: 1 | O17: =SUM(C17:N17) -> 83 | T17: =B17 -> 29 | U17: =C17/C$49 -> 0 | V17: =D17/D$49 -> 0 | W17: =E17/E$49 -> 0.11374408 | X17: =F17/F$49 -> 0.15246637 | Y17: =G17/G$49 -> 0.09561753 | Z17: =H17/H$49 -> 0.00330033 | AA17: =I17/I$49 -> 0 | AB17: =J17/J$49 -> 0 | ... AE17: =M17/M$49 -> 0
B18: 30 | D18: 1 | E18: 6 | F18: 39 | G18: 41 | H18: 15 | I18: 2 | O18: =SUM(C18:N18) -> 104 | T18: =B18 -> 30 | U18: =C18/C$49 -> 0 | V18: =D18/D$49 -> 0.0079365079 | W18: =E18/E$49 -> 0.028436019 | X18: =F18/F$49 -> 0.17488789 | Y18: =G18/G$49 -> 0.16334661 | Z18: =H18/H$49 -> 0.04950495 | AA18: =I18/I$49 -> 0.0056980057 | AB18: =J18/J$49 -> 0 | ... AE18: =M18/M$49 -> 0
B19: 31 | E19: 1 | F19: 36 | G19: 37 | H19: 13 | O19: =SUM(C19:N19) -> 87 | T19: =B19 -> 31 | U19: =C19/C$49 -> 0 | V19: =D19/D$49 -> 0 | W19: =E19/E$49 -> 0.0047393365 | X19: =F19/F$49 -> 0.16143498 | Y19: =G19/G$49 -> 0.14741036 | Z19: =H19/H$49 -> 0.04290429 | AA19: =I19/I$49 -> 0 | AB19: =J19/J$49 -> 0 | ... AE19: =M19/M$49 -> 0
B20: 32 | E20: 2 | F20: 16 | G20: 30 | H20: 21 | I20: 2 | O20: =SUM(C20:N20) -> 71 | T20: =B20 -> 32 | U20: =C20/C$49 -> 0 | V20: =D20/D$49 -> 0 | W20: =E20/E$49 -> 0.009478673 | X20: =F20/F$49 -> 0.071748879 | Y20: =G20/G$49 -> 0.11952191 | Z20: =H20/H$49 -> 0.069306931 | AA20: =I20/I$49 -> 0.0056980057 | AB20: =J20/J$49 -> 0 | ... AE20: =M20/M$49 -> 0
B21: 33 | E21: 2 | F21: 8 | G21: 27 | H21: 27 | I21: 2 | O21: =SUM(C21:N21) -> 66 | T21: =B21 -> 33 | U21: =C21/C$49 -> 0 | V21: =D21/D$49 -> 0 | W21: =E21/E$49 -> 0.009478673 | X21: =F21/F$49 -> 0.035874439 | Y21: =G21/G$49 -> 0.10756972 | Z21: =H21/H$49 -> 0.089108911 | AA21: =I21/I$49 -> 0.0056980057 | AB21: =J21/J$49 -> 0 | ... AE21: =M21/M$49 -> 0
B22: 34 | E22: 4 | F22: 6 | G22: 23 | H22: 27 | I22: 4 | O22: =SUM(C22:N22) -> 64 | T22: =B22 -> 34 | U22: =C22/C$49 -> 0 | V22: =D22/D$49 -> 0 | W22: =E22/E$49 -> 0.018957346 | X22: =F22/F$49 -> 0.02690583 | Y22: =G22/G$49 -> 0.091633466 | Z22: =H22/H$49 -> 0.089108911 | AA22: =I22/I$49 -> 0.011396011 | AB22: =J22/J$49 -> 0 | ... AE22: =M22/M$49 -> 0
B23: 35 | F23: 8 | G23: 21 | H23: 34 | I23: 12 | O23: =SUM(C23:N23) -> 75 | T23: =B23 -> 35 | U23: =C23/C$49 -> 0 | V23: =D23/D$49 -> 0 | W23: =E23/E$49 -> 0 | X23: =F23/F$49 -> 0.035874439 | Y23: =G23/G$49 -> 0.083665339 | Z23: =H23/H$49 -> 0.11221122 | AA23: =I23/I$49 -> 0.034188034 | AB23: =J23/J$49 -> 0 | ... AE23: =M23/M$49 -> 0
B24: 36 | F24: 3 | G24: 13 | H24: 36 | I24: 27 | J24: 2 | O24: =SUM(C24:N24) -> 81 | T24: =B24 -> 36 | U24: =C24/C$49 -> 0 | V24: =D24/D$49 -> 0 | W24: =E24/E$49 -> 0 | X24: =F24/F$49 -> 0.013452915 | Y24: =G24/G$49 -> 0.051792829 | Z24: =H24/H$49 -> 0.11881188 | AA24: =I24/I$49 -> 0.076923077 | AB24: =J24/J$49 -> 0.0073800738 | ... AE24: =M24/M$49 -> 0
B25: 37 | F25: 2 | G25: 13 | H25: 32 | I25: 32 | J25: 7 | O25: =SUM(C25:N25) -> 86 | T25: =B25 -> 37 | U25: =C25/C$49 -> 0 | V25: =D25/D$49 -> 0 | W25: =E25/E$49 -> 0 | X25: =F25/F$49 -> 0.0089686099 | Y25: =G25/G$49 -> 0.051792829 | Z25: =H25/H$49 -> 0.10561056 | AA25: =I25/I$49 -> 0.091168091 | AB25: =J25/J$49 -> 0.025830258 | ... AE25: =M25/M$49 -> 0
B26: 38 | F26: 1 | G26: 11 | H26: 26 | I26: 32 | J26: 13 | O26: =SUM(C26:N26) -> 83 | T26: =B26 -> 38 | U26: =C26/C$49 -> 0 | V26: =D26/D$49 -> 0 | W26: =E26/E$49 -> 0 | X26: =F26/F$49 -> 0.0044843049 | Y26: =G26/G$49 -> 0.043824701 | Z26: =H26/H$49 -> 0.085808581 | AA26: =I26/I$49 -> 0.091168091 | AB26: =J26/J$49 -> 0.04797048 | ... AE26: =M26/M$49 -> 0
B27: 39 | G27: 6 | H27: 19 | I27: 41 | J27: 17 | K27: 1 | O27: =SUM(C27:N27) -> 84 | T27: =B27 -> 39 | U27: =C27/C$49 -> 0 | V27: =D27/D$49 -> 0 | W27: =E27/E$49 -> 0 | X27: =F27/F$49 -> 0 | Y27: =G27/G$49 -> 0.023904382 | Z27: =H27/H$49 -> 0.062706271 | AA27: =I27/I$49 -> 0.11680912 | AB27: =J27/J$49 -> 0.062730627 | ... AE27: =M27/M$49 -> 0
B28: 40 | G28: 1 | H28: 23 | I28: 34 | J28: 20 | K28: 5 | O28: =SUM(C28:N28) -> 83 | T28: =B28 -> 40 | U28: =C28/C$49 -> 0 | V28: =D28/D$49 -> 0 | W28: =E28/E$49 -> 0 | X28: =F28/F$49 -> 0 | Y28: =G28/G$49 -> 0.0039840637 | Z28: =H28/H$49 -> 0.075907591 | AA28: =I28/I$49 -> 0.096866097 | AB28: =J28/J$49 -> 0.073800738 | ... AE28: =M28/M$49 -> 0
B29: 41 | H29: 15 | I29: 40 | J29: 17 | K29: 4 | L29: 1 | O29: =SUM(C29:N29) -> 77 | T29: =B29 -> 41 | U29: =C29/C$49 -> 0 | V29: =D29/D$49 -> 0 | W29: =E29/E$49 -> 0 | X29: =F29/F$49 -> 0 | Y29: =G29/G$49 -> 0 | Z29: =H29/H$49 -> 0.04950495 | AA29: =I29/I$49 -> 0.11396011 | AB29: =J29/J$49 -> 0.062730627 | ... AE29: =M29/M$49 -> 0
B30: 42 | H30: 5 | I30: 24 | J30: 29 | K30: 7 | O30: =SUM(C30:N30) -> 65 | T30: =B30 -> 42 | U30: =C30/C$49 -> 0 | V30: =D30/D$49 -> 0 | W30: =E30/E$49 -> 0 | X30: =F30/F$49 -> 0 | Y30: =G30/G$49 -> 0 | Z30: =H30/H$49 -> 0.01650165 | AA30: =I30/I$49 -> 0.068376068 | AB30: =J30/J$49 -> 0.10701107 | ... AE30: =M30/M$49 -> 0
B31: 43 | G31: 1 | H31: 7 | I31: 30 | J31: 24 | K31: 9 | O31: =SUM(C31:N31) -> 71 | T31: =B31 -> 43 | U31: =C31/C$49 -> 0 | V31: =D31/D$49 -> 0 | W31: =E31/E$49 -> 0 | X31: =F31/F$49 -> 0 | Y31: =G31/G$49 -> 0.0039840637 | Z31: =H31/H$49 -> 0.02310231 | AA31: =I31/I$49 -> 0.085470085 | AB31: =J31/J$49 -> 0.088560886 | ... AE31: =M31/M$49 -> 0
B32: 44 | I32: 21 | J32: 17 | K32: 14 | L32: 3 | O32: =SUM(C32:N32) -> 55 | T32: =B32 -> 44 | U32: =C32/C$49 -> 0 | V32: =D32/D$49 -> 0 | W32: =E32/E$49 -> 0 | X32: =F32/F$49 -> 0 | Y32: =G32/G$49 -> 0 | Z32: =H32/H$49 -> 0 | AA32: =I32/I$49 -> 0.05982906 | AB32: =J32/J$49 -> 0.062730627 | ... AE32: =M32/M$49 -> 0
B33: 45 | H33: 1 | I33: 16 | J33: 20 | K33: 9 | L33: 2 | M33: 2 | O33: =SUM(C33:N33) -> 50 | T33: =B33 -> 45 | U33: =C33/C$49 -> 0 | V33: =D33/D$49 -> 0 | W33: =E33/E$49 -> 0 | X33: =F33/F$49 -> 0 | Y33: =G33/G$49 -> 0 | Z33: =H33/H$49 -> 0.00330033 | AA33: =I33/I$49 -> 0.045584046 | AB33: =J33/J$49 -> 0.073800738 | ... AE33: =M33/M$49 -> 0.028571429
B34: 46 | H34: 1 | I34: 14 | J34: 15 | K34: 15 | L34: 4 | O34: =SUM(C34:N34) -> 49 | T34: =B34 -> 46 | U34: =C34/C$49 -> 0 | V34: =D34/D$49 -> 0 | W34: =E34/E$49 -> 0 | X34: =F34/F$49 -> 0 | Y34: =G34/G$49 -> 0 | Z34: =H34/H$49 -> 0.00330033 | AA34: =I34/I$49 -> 0.03988604 | AB34: =J34/J$49 -> 0.055350554 | ... AE34: =M34/M$49 -> 0
B35: 47 | I35: 9 | J35: 15 | K35: 12 | L35: 13 | M35: 1 | O35: =SUM(C35:N35) -> 50 | T35: =B35 -> 47 | U35: =C35/C$49 -> 0 | V35: =D35/D$49 -> 0 | W35: =E35/E$49 -> 0 | X35: =F35/F$49 -> 0 | Y35: =G35/G$49 -> 0 | Z35: =H35/H$49 -> 0 | AA35: =I35/I$49 -> 0.025641026 | AB35: =J35/J$49 -> 0.055350554 | ... AE35: =M35/M$49 -> 0.014285714
B36: 48 | I36: 3 | J36: 18 | K36: 20 | L36: 7 | O36: =SUM(C36:N36) -> 48 | T36: =B36 -> 48 | U36: =C36/C$49 -> 0 | V36: =D36/D$49 -> 0 | W36: =E36/E$49 -> 0 | X36: =F36/F$49 -> 0 | Y36: =G36/G$49 -> 0 | Z36: =H36/H$49 -> 0 | AA36: =I36/I$49 -> 0.0085470085 | AB36: =J36/J$49 -> 0.066420664 | ... AE36: =M36/M$49 -> 0
B37: 49 | I37: 2 | J37: 13 | K37: 12 | L37: 15 | O37: =SUM(C37:N37) -> 42 | T37: =B37 -> 49 | U37: =C37/C$49 -> 0 | V37: =D37/D$49 -> 0 | W37: =E37/E$49 -> 0 | X37: =F37/F$49 -> 0 | Y37: =G37/G$49 -> 0 | Z37: =H37/H$49 -> 0 | AA37: =I37/I$49 -> 0.0056980057 | AB37: =J37/J$49 -> 0.04797048 | ... AE37: =M37/M$49 -> 0
B38: 50 | J38: 15 | K38: 17 | L38: 9 | O38: =SUM(C38:N38) -> 41 | T38: =B38 -> 50 | U38: =C38/C$49 -> 0 | V38: =D38/D$49 -> 0 | W38: =E38/E$49 -> 0 | X38: =F38/F$49 -> 0 | Y38: =G38/G$49 -> 0 | Z38: =H38/H$49 -> 0 | AA38: =I38/I$49 -> 0 | AB38: =J38/J$49 -> 0.055350554 | ... AE38: =M38/M$49 -> 0
B39: 51 | J39: 13 | K39: 11 | L39: 11 | M39: 3 | O39: =SUM(C39:N39) -> 38 | T39: =B39 -> 51 | U39: =C39/C$49 -> 0 | V39: =D39/D$49 -> 0 | W39: =E39/E$49 -> 0 | X39: =F39/F$49 -> 0 | Y39: =G39/G$49 -> 0 | Z39: =H39/H$49 -> 0 | AA39: =I39/I$49 -> 0 | AB39: =J39/J$49 -> 0.04797048 | ... AE39: =M39/M$49 -> 0.042857143
B40: 52 | J40: 4 | K40: 13 | L40: 14 | M40: 7 | O40: =SUM(C40:N40) -> 38 | T40: =B40 -> 52 | U40: =C40/C$49 -> 0 | V40: =D40/D$49 -> 0 | W40: =E40/E$49 -> 0 | X40: =F40/F$49 -> 0 | Y40: =G40/G$49 -> 0 | Z40: =H40/H$49 -> 0 | AA40: =I40/I$49 -> 0 | AB40: =J40/J$49 -> 0.014760148 | ... AE40: =M40/M$49 -> 0.1
B41: 53 | I41: 4 | J41: 7 | K41: 21 | L41: 8 | O41: =SUM(C41:N41) -> 40 | T41: =B41 -> 53 | U41: =C41/C$49 -> 0 | V41: =D41/D$49 -> 0 | W41: =E41/E$49 -> 0 | X41: =F41/F$49 -> 0 | Y41: =G41/G$49 -> 0 | Z41: =H41/H$49 -> 0 | AA41: =I41/I$49 -> 0.011396011 | AB41: =J41/J$49 -> 0.025830258 | ... AE41: =M41/M$49 -> 0
B42: 54 | J42: 2 | K42: 12 | L42: 12 | M42: 6 | O42: =SUM(C42:N42) -> 32 | T42: =B42 -> 54 | U42: =C42/C$49 -> 0 | V42: =D42/D$49 -> 0 | W42: =E42/E$49 -> 0 | X42: =F42/F$49 -> 0 | Y42: =G42/G$49 -> 0 | Z42: =H42/H$49 -> 0 | AA42: =I42/I$49 -> 0 | AB42: =J42/J$49 -> 0.0073800738 | ... AE42: =M42/M$49 -> 0.085714286
B43: 55 | J43: 3 | K43: 11 | L43: 20 | M43: 3 | N43: 1 | O43: =SUM(C43:N43) -> 38 | T43: =B43 -> 55 | U43: =C43/C$49 -> 0 | V43: =D43/D$49 -> 0 | W43: =E43/E$49 -> 0 | X43: =F43/F$49 -> 0 | Y43: =G43/G$49 -> 0 | Z43: =H43/H$49 -> 0 | AA43: =I43/I$49 -> 0 | AB43: =J43/J$49 -> 0.011070111 | ... AE43: =M43/M$49 -> 0.042857143
B44: 56 | K44: 9 | L44: 15 | M44: 8 | N44: 1 | O44: =SUM(C44:N44) -> 33 | T44: =B44 -> 56 | U44: =C44/C$49 -> 0 | V44: =D44/D$49 -> 0 | W44: =E44/E$49 -> 0 | X44: =F44/F$49 -> 0 | Y44: =G44/G$49 -> 0 | Z44: =H44/H$49 -> 0 | AA44: =I44/I$49 -> 0 | AB44: =J44/J$49 -> 0 | ... AE44: =M44/M$49 -> 0.11428571
B45: 57 | K45: 16 | L45: 6 | M45: 4 | N45: 3 | O45: =SUM(C45:N45) -> 29 | T45: =B45 -> 57 | U45: =C45/C$49 -> 0 | V45: =D45/D$49 -> 0 | W45: =E45/E$49 -> 0 | X45: =F45/F$49 -> 0 | Y45: =G45/G$49 -> 0 | Z45: =H45/H$49 -> 0 | AA45: =I45/I$49 -> 0 | AB45: =J45/J$49 -> 0 | ... AE45: =M45/M$49 -> 0.057142857
B46: 58 | K46: 9 | L46: 10 | M46: 12 | N46: 1 | O46: =SUM(C46:N46) -> 32 | T46: =B46 -> 58 | U46: =C46/C$49 -> 0 | V46: =D46/D$49 -> 0 | W46: =E46/E$49 -> 0 | X46: =F46/F$49 -> 0 | Y46: =G46/G$49 -> 0 | Z46: =H46/H$49 -> 0 | AA46: =I46/I$49 -> 0 | AB46: =J46/J$49 -> 0 | ... AE46: =M46/M$49 -> 0.17142857
B47: 59 | K47: 7 | L47: 5 | M47: 6 | N47: 7 | O47: =SUM(C47:N47) -> 25 | T47: =B47 -> 59 | U47: =C47/C$49 -> 0 | V47: =D47/D$49 -> 0 | W47: =E47/E$49 -> 0 | X47: =F47/F$49 -> 0 | Y47: =G47/G$49 -> 0 | Z47: =H47/H$49 -> 0 | AA47: =I47/I$49 -> 0 | AB47: =J47/J$49 -> 0 | ... AE47: =M47/M$49 -> 0.085714286
B48: 60 | C48: =SUM(C50:C55) -> 0 | D48: =SUM(D50:D55) -> 0 | E48: =SUM(E50:E55) -> 0 | F48: =SUM(F50:F55) -> 0 | G48: =SUM(G50:G55) -> 0 | H48: =SUM(H50:H55) -> 0 | I48: =SUM(I50:I55) -> 0 | J48: =SUM(J50:J55) -> 0 | ... O48: =SUM(O50:O55) -> 35 | T48: =B48 -> 60 | U48: =C48/C$49 -> 0 | V48: =D48/D$49 -> 0 | W48: =E48/E$49 -> 0 | X48: =F48/F$49 -> 0 | Y48: =G48/G$49 -> 0 | Z48: =H48/H$49 -> 0 | AA48: =I48/I$49 -> 0 | AB48: =J48/J$49 -> 0 | ... AE48: =M48/M$49 -> 0.25714286
C49: =SUM(C5:C48) -> 8 | D49: =SUM(D5:D48) -> 126 | E49: =SUM(E5:E48) -> 211 | F49: =SUM(F5:F48) -> 223 | G49: =SUM(G5:G48) -> 251 | H49: =SUM(H5:H48) -> 303 | I49: =SUM(I5:I48) -> 351 | J49: =SUM(J5:J48) -> 271 | ... O49: =SUM(O5:O48) -> 2233
B50: 60 | K50: 2 | L50: 6 | M50: 5 | N50: 1 | O50: =SUM(C50:N50) -> 14
B51: 61 | K51: 2 | L51: 4 | M51: 4 | N51: 4 | O51: 4
B52: 62 | K52: 1 | M52: 6 | N52: 3 | O52: =SUM(C52:N52) -> 10
B53: 63 | L53: 2 | M53: 1 | O53: =SUM(C53:N53) -> 3
B54: 64 | K54: 1 | M54: 1 | N54: 1 | O54: =SUM(C54:N54) -> 3
B55: 65 | M55: 1 | O55: =SUM(C55:N55) -> 1
B56: Total | C56: =SUM(C10:C55) -> 11 | D56: =SUM(D10:D55) -> 238 | E56: =SUM(E10:E55) -> 421 | F56: =SUM(F10:F55) -> 446 | G56: =SUM(G10:G55) -> 502 | H56: =SUM(H10:H55) -> 606 | I56: =SUM(I10:I55) -> 702 | J56: =SUM(J10:J55) -> 542 | ... N56: =SUM(N10:N55) -> 53 | O56: =SUM(C56:N56) -> 4511
B57: % | C57: =(C56/$O$54)*100 -> 366.66667 | D57: =(D56/$O$54)*100 -> 7933.3333 | E57: =(E56/$O$54)*100 -> 14033.333 | F57: =(F56/$O$54)*100 -> 14866.667 | G57: =(G56/$O$54)*100 -> 16733.333 | H57: =(H56/$O$54)*100 -> 20200 | I57: =(I56/$O$54)*100 -> 23400 | J57: =(J56/$O$54)*100 -> 18066.667 | ... N57: =(N56/$O$54)*100 -> 1766.6667 | O57: =SUM(C57:N57) -> 150366.67
C59: =SUMPRODUCT($B10:$B55,C10:C55)/SUM(C10:C55) -> 6.1818182 | D59: =SUMPRODUCT($B10:$B55,D10:D55)/SUM(D10:D55) -> 11.302521 | E59: =SUMPRODUCT($B10:$B55,E10:E55)/SUM(E10:E55) -> 13.410926 | F59: =SUMPRODUCT($B10:$B55,F10:F55)/SUM(F10:F55) -> 14.932735 | G59: =SUMPRODUCT($B10:$B55,G10:G55)/SUM(G10:G55) -> 16.350598 | H59: =SUMPRODUCT($B10:$B55,H10:H55)/SUM(H10:H55) -> 17.985149 | I59: =SUMPRODUCT($B10:$B55,I10:I55)/SUM(I10:I55) -> 20.19943 | J59: =SUMPRODUCT($B10:$B55,J10:J55)/SUM(J10:J55) -> 22.221402 | ... N59: =SUMPRODUCT($B10:$B55,N10:N55)/SUM(N10:N55) -> 34.849057

Sheet 2009
B2: CLAVE EDAD-TALLA JUREL 2009
B4: L.H. | C4: II | D4: III | E4: IV | F4: V | G4: VI | H4: VII | I4: VIII | J4: IX | K4: X | L4: XI | M4: XII | N4: XIII | O4: XIV | P4: Total | U4: 2 | V4: 3 | W4: 4 | X4: 5 | Y4: 6 | Z4: 7 | AA4: 8 | AB4: 9 | AC4: 10 | AD4: 11 | AE4: 12
B5: =B6-1 -> 17 | T5: =B5 -> 17 | U5: =C5/C$49 -> 0 | V5: =D5/D$49 -> 0 | W5: =E5/E$49 -> 0 | X5: =F5/F$49 -> 0 | Y5: =G5/G$49 -> 0 | Z5: =H5/H$49 -> 0 | AA5: =I5/I$49 -> 0 | AB5: =J5/J$49 -> 0 | ... AE5: =M5/M$49 -> 0
B6: =B7-1 -> 18 | C6: 1 | D6: 1 | P6: =SUM(C6:O6) -> 2 | T6: =B6 -> 18 | U6: =C6/C$49 -> 0.0625 | V6: =D6/D$49 -> 0.013157895 | W6: =E6/E$49 -> 0 | X6: =F6/F$49 -> 0 | Y6: =G6/G$49 -> 0 | Z6: =H6/H$49 -> 0 | AA6: =I6/I$49 -> 0 | AB6: =J6/J$49 -> 0 | ... AE6: =M6/M$49 -> 0
B7: =B8-1 -> 19 | D7: 2 | P7: =SUM(C7:O7) -> 2 | T7: =B7 -> 19 | U7: =C7/C$49 -> 0 | V7: =D7/D$49 -> 0.026315789 | W7: =E7/E$49 -> 0 | X7: =F7/F$49 -> 0 | Y7: =G7/G$49 -> 0 | Z7: =H7/H$49 -> 0 | AA7: =I7/I$49 -> 0 | AB7: =J7/J$49 -> 0 | ... AE7: =M7/M$49 -> 0
B8: =B9-1 -> 20 | C8: 4 | D8: 10 | E8: 4 | P8: =SUM(C8:O8) -> 18 | T8: =B8 -> 20 | U8: =C8/C$49 -> 0.25 | V8: =D8/D$49 -> 0.13157895 | W8: =E8/E$49 -> 0.025157233 | X8: =F8/F$49 -> 0 | Y8: =G8/G$49 -> 0 | Z8: =H8/H$49 -> 0 | AA8: =I8/I$49 -> 0 | AB8: =J8/J$49 -> 0 | ... AE8: =M8/M$49 -> 0
B9: =B10-1 -> 21 | C9: 3 | D9: 16 | E9: 17 | P9: =SUM(C9:O9) -> 36 | T9: =B9 -> 21 | U9: =C9/C$49 -> 0.1875 | V9: =D9/D$49 -> 0.21052632 | W9: =E9/E$49 -> 0.10691824 | X9: =F9/F$49 -> 0 | Y9: =G9/G$49 -> 0 | Z9: =H9/H$49 -> 0 | AA9: =I9/I$49 -> 0 | AB9: =J9/J$49 -> 0 | ... AE9: =M9/M$49 -> 0
B10: =B11-1 -> 22 | C10: 4 | D10: 11 | E10: 24 | F10: 2 | P10: =SUM(C10:O10) -> 41 | T10: =B10 -> 22 | U10: =C10/C$49 -> 0.25 | V10: =D10/D$49 -> 0.14473684 | W10: =E10/E$49 -> 0.1509434 | X10: =F10/F$49 -> 0.014814815 | Y10: =G10/G$49 -> 0 | Z10: =H10/H$49 -> 0 | AA10: =I10/I$49 -> 0 | AB10: =J10/J$49 -> 0 | ... AE10: =M10/M$49 -> 0
B11: =B12-1 -> 23 | C11: 4 | D11: 13 | E11: 35 | F11: 4 | P11: =SUM(C11:O11) -> 56 | T11: =B11 -> 23 | U11: =C11/C$49 -> 0.25 | V11: =D11/D$49 -> 0.17105263 | W11: =E11/E$49 -> 0.22012579 | X11: =F11/F$49 -> 0.02962963 | Y11: =G11/G$49 -> 0 | Z11: =H11/H$49 -> 0 | AA11: =I11/I$49 -> 0 | AB11: =J11/J$49 -> 0 | ... AE11: =M11/M$49 -> 0
B12: =B13-1 -> 24 | D12: 7 | E12: 25 | F12: 6 | P12: =SUM(C12:O12) -> 38 | T12: =B12 -> 24 | U12: =C12/C$49 -> 0 | V12: =D12/D$49 -> 0.092105263 | W12: =E12/E$49 -> 0.1572327 | X12: =F12/F$49 -> 0.044444444 | Y12: =G12/G$49 -> 0 | Z12: =H12/H$49 -> 0 | AA12: =I12/I$49 -> 0 | AB12: =J12/J$49 -> 0 | ... AE12: =M12/M$49 -> 0
B13: 25 | D13: 6 | E13: 17 | F13: 11 | P13: =SUM(C13:O13) -> 34 | T13: =B13 -> 25 | U13: =C13/C$49 -> 0 | V13: =D13/D$49 -> 0.078947368 | W13: =E13/E$49 -> 0.10691824 | X13: =F13/F$49 -> 0.081481481 | Y13: =G13/G$49 -> 0 | Z13: =H13/H$49 -> 0 | AA13: =I13/I$49 -> 0 | AB13: =J13/J$49 -> 0 | ... AE13: =M13/M$49 -> 0
B14: 26 | D14: 7 | E14: 13 | F14: 10 | P14: =SUM(C14:O14) -> 30 | T14: =B14 -> 26 | U14: =C14/C$49 -> 0 | V14: =D14/D$49 -> 0.092105263 | W14: =E14/E$49 -> 0.081761006 | X14: =F14/F$49 -> 0.074074074 | Y14: =G14/G$49 -> 0 | Z14: =H14/H$49 -> 0 | AA14: =I14/I$49 -> 0 | AB14: =J14/J$49 -> 0 | ... AE14: =M14/M$49 -> 0
B15: 27 | D15: 1 | E15: 11 | F15: 12 | P15: =SUM(C15:O15) -> 24 | T15: =B15 -> 27 | U15: =C15/C$49 -> 0 | V15: =D15/D$49 -> 0.013157895 | W15: =E15/E$49 -> 0.06918239 | X15: =F15/F$49 -> 0.088888889 | Y15: =G15/G$49 -> 0 | Z15: =H15/H$49 -> 0 | AA15: =I15/I$49 -> 0 | AB15: =J15/J$49 -> 0 | ... AE15: =M15/M$49 -> 0
B16: 28 | D16: 1 | E16: 5 | F16: 16 | G16: 14 | P16: =SUM(C16:O16) -> 36 | T16: =B16 -> 28 | U16: =C16/C$49 -> 0 | V16: =D16/D$49 -> 0.013157895 | W16: =E16/E$49 -> 0.031446541 | X16: =F16/F$49 -> 0.11851852 | Y16: =G16/G$49 -> 0.07486631 | Z16: =H16/H$49 -> 0 | AA16: =I16/I$49 -> 0 | AB16: =J16/J$49 -> 0 | ... AE16: =M16/M$49 -> 0
B17: 29 | D17: 1 | E17: 2 | F17: 17 | G17: 17 | H17: 11 | I17: 1 | P17: =SUM(C17:O17) -> 49 | T17: =B17 -> 29 | U17: =C17/C$49 -> 0 | V17: =D17/D$49 -> 0.013157895 | W17: =E17/E$49 -> 0.012578616 | X17: =F17/F$49 -> 0.12592593 | Y17: =G17/G$49 -> 0.090909091 | Z17: =H17/H$49 -> 0.032448378 | AA17: =I17/I$49 -> 0.0029154519 | AB17: =J17/J$49 -> 0 | ... AE17: =M17/M$49 -> 0
B18: 30 | E18: 2 | F18: 11 | G18: 27 | H18: 25 | I18: 1 | P18: =SUM(C18:O18) -> 66 | T18: =B18 -> 30 | U18: =C18/C$49 -> 0 | V18: =D18/D$49 -> 0 | W18: =E18/E$49 -> 0.012578616 | X18: =F18/F$49 -> 0.081481481 | Y18: =G18/G$49 -> 0.14438503 | Z18: =H18/H$49 -> 0.073746313 | AA18: =I18/I$49 -> 0.0029154519 | AB18: =J18/J$49 -> 0 | ... AE18: =M18/M$49 -> 0
B19: 31 | E19: 2 | F19: 13 | G19: 21 | H19: 25 | I19: 8 | P19: =SUM(C19:O19) -> 69 | T19: =B19 -> 31 | U19: =C19/C$49 -> 0 | V19: =D19/D$49 -> 0 | W19: =E19/E$49 -> 0.012578616 | X19: =F19/F$49 -> 0.096296296 | Y19: =G19/G$49 -> 0.11229947 | Z19: =H19/H$49 -> 0.073746313 | AA19: =I19/I$49 -> 0.023323615 | AB19: =J19/J$49 -> 0 | ... AE19: =M19/M$49 -> 0
B20: 32 | E20: 1 | F20: 13 | G20: 16 | H20: 29 | I20: 7 | P20: =SUM(C20:O20) -> 66 | T20: =B20 -> 32 | U20: =C20/C$49 -> 0 | V20: =D20/D$49 -> 0 | W20: =E20/E$49 -> 0.0062893082 | X20: =F20/F$49 -> 0.096296296 | Y20: =G20/G$49 -> 0.085561497 | Z20: =H20/H$49 -> 0.085545723 | AA20: =I20/I$49 -> 0.020408163 | AB20: =J20/J$49 -> 0 | ... AE20: =M20/M$49 -> 0
B21: 33 | E21: 1 | F21: 7 | G21: 17 | H21: 40 | I21: 17 | J21: 1 | P21: =SUM(C21:O21) -> 83 | T21: =B21 -> 33 | U21: =C21/C$49 -> 0 | V21: =D21/D$49 -> 0 | W21: =E21/E$49 -> 0.0062893082 | X21: =F21/F$49 -> 0.051851852 | Y21: =G21/G$49 -> 0.090909091 | Z21: =H21/H$49 -> 0.1179941 | AA21: =I21/I$49 -> 0.049562682 | AB21: =J21/J$49 -> 0.0028985507 | ... AE21: =M21/M$49 -> 0
B22: 34 | F22: 5 | G22: 22 | H22: 37 | I22: 22 | J22: 3 | P22: =SUM(C22:O22) -> 89 | T22: =B22 -> 34 | U22: =C22/C$49 -> 0 | V22: =D22/D$49 -> 0 | W22: =E22/E$49 -> 0 | X22: =F22/F$49 -> 0.037037037 | Y22: =G22/G$49 -> 0.11764706 | Z22: =H22/H$49 -> 0.10914454 | AA22: =I22/I$49 -> 0.064139942 | AB22: =J22/J$49 -> 0.0086956522 | ... AE22: =M22/M$49 -> 0
B23: 35 | F23: 5 | G23: 16 | H23: 37 | I23: 20 | J23: 8 | K23: 3 | P23: =SUM(C23:O23) -> 89 | T23: =B23 -> 35 | U23: =C23/C$49 -> 0 | V23: =D23/D$49 -> 0 | W23: =E23/E$49 -> 0 | X23: =F23/F$49 -> 0.037037037 | Y23: =G23/G$49 -> 0.085561497 | Z23: =H23/H$49 -> 0.10914454 | AA23: =I23/I$49 -> 0.058309038 | AB23: =J23/J$49 -> 0.023188406 | ... AE23: =M23/M$49 -> 0
B24: 36 | F24: 3 | G24: 15 | H24: 22 | I24: 26 | J24: 18 | K24: 1 | P24: =SUM(C24:O24) -> 85 | T24: =B24 -> 36 | U24: =C24/C$49 -> 0 | V24: =D24/D$49 -> 0 | W24: =E24/E$49 -> 0 | X24: =F24/F$49 -> 0.022222222 | Y24: =G24/G$49 -> 0.080213904 | Z24: =H24/H$49 -> 0.064896755 | AA24: =I24/I$49 -> 0.075801749 | AB24: =J24/J$49 -> 0.052173913 | ... AE24: =M24/M$49 -> 0
B25: 37 | G25: 14 | H25: 32 | I25: 27 | J25: 17 | K25: 6 | P25: =SUM(C25:O25) -> 96 | T25: =B25 -> 37 | U25: =C25/C$49 -> 0 | V25: =D25/D$49 -> 0 | W25: =E25/E$49 -> 0 | X25: =F25/F$49 -> 0 | Y25: =G25/G$49 -> 0.07486631 | Z25: =H25/H$49 -> 0.09439528 | AA25: =I25/I$49 -> 0.078717201 | AB25: =J25/J$49 -> 0.049275362 | ... AE25: =M25/M$49 -> 0
B26: 38 | G26: 8 | H26: 24 | I26: 29 | J26: 10 | K26: 5 | P26: =SUM(C26:O26) -> 76 | T26: =B26 -> 38 | U26: =C26/C$49 -> 0 | V26: =D26/D$49 -> 0 | W26: =E26/E$49 -> 0 | X26: =F26/F$49 -> 0 | Y26: =G26/G$49 -> 0.042780749 | Z26: =H26/H$49 -> 0.07079646 | AA26: =I26/I$49 -> 0.084548105 | AB26: =J26/J$49 -> 0.028985507 | ... AE26: =M26/M$49 -> 0
B27: 39 | H27: 16 | I27: 32 | J27: 23 | K27: 11 | P27: =SUM(C27:O27) -> 82 | T27: =B27 -> 39 | U27: =C27/C$49 -> 0 | V27: =D27/D$49 -> 0 | W27: =E27/E$49 -> 0 | X27: =F27/F$49 -> 0 | Y27: =G27/G$49 -> 0 | Z27: =H27/H$49 -> 0.04719764 | AA27: =I27/I$49 -> 0.093294461 | AB27: =J27/J$49 -> 0.066666667 | ... AE27: =M27/M$49 -> 0
B28: 40 | H28: 10 | I28: 30 | J28: 23 | K28: 12 | L28: 3 | P28: =SUM(C28:O28) -> 78 | T28: =B28 -> 40 | U28: =C28/C$49 -> 0 | V28: =D28/D$49 -> 0 | W28: =E28/E$49 -> 0 | X28: =F28/F$49 -> 0 | Y28: =G28/G$49 -> 0 | Z28: =H28/H$49 -> 0.029498525 | AA28: =I28/I$49 -> 0.087463557 | AB28: =J28/J$49 -> 0.066666667 | ... AE28: =M28/M$49 -> 0
B29: 41 | H29: 7 | I29: 22 | J29: 23 | K29: 19 | L29: 2 | P29: =SUM(C29:O29) -> 73 | T29: =B29 -> 41 | U29: =C29/C$49 -> 0 | V29: =D29/D$49 -> 0 | W29: =E29/E$49 -> 0 | X29: =F29/F$49 -> 0 | Y29: =G29/G$49 -> 0 | Z29: =H29/H$49 -> 0.020648968 | AA29: =I29/I$49 -> 0.064139942 | AB29: =J29/J$49 -> 0.066666667 | ... AE29: =M29/M$49 -> 0
B30: 42 | H30: 8 | I30: 17 | J30: 34 | K30: 14 | L30: 8 | P30: =SUM(C30:O30) -> 81 | T30: =B30 -> 42 | U30: =C30/C$49 -> 0 | V30: =D30/D$49 -> 0 | W30: =E30/E$49 -> 0 | X30: =F30/F$49 -> 0 | Y30: =G30/G$49 -> 0 | Z30: =H30/H$49 -> 0.02359882 | AA30: =I30/I$49 -> 0.049562682 | AB30: =J30/J$49 -> 0.098550725 | ... AE30: =M30/M$49 -> 0
B31: 43 | H31: 4 | I31: 15 | J31: 33 | K31: 15 | L31: 11 | P31: =SUM(C31:O31) -> 78 | T31: =B31 -> 43 | U31: =C31/C$49 -> 0 | V31: =D31/D$49 -> 0 | W31: =E31/E$49 -> 0 | X31: =F31/F$49 -> 0 | Y31: =G31/G$49 -> 0 | Z31: =H31/H$49 -> 0.01179941 | AA31: =I31/I$49 -> 0.043731778 | AB31: =J31/J$49 -> 0.095652174 | ... AE31: =M31/M$49 -> 0
B32: 44 | H32: 3 | I32: 16 | J32: 22 | K32: 23 | L32: 9 | M32: 4 | P32: =SUM(C32:O32) -> 77 | T32: =B32 -> 44 | U32: =C32/C$49 -> 0 | V32: =D32/D$49 -> 0 | W32: =E32/E$49 -> 0 | X32: =F32/F$49 -> 0 | Y32: =G32/G$49 -> 0 | Z32: =H32/H$49 -> 0.0088495575 | AA32: =I32/I$49 -> 0.04664723 | AB32: =J32/J$49 -> 0.063768116 | ... AE32: =M32/M$49 -> 0.054054054
B33: 45 | H33: 3 | I33: 10 | J33: 29 | K33: 33 | L33: 9 | M33: 1 | P33: =SUM(C33:O33) -> 85 | T33: =B33 -> 45 | U33: =C33/C$49 -> 0 | V33: =D33/D$49 -> 0 | W33: =E33/E$49 -> 0 | X33: =F33/F$49 -> 0 | Y33: =G33/G$49 -> 0 | Z33: =H33/H$49 -> 0.0088495575 | AA33: =I33/I$49 -> 0.029154519 | AB33: =J33/J$49 -> 0.084057971 | ... AE33: =M33/M$49 -> 0.013513514
B34: 46 | H34: 2 | I34: 13 | J34: 25 | K34: 20 | L34: 12 | M34: 7 | P34: =SUM(C34:O34) -> 79 | T34: =B34 -> 46 | U34: =C34/C$49 -> 0 | V34: =D34/D$49 -> 0 | W34: =E34/E$49 -> 0 | X34: =F34/F$49 -> 0 | Y34: =G34/G$49 -> 0 | Z34: =H34/H$49 -> 0.005899705 | AA34: =I34/I$49 -> 0.037900875 | AB34: =J34/J$49 -> 0.072463768 | ... AE34: =M34/M$49 -> 0.094594595
B35: 47 | H35: 4 | I35: 11 | J35: 18 | K35: 26 | L35: 14 | M35: 2 | N35: 3 | P35: =SUM(C35:O35) -> 78 | T35: =B35 -> 47 | U35: =C35/C$49 -> 0 | V35: =D35/D$49 -> 0 | W35: =E35/E$49 -> 0 | X35: =F35/F$49 -> 0 | Y35: =G35/G$49 -> 0 | Z35: =H35/H$49 -> 0.01179941 | AA35: =I35/I$49 -> 0.032069971 | AB35: =J35/J$49 -> 0.052173913 | ... AE35: =M35/M$49 -> 0.027027027
B36: 48 | I36: 5 | J36: 15 | K36: 16 | L36: 21 | M36: 5 | N36: 3 | P36: =SUM(C36:O36) -> 65 | T36: =B36 -> 48 | U36: =C36/C$49 -> 0 | V36: =D36/D$49 -> 0 | W36: =E36/E$49 -> 0 | X36: =F36/F$49 -> 0 | Y36: =G36/G$49 -> 0 | Z36: =H36/H$49 -> 0 | AA36: =I36/I$49 -> 0.014577259 | AB36: =J36/J$49 -> 0.043478261 | ... AE36: =M36/M$49 -> 0.067567568
B37: 49 | I37: 7 | J37: 12 | K37: 22 | L37: 12 | M37: 12 | N37: 1 | P37: =SUM(C37:O37) -> 66 | T37: =B37 -> 49 | U37: =C37/C$49 -> 0 | V37: =D37/D$49 -> 0 | W37: =E37/E$49 -> 0 | X37: =F37/F$49 -> 0 | Y37: =G37/G$49 -> 0 | Z37: =H37/H$49 -> 0 | AA37: =I37/I$49 -> 0.020408163 | AB37: =J37/J$49 -> 0.034782609 | ... AE37: =M37/M$49 -> 0.16216216
B38: 50 | I38: 2 | J38: 8 | K38: 20 | L38: 14 | M38: 11 | N38: 2 | P38: =SUM(C38:O38) -> 57 | T38: =B38 -> 50 | U38: =C38/C$49 -> 0 | V38: =D38/D$49 -> 0 | W38: =E38/E$49 -> 0 | X38: =F38/F$49 -> 0 | Y38: =G38/G$49 -> 0 | Z38: =H38/H$49 -> 0 | AA38: =I38/I$49 -> 0.0058309038 | AB38: =J38/J$49 -> 0.023188406 | ... AE38: =M38/M$49 -> 0.14864865
B39: 51 | I39: 4 | J39: 10 | K39: 11 | L39: 7 | M39: 10 | N39: 2 | P39: =SUM(C39:O39) -> 44 | T39: =B39 -> 51 | U39: =C39/C$49 -> 0 | V39: =D39/D$49 -> 0 | W39: =E39/E$49 -> 0 | X39: =F39/F$49 -> 0 | Y39: =G39/G$49 -> 0 | Z39: =H39/H$49 -> 0 | AA39: =I39/I$49 -> 0.011661808 | AB39: =J39/J$49 -> 0.028985507 | ... AE39: =M39/M$49 -> 0.13513514
B40: 52 | I40: 1 | J40: 4 | K40: 14 | L40: 14 | M40: 1 | N40: 3 | P40: =SUM(C40:O40) -> 37 | T40: =B40 -> 52 | U40: =C40/C$49 -> 0 | V40: =D40/D$49 -> 0 | W40: =E40/E$49 -> 0 | X40: =F40/F$49 -> 0 | Y40: =G40/G$49 -> 0 | Z40: =H40/H$49 -> 0 | AA40: =I40/I$49 -> 0.0029154519 | AB40: =J40/J$49 -> 0.011594203 | ... AE40: =M40/M$49 -> 0.013513514
B41: 53 | J41: 6 | K41: 6 | L41: 6 | M41: 9 | P41: =SUM(C41:O41) -> 27 | T41: =B41 -> 53 | U41: =C41/C$49 -> 0 | V41: =D41/D$49 -> 0 | W41: =E41/E$49 -> 0 | X41: =F41/F$49 -> 0 | Y41: =G41/G$49 -> 0 | Z41: =H41/H$49 -> 0 | AA41: =I41/I$49 -> 0 | AB41: =J41/J$49 -> 0.017391304 | ... AE41: =M41/M$49 -> 0.12162162
B42: 54 | J42: 1 | K42: 2 | L42: 3 | M42: 5 | N42: 3 | P42: =SUM(C42:O42) -> 14 | T42: =B42 -> 54 | U42: =C42/C$49 -> 0 | V42: =D42/D$49 -> 0 | W42: =E42/E$49 -> 0 | X42: =F42/F$49 -> 0 | Y42: =G42/G$49 -> 0 | Z42: =H42/H$49 -> 0 | AA42: =I42/I$49 -> 0 | AB42: =J42/J$49 -> 0.0028985507 | ... AE42: =M42/M$49 -> 0.067567568
B43: 55 | J43: 1 | K43: 1 | L43: 4 | M43: 2 | N43: 2 | P43: =SUM(C43:O43) -> 10 | T43: =B43 -> 55 | U43: =C43/C$49 -> 0 | V43: =D43/D$49 -> 0 | W43: =E43/E$49 -> 0 | X43: =F43/F$49 -> 0 | Y43: =G43/G$49 -> 0 | Z43: =H43/H$49 -> 0 | AA43: =I43/I$49 -> 0 | AB43: =J43/J$49 -> 0.0028985507 | ... AE43: =M43/M$49 -> 0.027027027
B44: 56 | J44: 1 | K44: 2 | L44: 1 | M44: 1 | P44: =SUM(C44:O44) -> 5 | T44: =B44 -> 56 | U44: =C44/C$49 -> 0 | V44: =D44/D$49 -> 0 | W44: =E44/E$49 -> 0 | X44: =F44/F$49 -> 0 | Y44: =G44/G$49 -> 0 | Z44: =H44/H$49 -> 0 | AA44: =I44/I$49 -> 0 | AB44: =J44/J$49 -> 0.0028985507 | ... AE44: =M44/M$49 -> 0.013513514
B45: 57 | K45: 1 | L45: 4 | M45: 2 | N45: 2 | P45: =SUM(C45:O45) -> 9 | T45: =B45 -> 57 | U45: =C45/C$49 -> 0 | V45: =D45/D$49 -> 0 | W45: =E45/E$49 -> 0 | X45: =F45/F$49 -> 0 | Y45: =G45/G$49 -> 0 | Z45: =H45/H$49 -> 0 | AA45: =I45/I$49 -> 0 | AB45: =J45/J$49 -> 0 | ... AE45: =M45/M$49 -> 0.027027027
B46: 58 | L46: 1 | M46: 1 | N46: 3 | P46: =SUM(C46:O46) -> 5 | T46: =B46 -> 58 | U46: =C46/C$49 -> 0 | V46: =D46/D$49 -> 0 | W46: =E46/E$49 -> 0 | X46: =F46/F$49 -> 0 | Y46: =G46/G$49 -> 0 | Z46: =H46/H$49 -> 0 | AA46: =I46/I$49 -> 0 | AB46: =J46/J$49 -> 0 | ... AE46: =M46/M$49 -> 0.013513514
B47: 59 | L47: 1 | N47: 1 | O47: 1 | P47: =SUM(C47:O47) -> 3 | T47: =B47 -> 59 | U47: =C47/C$49 -> 0 | V47: =D47/D$49 -> 0 | W47: =E47/E$49 -> 0 | X47: =F47/F$49 -> 0 | Y47: =G47/G$49 -> 0 | Z47: =H47/H$49 -> 0 | AA47: =I47/I$49 -> 0 | AB47: =J47/J$49 -> 0 | ... AE47: =M47/M$49 -> 0
B48: 60 | L48: 2 | M48: 1 | P48: =SUM(C48:O48) -> 3 | T48: =B48 -> 60 | U48: =C48/C$49 -> 0 | V48: =D48/D$49 -> 0 | W48: =E48/E$49 -> 0 | X48: =F48/F$49 -> 0 | Y48: =G48/G$49 -> 0 | Z48: =H48/H$49 -> 0 | AA48: =I48/I$49 -> 0 | AB48: =J48/J$49 -> 0 | ... AE48: =M48/M$49 -> 0.013513514
B49: Total | C49: =SUM(C6:C48) -> 16 | D49: =SUM(D6:D48) -> 76 | E49: =SUM(E6:E48) -> 159 | F49: =SUM(F6:F48) -> 135 | G49: =SUM(G6:G48) -> 187 | H49: =SUM(H6:H48) -> 339 | I49: =SUM(I6:I48) -> 343 | J49: =SUM(J6:J48) -> 345 | ... Q49: =SUM(Q6:Q48) -> 0
B50: % | C50: =(C49/$P$49)*100 -> 0.74731434 | D50: =(D49/$P$49)*100 -> 3.5497431 | E50: =(E49/$P$49)*100 -> 7.4264362 | F50: =(F49/$P$49)*100 -> 6.3054647 | G50: =(G49/$P$49)*100 -> 8.7342363 | H50: =(H49/$P$49)*100 -> 15.833723 | I50: =(I49/$P$49)*100 -> 16.020551 | J50: =(J49/$P$49)*100 -> 16.113965 | ... O50: =(O49/$P$49)*100 -> 0.046707146 | P50: =SUM(C50:O50) -> 100
C52: =SUMPRODUCT($B6:$B48,C6:C48)/SUM(C6:C48) -> 21.3125 | D52: =SUMPRODUCT($B6:$B48,D6:D48)/SUM(D6:D48) -> 22.592105 | E52: =SUMPRODUCT($B6:$B48,E6:E48)/SUM(E6:E48) -> 23.993711 | F52: =SUMPRODUCT($B6:$B48,F6:F48)/SUM(F6:F48) -> 28.985185 | G52: =SUMPRODUCT($B6:$B48,G6:G48)/SUM(G6:G48) -> 32.561497 | H52: =SUMPRODUCT($B6:$B48,H6:H48)/SUM(H6:H48) -> 35.100295 | I52: =SUMPRODUCT($B6:$B48,I6:I48)/SUM(I6:I48) -> 39.341108 | J52: =SUMPRODUCT($B6:$B48,J6:J48)/SUM(J6:J48) -> 43.063768 | ... O52: =SUMPRODUCT($B6:$B48,O6:O48)/SUM(O6:O48) -> 59

Sheet 2008
B2: CLAVE EDAD-TALLA JUREL 2008
B4: L.H. | C4: II | D4: III | E4: IV | F4: V | G4: VI | H4: VII | I4: VIII | J4: IX | K4: X | L4: XI | M4: XII | N4: XIII | O4: XIV | P4: XV | Q4: Total | U4: 2 | V4: 3 | W4: 4 | X4: 5 | Y4: 6 | Z4: 7 | AA4: 8 | AB4: 9 | AC4: 10 | AD4: 11 | AE4: 12
B5: =B6-1 -> 17 | T5: =B5 -> 17 | U5: =C5/C$49 -> 0 | V5: =D5/D$49 -> 0 | W5: =E5/E$49 -> 0 | X5: =F5/F$49 -> 0 | Y5: =G5/G$49 -> 0 | Z5: =H5/H$49 -> 0 | AA5: =I5/I$49 -> 0 | AB5: =J5/J$49 -> 0 | ... AE5: =M5/M$49 -> 0
B6: =B7-1 -> 18 | D6: 1 | Q6: =SUM(C6:P6) -> 1 | T6: =B6 -> 18 | U6: =C6/C$49 -> 0 | V6: =D6/D$49 -> 0.018867925 | W6: =E6/E$49 -> 0 | X6: =F6/F$49 -> 0 | Y6: =G6/G$49 -> 0 | Z6: =H6/H$49 -> 0 | AA6: =I6/I$49 -> 0 | AB6: =J6/J$49 -> 0 | ... AE6: =M6/M$49 -> 0
B7: =B8-1 -> 19 | D7: 1 | Q7: =SUM(C7:P7) -> 1 | T7: =B7 -> 19 | U7: =C7/C$49 -> 0 | V7: =D7/D$49 -> 0.018867925 | W7: =E7/E$49 -> 0 | X7: =F7/F$49 -> 0 | Y7: =G7/G$49 -> 0 | Z7: =H7/H$49 -> 0 | AA7: =I7/I$49 -> 0 | AB7: =J7/J$49 -> 0 | ... AE7: =M7/M$49 -> 0
B8: =B9-1 -> 20 | C8: 3 | D8: 2 | Q8: =SUM(C8:P8) -> 5 | T8: =B8 -> 20 | U8: =C8/C$49 -> 0.375 | V8: =D8/D$49 -> 0.037735849 | W8: =E8/E$49 -> 0 | X8: =F8/F$49 -> 0 | Y8: =G8/G$49 -> 0 | Z8: =H8/H$49 -> 0 | AA8: =I8/I$49 -> 0 | AB8: =J8/J$49 -> 0 | ... AE8: =M8/M$49 -> 0
B9: =B10-1 -> 21 | C9: 2 | D9: 10 | E9: 3 | Q9: =SUM(C9:P9) -> 15 | T9: =B9 -> 21 | U9: =C9/C$49 -> 0.25 | V9: =D9/D$49 -> 0.18867925 | W9: =E9/E$49 -> 0.033707865 | X9: =F9/F$49 -> 0 | Y9: =G9/G$49 -> 0 | Z9: =H9/H$49 -> 0 | AA9: =I9/I$49 -> 0 | AB9: =J9/J$49 -> 0 | ... AE9: =M9/M$49 -> 0
B10: =B11-1 -> 22 | C10: 3 | D10: 17 | E10: 9 | Q10: =SUM(C10:P10) -> 29 | T10: =B10 -> 22 | U10: =C10/C$49 -> 0.375 | V10: =D10/D$49 -> 0.32075472 | W10: =E10/E$49 -> 0.1011236 | X10: =F10/F$49 -> 0 | Y10: =G10/G$49 -> 0 | Z10: =H10/H$49 -> 0 | AA10: =I10/I$49 -> 0 | AB10: =J10/J$49 -> 0 | ... AE10: =M10/M$49 -> 0
B11: =B12-1 -> 23 | D11: 8 | E11: 5 | Q11: =SUM(C11:P11) -> 13 | T11: =B11 -> 23 | U11: =C11/C$49 -> 0 | V11: =D11/D$49 -> 0.1509434 | W11: =E11/E$49 -> 0.056179775 | X11: =F11/F$49 -> 0 | Y11: =G11/G$49 -> 0 | Z11: =H11/H$49 -> 0 | AA11: =I11/I$49 -> 0 | AB11: =J11/J$49 -> 0 | ... AE11: =M11/M$49 -> 0
B12: =B13-1 -> 24 | D12: 4 | E12: 3 | F12: 1 | Q12: =SUM(C12:P12) -> 8 | T12: =B12 -> 24 | U12: =C12/C$49 -> 0 | V12: =D12/D$49 -> 0.075471698 | W12: =E12/E$49 -> 0.033707865 | X12: =F12/F$49 -> 0.0047169811 | Y12: =G12/G$49 -> 0 | Z12: =H12/H$49 -> 0 | AA12: =I12/I$49 -> 0 | AB12: =J12/J$49 -> 0 | ... AE12: =M12/M$49 -> 0
B13: 25 | D13: 4 | E13: 3 | F13: 2 | Q13: =SUM(C13:P13) -> 9 | T13: =B13 -> 25 | U13: =C13/C$49 -> 0 | V13: =D13/D$49 -> 0.075471698 | W13: =E13/E$49 -> 0.033707865 | X13: =F13/F$49 -> 0.0094339623 | Y13: =G13/G$49 -> 0 | Z13: =H13/H$49 -> 0 | AA13: =I13/I$49 -> 0 | AB13: =J13/J$49 -> 0 | ... AE13: =M13/M$49 -> 0
B14: 26 | D14: 1 | E14: 1 | F14: 6 | Q14: =SUM(C14:P14) -> 8 | T14: =B14 -> 26 | U14: =C14/C$49 -> 0 | V14: =D14/D$49 -> 0.018867925 | W14: =E14/E$49 -> 0.011235955 | X14: =F14/F$49 -> 0.028301887 | Y14: =G14/G$49 -> 0 | Z14: =H14/H$49 -> 0 | AA14: =I14/I$49 -> 0 | AB14: =J14/J$49 -> 0 | ... AE14: =M14/M$49 -> 0
B15: 27 | D15: 1 | E15: 6 | F15: 18 | G15: 2 | Q15: =SUM(C15:P15) -> 27 | T15: =B15 -> 27 | U15: =C15/C$49 -> 0 | V15: =D15/D$49 -> 0.018867925 | W15: =E15/E$49 -> 0.06741573 | X15: =F15/F$49 -> 0.08490566 | Y15: =G15/G$49 -> 0.0063091483 | Z15: =H15/H$49 -> 0 | AA15: =I15/I$49 -> 0 | AB15: =J15/J$49 -> 0 | ... AE15: =M15/M$49 -> 0
B16: 28 | D16: 1 | E16: 9 | F16: 21 | G16: 13 | H16: 4 | Q16: =SUM(C16:P16) -> 48 | T16: =B16 -> 28 | U16: =C16/C$49 -> 0 | V16: =D16/D$49 -> 0.018867925 | W16: =E16/E$49 -> 0.1011236 | X16: =F16/F$49 -> 0.099056604 | Y16: =G16/G$49 -> 0.041009464 | Z16: =H16/H$49 -> 0.010582011 | AA16: =I16/I$49 -> 0 | AB16: =J16/J$49 -> 0 | ... AE16: =M16/M$49 -> 0
B17: 29 | D17: 2 | E17: 18 | F17: 37 | G17: 21 | H17: 10 | Q17: =SUM(C17:P17) -> 88 | T17: =B17 -> 29 | U17: =C17/C$49 -> 0 | V17: =D17/D$49 -> 0.037735849 | W17: =E17/E$49 -> 0.20224719 | X17: =F17/F$49 -> 0.1745283 | Y17: =G17/G$49 -> 0.066246057 | Z17: =H17/H$49 -> 0.026455026 | AA17: =I17/I$49 -> 0 | AB17: =J17/J$49 -> 0 | ... AE17: =M17/M$49 -> 0
B18: 30 | D18: 1 | E18: 15 | F18: 43 | G18: 19 | H18: 7 | I18: 2 | Q18: =SUM(C18:P18) -> 87 | T18: =B18 -> 30 | U18: =C18/C$49 -> 0 | V18: =D18/D$49 -> 0.018867925 | W18: =E18/E$49 -> 0.16853933 | X18: =F18/F$49 -> 0.20283019 | Y18: =G18/G$49 -> 0.059936909 | Z18: =H18/H$49 -> 0.018518519 | AA18: =I18/I$49 -> 0.0057636888 | AB18: =J18/J$49 -> 0 | ... AE18: =M18/M$49 -> 0
B19: 31 | E19: 8 | F19: 13 | G19: 25 | H19: 10 | I19: 1 | Q19: =SUM(C19:P19) -> 57 | T19: =B19 -> 31 | U19: =C19/C$49 -> 0 | V19: =D19/D$49 -> 0 | W19: =E19/E$49 -> 0.08988764 | X19: =F19/F$49 -> 0.061320755 | Y19: =G19/G$49 -> 0.078864353 | Z19: =H19/H$49 -> 0.026455026 | AA19: =I19/I$49 -> 0.0028818444 | AB19: =J19/J$49 -> 0 | ... AE19: =M19/M$49 -> 0
B20: 32 | E20: 3 | F20: 19 | G20: 41 | H20: 19 | I20: 14 | J20: 2 | Q20: =SUM(C20:P20) -> 98 | T20: =B20 -> 32 | U20: =C20/C$49 -> 0 | V20: =D20/D$49 -> 0 | W20: =E20/E$49 -> 0.033707865 | X20: =F20/F$49 -> 0.089622642 | Y20: =G20/G$49 -> 0.12933754 | Z20: =H20/H$49 -> 0.05026455 | AA20: =I20/I$49 -> 0.040345821 | AB20: =J20/J$49 -> 0.0063492063 | ... AE20: =M20/M$49 -> 0
B21: 33 | F21: 12 | G21: 33 | H21: 30 | I21: 10 | J21: 2 | Q21: =SUM(C21:P21) -> 87 | T21: =B21 -> 33 | U21: =C21/C$49 -> 0 | V21: =D21/D$49 -> 0 | W21: =E21/E$49 -> 0 | X21: =F21/F$49 -> 0.056603774 | Y21: =G21/G$49 -> 0.10410095 | Z21: =H21/H$49 -> 0.079365079 | AA21: =I21/I$49 -> 0.028818444 | AB21: =J21/J$49 -> 0.0063492063 | ... AE21: =M21/M$49 -> 0
B22: 34 | E22: 2 | F22: 11 | G22: 30 | H22: 27 | I22: 20 | J22: 2 | Q22: =SUM(C22:P22) -> 92 | T22: =B22 -> 34 | U22: =C22/C$49 -> 0 | V22: =D22/D$49 -> 0 | W22: =E22/E$49 -> 0.02247191 | X22: =F22/F$49 -> 0.051886792 | Y22: =G22/G$49 -> 0.094637224 | Z22: =H22/H$49 -> 0.071428571 | AA22: =I22/I$49 -> 0.057636888 | AB22: =J22/J$49 -> 0.0063492063 | ... AE22: =M22/M$49 -> 0
B23: 35 | E23: 2 | F23: 8 | G23: 26 | H23: 45 | I23: 12 | J23: 6 | K23: 1 | Q23: =SUM(C23:P23) -> 100 | T23: =B23 -> 35 | U23: =C23/C$49 -> 0 | V23: =D23/D$49 -> 0 | W23: =E23/E$49 -> 0.02247191 | X23: =F23/F$49 -> 0.037735849 | Y23: =G23/G$49 -> 0.082018927 | Z23: =H23/H$49 -> 0.11904762 | AA23: =I23/I$49 -> 0.034582133 | AB23: =J23/J$49 -> 0.019047619 | ... AE23: =M23/M$49 -> 0
B24: 36 | E24: 1 | F24: 7 | G24: 27 | H24: 43 | I24: 18 | J24: 8 | K24: 6 | Q24: =SUM(C24:P24) -> 110 | T24: =B24 -> 36 | U24: =C24/C$49 -> 0 | V24: =D24/D$49 -> 0 | W24: =E24/E$49 -> 0.011235955 | X24: =F24/F$49 -> 0.033018868 | Y24: =G24/G$49 -> 0.085173502 | Z24: =H24/H$49 -> 0.11375661 | AA24: =I24/I$49 -> 0.051873199 | AB24: =J24/J$49 -> 0.025396825 | ... AE24: =M24/M$49 -> 0
B25: 37 | E25: 1 | F25: 4 | G25: 27 | H25: 33 | I25: 31 | J25: 8 | L25: 1 | Q25: =SUM(C25:P25) -> 105 | T25: =B25 -> 37 | U25: =C25/C$49 -> 0 | V25: =D25/D$49 -> 0 | W25: =E25/E$49 -> 0.011235955 | X25: =F25/F$49 -> 0.018867925 | Y25: =G25/G$49 -> 0.085173502 | Z25: =H25/H$49 -> 0.087301587 | AA25: =I25/I$49 -> 0.089337176 | AB25: =J25/J$49 -> 0.025396825 | ... AE25: =M25/M$49 -> 0
B26: 38 | F26: 5 | G26: 18 | H26: 34 | I26: 36 | J26: 14 | K26: 4 | Q26: =SUM(C26:P26) -> 111 | T26: =B26 -> 38 | U26: =C26/C$49 -> 0 | V26: =D26/D$49 -> 0 | W26: =E26/E$49 -> 0 | X26: =F26/F$49 -> 0.023584906 | Y26: =G26/G$49 -> 0.056782334 | Z26: =H26/H$49 -> 0.08994709 | AA26: =I26/I$49 -> 0.1037464 | AB26: =J26/J$49 -> 0.044444444 | ... AE26: =M26/M$49 -> 0
B27: 39 | F27: 2 | G27: 15 | H27: 39 | I27: 30 | J27: 15 | K27: 6 | Q27: =SUM(C27:P27) -> 107 | T27: =B27 -> 39 | U27: =C27/C$49 -> 0 | V27: =D27/D$49 -> 0 | W27: =E27/E$49 -> 0 | X27: =F27/F$49 -> 0.0094339623 | Y27: =G27/G$49 -> 0.047318612 | Z27: =H27/H$49 -> 0.1031746 | AA27: =I27/I$49 -> 0.086455331 | AB27: =J27/J$49 -> 0.047619048 | ... AE27: =M27/M$49 -> 0
B28: 40 | F28: 1 | G28: 12 | H28: 33 | I28: 31 | J28: 18 | K28: 7 | L28: 4 | M28: 1 | Q28: =SUM(C28:P28) -> 107 | T28: =B28 -> 40 | U28: =C28/C$49 -> 0 | V28: =D28/D$49 -> 0 | W28: =E28/E$49 -> 0 | X28: =F28/F$49 -> 0.0047169811 | Y28: =G28/G$49 -> 0.03785489 | Z28: =H28/H$49 -> 0.087301587 | AA28: =I28/I$49 -> 0.089337176 | AB28: =J28/J$49 -> 0.057142857 | ... AE28: =M28/M$49 -> 0.015151515
B29: 41 | F29: 1 | G29: 6 | H29: 20 | I29: 25 | J29: 19 | K29: 5 | L29: 4 | Q29: =SUM(C29:P29) -> 80 | T29: =B29 -> 41 | U29: =C29/C$49 -> 0 | V29: =D29/D$49 -> 0 | W29: =E29/E$49 -> 0 | X29: =F29/F$49 -> 0.0047169811 | Y29: =G29/G$49 -> 0.018927445 | Z29: =H29/H$49 -> 0.052910053 | AA29: =I29/I$49 -> 0.07204611 | AB29: =J29/J$49 -> 0.06031746 | ... AE29: =M29/M$49 -> 0
B30: 42 | F30: 1 | G30: 2 | H30: 9 | I30: 21 | J30: 24 | K30: 4 | L30: 3 | M30: 3 | Q30: =SUM(C30:P30) -> 67 | T30: =B30 -> 42 | U30: =C30/C$49 -> 0 | V30: =D30/D$49 -> 0 | W30: =E30/E$49 -> 0 | X30: =F30/F$49 -> 0.0047169811 | Y30: =G30/G$49 -> 0.0063091483 | Z30: =H30/H$49 -> 0.023809524 | AA30: =I30/I$49 -> 0.060518732 | AB30: =J30/J$49 -> 0.076190476 | ... AE30: =M30/M$49 -> 0.045454545
B31: 43 | H31: 2 | I31: 17 | J31: 20 | K31: 15 | L31: 8 | M31: 2 | Q31: =SUM(C31:P31) -> 64 | T31: =B31 -> 43 | U31: =C31/C$49 -> 0 | V31: =D31/D$49 -> 0 | W31: =E31/E$49 -> 0 | X31: =F31/F$49 -> 0 | Y31: =G31/G$49 -> 0 | Z31: =H31/H$49 -> 0.0052910053 | AA31: =I31/I$49 -> 0.048991354 | AB31: =J31/J$49 -> 0.063492063 | ... AE31: =M31/M$49 -> 0.03030303
B32: 44 | H32: 4 | I32: 18 | J32: 16 | K32: 20 | L32: 4 | Q32: =SUM(C32:P32) -> 62 | T32: =B32 -> 44 | U32: =C32/C$49 -> 0 | V32: =D32/D$49 -> 0 | W32: =E32/E$49 -> 0 | X32: =F32/F$49 -> 0 | Y32: =G32/G$49 -> 0 | Z32: =H32/H$49 -> 0.010582011 | AA32: =I32/I$49 -> 0.051873199 | AB32: =J32/J$49 -> 0.050793651 | ... AE32: =M32/M$49 -> 0
B33: 45 | H33: 4 | I33: 14 | J33: 21 | K33: 20 | L33: 9 | M33: 3 | Q33: =SUM(C33:P33) -> 71 | T33: =B33 -> 45 | U33: =C33/C$49 -> 0 | V33: =D33/D$49 -> 0 | W33: =E33/E$49 -> 0 | X33: =F33/F$49 -> 0 | Y33: =G33/G$49 -> 0 | Z33: =H33/H$49 -> 0.010582011 | AA33: =I33/I$49 -> 0.040345821 | AB33: =J33/J$49 -> 0.066666667 | ... AE33: =M33/M$49 -> 0.045454545
B34: 46 | H34: 2 | I34: 15 | J34: 17 | K34: 17 | L34: 12 | M34: 4 | Q34: =SUM(C34:P34) -> 67 | T34: =B34 -> 46 | U34: =C34/C$49 -> 0 | V34: =D34/D$49 -> 0 | W34: =E34/E$49 -> 0 | X34: =F34/F$49 -> 0 | Y34: =G34/G$49 -> 0 | Z34: =H34/H$49 -> 0.0052910053 | AA34: =I34/I$49 -> 0.043227666 | AB34: =J34/J$49 -> 0.053968254 | ... AE34: =M34/M$49 -> 0.060606061
B35: 47 | H35: 1 | I35: 10 | J35: 16 | K35: 12 | L35: 15 | M35: 4 | Q35: =SUM(C35:P35) -> 58 | T35: =B35 -> 47 | U35: =C35/C$49 -> 0 | V35: =D35/D$49 -> 0 | W35: =E35/E$49 -> 0 | X35: =F35/F$49 -> 0 | Y35: =G35/G$49 -> 0 | Z35: =H35/H$49 -> 0.0026455026 | AA35: =I35/I$49 -> 0.028818444 | AB35: =J35/J$49 -> 0.050793651 | ... AE35: =M35/M$49 -> 0.060606061
B36: 48 | I36: 3 | J36: 18 | K36: 18 | L36: 12 | M36: 7 | Q36: =SUM(C36:P36) -> 58 | T36: =B36 -> 48 | U36: =C36/C$49 -> 0 | V36: =D36/D$49 -> 0 | W36: =E36/E$49 -> 0 | X36: =F36/F$49 -> 0 | Y36: =G36/G$49 -> 0 | Z36: =H36/H$49 -> 0 | AA36: =I36/I$49 -> 0.0086455331 | AB36: =J36/J$49 -> 0.057142857 | ... AE36: =M36/M$49 -> 0.10606061
B37: 49 | I37: 5 | J37: 19 | K37: 20 | L37: 10 | M37: 2 | N37: 2 | Q37: =SUM(C37:P37) -> 58 | T37: =B37 -> 49 | U37: =C37/C$49 -> 0 | V37: =D37/D$49 -> 0 | W37: =E37/E$49 -> 0 | X37: =F37/F$49 -> 0 | Y37: =G37/G$49 -> 0 | Z37: =H37/H$49 -> 0 | AA37: =I37/I$49 -> 0.014409222 | AB37: =J37/J$49 -> 0.06031746 | ... AE37: =M37/M$49 -> 0.03030303
B38: 50 | J38: 14 | K38: 11 | L38: 19 | M38: 5 | Q38: =SUM(C38:P38) -> 49 | T38: =B38 -> 50 | U38: =C38/C$49 -> 0 | V38: =D38/D$49 -> 0 | W38: =E38/E$49 -> 0 | X38: =F38/F$49 -> 0 | Y38: =G38/G$49 -> 0 | Z38: =H38/H$49 -> 0 | AA38: =I38/I$49 -> 0 | AB38: =J38/J$49 -> 0.044444444 | ... AE38: =M38/M$49 -> 0.075757576
B39: 51 | I39: 5 | J39: 8 | K39: 10 | L39: 21 | M39: 7 | N39: 1 | Q39: =SUM(C39:P39) -> 52 | T39: =B39 -> 51 | U39: =C39/C$49 -> 0 | V39: =D39/D$49 -> 0 | W39: =E39/E$49 -> 0 | X39: =F39/F$49 -> 0 | Y39: =G39/G$49 -> 0 | Z39: =H39/H$49 -> 0 | AA39: =I39/I$49 -> 0.014409222 | AB39: =J39/J$49 -> 0.025396825 | ... AE39: =M39/M$49 -> 0.10606061
B40: 52 | I40: 2 | J40: 13 | K40: 14 | L40: 11 | M40: 4 | N40: 2 | Q40: =SUM(C40:P40) -> 46 | T40: =B40 -> 52 | U40: =C40/C$49 -> 0 | V40: =D40/D$49 -> 0 | W40: =E40/E$49 -> 0 | X40: =F40/F$49 -> 0 | Y40: =G40/G$49 -> 0 | Z40: =H40/H$49 -> 0 | AA40: =I40/I$49 -> 0.0057636888 | AB40: =J40/J$49 -> 0.041269841 | ... AE40: =M40/M$49 -> 0.060606061
B41: 53 | I41: 1 | J41: 11 | K41: 9 | L41: 12 | M41: 5 | Q41: =SUM(C41:P41) -> 38 | T41: =B41 -> 53 | U41: =C41/C$49 -> 0 | V41: =D41/D$49 -> 0 | W41: =E41/E$49 -> 0 | X41: =F41/F$49 -> 0 | Y41: =G41/G$49 -> 0 | Z41: =H41/H$49 -> 0 | AA41: =I41/I$49 -> 0.0028818444 | AB41: =J41/J$49 -> 0.034920635 | ... AE41: =M41/M$49 -> 0.075757576
B42: 54 | I42: 2 | J42: 9 | K42: 8 | L42: 14 | M42: 3 | N42: 2 | Q42: =SUM(C42:P42) -> 38 | T42: =B42 -> 54 | U42: =C42/C$49 -> 0 | V42: =D42/D$49 -> 0 | W42: =E42/E$49 -> 0 | X42: =F42/F$49 -> 0 | Y42: =G42/G$49 -> 0 | Z42: =H42/H$49 -> 0 | AA42: =I42/I$49 -> 0.0057636888 | AB42: =J42/J$49 -> 0.028571429 | ... AE42: =M42/M$49 -> 0.045454545
B43: 55 | I43: 2 | J43: 4 | K43: 16 | L43: 12 | M43: 2 | N43: 4 | Q43: =SUM(C43:P43) -> 40 | T43: =B43 -> 55 | U43: =C43/C$49 -> 0 | V43: =D43/D$49 -> 0 | W43: =E43/E$49 -> 0 | X43: =F43/F$49 -> 0 | Y43: =G43/G$49 -> 0 | Z43: =H43/H$49 -> 0 | AA43: =I43/I$49 -> 0.0057636888 | AB43: =J43/J$49 -> 0.012698413 | ... AE43: =M43/M$49 -> 0.03030303
B44: 56 | H44: 1 | J44: 5 | K44: 10 | L44: 8 | M44: 4 | Q44: =SUM(C44:P44) -> 28 | T44: =B44 -> 56 | U44: =C44/C$49 -> 0 | V44: =D44/D$49 -> 0 | W44: =E44/E$49 -> 0 | X44: =F44/F$49 -> 0 | Y44: =G44/G$49 -> 0 | Z44: =H44/H$49 -> 0.0026455026 | AA44: =I44/I$49 -> 0 | AB44: =J44/J$49 -> 0.015873016 | ... AE44: =M44/M$49 -> 0.060606061
B45: 57 | H45: 1 | I45: 2 | J45: 3 | K45: 4 | L45: 8 | M45: 6 | N45: 1 | Q45: =SUM(C45:P45) -> 25 | T45: =B45 -> 57 | U45: =C45/C$49 -> 0 | V45: =D45/D$49 -> 0 | W45: =E45/E$49 -> 0 | X45: =F45/F$49 -> 0 | Y45: =G45/G$49 -> 0 | Z45: =H45/H$49 -> 0.0026455026 | AA45: =I45/I$49 -> 0.0057636888 | AB45: =J45/J$49 -> 0.0095238095 | ... AE45: =M45/M$49 -> 0.090909091
B46: 58 | J46: 3 | K46: 3 | L46: 2 | N46: 1 | Q46: =SUM(C46:P46) -> 9 | T46: =B46 -> 58 | U46: =C46/C$49 -> 0 | V46: =D46/D$49 -> 0 | W46: =E46/E$49 -> 0 | X46: =F46/F$49 -> 0 | Y46: =G46/G$49 -> 0 | Z46: =H46/H$49 -> 0 | AA46: =I46/I$49 -> 0 | AB46: =J46/J$49 -> 0.0095238095 | ... AE46: =M46/M$49 -> 0
B47: 59 | L47: 2 | M47: 2 | Q47: =SUM(C47:P47) -> 4 | T47: =B47 -> 59 | U47: =C47/C$49 -> 0 | V47: =D47/D$49 -> 0 | W47: =E47/E$49 -> 0 | X47: =F47/F$49 -> 0 | Y47: =G47/G$49 -> 0 | Z47: =H47/H$49 -> 0 | AA47: =I47/I$49 -> 0 | AB47: =J47/J$49 -> 0 | ... AE47: =M47/M$49 -> 0.03030303
B48: 60 | C48: =SUM(C50:C58) -> 0 | D48: =SUM(D50:D58) -> 0 | E48: =SUM(E50:E58) -> 0 | F48: =SUM(F50:F58) -> 0 | G48: =SUM(G50:G58) -> 0 | H48: =SUM(H50:H58) -> 0 | I48: =SUM(I50:I58) -> 0 | J48: =SUM(J50:J58) -> 0 | ... P48: =SUM(P50:P58) -> 1 | Q48: =SUM(C48:P48) -> 10 | T48: =B48 -> 60 | U48: =C48/C$49 -> 0 | V48: =D48/D$49 -> 0 | W48: =E48/E$49 -> 0 | X48: =F48/F$49 -> 0 | Y48: =G48/G$49 -> 0 | Z48: =H48/H$49 -> 0 | AA48: =I48/I$49 -> 0 | AB48: =J48/J$49 -> 0 | ... AE48: =M48/M$49 -> 0.03030303
C49: =SUM(C5:C48) -> 8 | D49: =SUM(D5:D48) -> 53 | E49: =SUM(E5:E48) -> 89 | F49: =SUM(F5:F48) -> 212 | G49: =SUM(G5:G48) -> 317 | H49: =SUM(H5:H48) -> 378 | I49: =SUM(I5:I48) -> 347 | J49: =SUM(J5:J48) -> 315 | ... Q49: =SUM(Q5:Q48) -> 2237
B50: 60 | L50: 2 | M50: 1 | Q50: =SUM(C50:P50) -> 3
B51: 61 | M51: 1 | N51: 1 | O51: 1 | P51: 1 | Q51: 1
B52: 62 | Q52: =SUM(C52:P52) -> 0
B53: 63 | L53: 1 | Q53: =SUM(C53:P53) -> 1
B54: 64 | Q54: =SUM(C54:P54) -> 0
B55: 65 | Q55: =SUM(C55:P55) -> 0
B56: 66 | N56: 1 | Q56: =SUM(C56:P56) -> 1
B57: 67 | Q57: =SUM(C57:P57) -> 0
B58: 68 | O58: 1 | Q58: =SUM(C58:P58) -> 1
B59: Total | C59: =SUM(C8:C58) -> 16 | D59: =SUM(D8:D58) -> 104 | E59: =SUM(E8:E58) -> 178 | F59: =SUM(F8:F58) -> 424 | G59: =SUM(G8:G58) -> 634 | H59: =SUM(H8:H58) -> 756 | I59: =SUM(I8:I58) -> 694 | J59: =SUM(J8:J58) -> 630 | ... P59: =SUM(P8:P58) -> 3 | Q59: =SUM(C59:P59) -> 4482
B60: % | C60: =(C59/$Q$57)*100 -> #DIV/0! | D60: =(D59/$Q$57)*100 -> #DIV/0! | E60: =(E59/$Q$57)*100 -> #DIV/0! | F60: =(F59/$Q$57)*100 -> #DIV/0! | G60: =(G59/$Q$57)*100 -> #DIV/0! | H60: =(H59/$Q$57)*100 -> #DIV/0! | I60: =(I59/$Q$57)*100 -> #DIV/0! | J60: =(J59/$Q$57)*100 -> #DIV/0! | ... P60: =(P59/$Q$57)*100 -> #DIV/0! | Q60: =SUM(C60:P60) -> #DIV/0!

Sheet 2007
B2: CLAVE EDAD-TALLA JUREL 2007
B4: L.H. | C4: II | D4: III | E4: IV | F4: V | G4: VI | H4: VII | I4: VIII | J4: IX | K4: X | L4: XI | M4: XII | N4: XIII | O4: XIV | P4: XV | Q4: Total | U4: 2 | V4: 3 | W4: 4 | X4: 5 | Y4: 6 | Z4: 7 | AA4: 8 | AB4: 9 | AC4: 10 | AD4: 11 | AE4: 12
B5: =B6-1 -> 17 | T5: =B5 -> 17 | U5: 0 | V5: =D5/D$49 -> 0 | W5: =E5/E$49 -> 0 | X5: =F5/F$49 -> 0 | Y5: =G5/G$49 -> 0 | Z5: =H5/H$49 -> 0 | AA5: =I5/I$49 -> 0 | AB5: =J5/J$49 -> 0 | AC5: =K5/K$49 -> 0 | ... AE5: =M5/M$49 -> 0
B6: =B7-1 -> 18 | T6: =B6 -> 18 | U6: 0 | V6: =D6/D$49 -> 0 | W6: =E6/E$49 -> 0 | X6: =F6/F$49 -> 0 | Y6: =G6/G$49 -> 0 | Z6: =H6/H$49 -> 0 | AA6: =I6/I$49 -> 0 | AB6: =J6/J$49 -> 0 | AC6: =K6/K$49 -> 0 | ... AE6: =M6/M$49 -> 0
B7: =B8-1 -> 19 | T7: =B7 -> 19 | U7: 0 | V7: =D7/D$49 -> 0 | W7: =E7/E$49 -> 0 | X7: =F7/F$49 -> 0 | Y7: =G7/G$49 -> 0 | Z7: =H7/H$49 -> 0 | AA7: =I7/I$49 -> 0 | AB7: =J7/J$49 -> 0 | AC7: =K7/K$49 -> 0 | ... AE7: =M7/M$49 -> 0
B8: =B9-1 -> 20 | T8: =B8 -> 20 | U8: 0 | V8: =D8/D$49 -> 0 | W8: =E8/E$49 -> 0 | X8: =F8/F$49 -> 0 | Y8: =G8/G$49 -> 0 | Z8: =H8/H$49 -> 0 | AA8: =I8/I$49 -> 0 | AB8: =J8/J$49 -> 0 | AC8: =K8/K$49 -> 0 | ... AE8: =M8/M$49 -> 0
B9: =B10-1 -> 21 | D9: 3 | Q9: =SUM(C9:P9) -> 3 | T9: =B9 -> 21 | U9: 0 | V9: =D9/D$49 -> 0.42857143 | W9: =E9/E$49 -> 0 | X9: =F9/F$49 -> 0 | Y9: =G9/G$49 -> 0 | Z9: =H9/H$49 -> 0 | AA9: =I9/I$49 -> 0 | AB9: =J9/J$49 -> 0 | AC9: =K9/K$49 -> 0 | ... AE9: =M9/M$49 -> 0
B10: =B11-1 -> 22 | D10: 4 | E10: 4 | Q10: =SUM(C10:P10) -> 8 | T10: =B10 -> 22 | U10: 0 | V10: =D10/D$49 -> 0.57142857 | W10: =E10/E$49 -> 0.19047619 | X10: =F10/F$49 -> 0 | Y10: =G10/G$49 -> 0 | Z10: =H10/H$49 -> 0 | AA10: =I10/I$49 -> 0 | AB10: =J10/J$49 -> 0 | AC10: =K10/K$49 -> 0 | ... AE10: =M10/M$49 -> 0
B11: =B12-1 -> 23 | E11: 2 | Q11: =SUM(C11:P11) -> 2 | T11: =B11 -> 23 | U11: 0 | V11: =D11/D$49 -> 0 | W11: =E11/E$49 -> 0.095238095 | X11: =F11/F$49 -> 0 | Y11: =G11/G$49 -> 0 | Z11: =H11/H$49 -> 0 | AA11: =I11/I$49 -> 0 | AB11: =J11/J$49 -> 0 | AC11: =K11/K$49 -> 0 | ... AE11: =M11/M$49 -> 0
B12: =B13-1 -> 24 | E12: 6 | F12: 3 | Q12: =SUM(C12:P12) -> 9 | T12: =B12 -> 24 | U12: 0 | V12: =D12/D$49 -> 0 | W12: =E12/E$49 -> 0.28571429 | X12: =F12/F$49 -> 0.024793388 | Y12: =G12/G$49 -> 0 | Z12: =H12/H$49 -> 0 | AA12: =I12/I$49 -> 0 | AB12: =J12/J$49 -> 0 | AC12: =K12/K$49 -> 0 | ... AE12: =M12/M$49 -> 0
B13: 25 | E13: 6 | F13: 11 | G13: 3 | Q13: =SUM(C13:P13) -> 20 | T13: =B13 -> 25 | U13: 0 | V13: =D13/D$49 -> 0 | W13: =E13/E$49 -> 0.28571429 | X13: =F13/F$49 -> 0.090909091 | Y13: =G13/G$49 -> 0.014018692 | Z13: =H13/H$49 -> 0 | AA13: =I13/I$49 -> 0 | AB13: =J13/J$49 -> 0 | AC13: =K13/K$49 -> 0 | ... AE13: =M13/M$49 -> 0
B14: 26 | E14: 3 | F14: 9 | G14: 6 | Q14: =SUM(C14:P14) -> 18 | T14: =B14 -> 26 | U14: 0 | V14: =D14/D$49 -> 0 | W14: =E14/E$49 -> 0.14285714 | X14: =F14/F$49 -> 0.074380165 | Y14: =G14/G$49 -> 0.028037383 | Z14: =H14/H$49 -> 0 | AA14: =I14/I$49 -> 0 | AB14: =J14/J$49 -> 0 | AC14: =K14/K$49 -> 0 | ... AE14: =M14/M$49 -> 0
B15: 27 | F15: 9 | G15: 8 | Q15: =SUM(C15:P15) -> 17 | T15: =B15 -> 27 | U15: 0 | V15: =D15/D$49 -> 0 | W15: =E15/E$49 -> 0 | X15: =F15/F$49 -> 0.074380165 | Y15: =G15/G$49 -> 0.037383178 | Z15: =H15/H$49 -> 0 | AA15: =I15/I$49 -> 0 | AB15: =J15/J$49 -> 0 | AC15: =K15/K$49 -> 0 | ... AE15: =M15/M$49 -> 0
B16: 28 | F16: 12 | G16: 13 | Q16: =SUM(C16:P16) -> 25 | T16: =B16 -> 28 | U16: 0 | V16: =D16/D$49 -> 0 | W16: =E16/E$49 -> 0 | X16: =F16/F$49 -> 0.099173554 | Y16: =G16/G$49 -> 0.060747664 | Z16: =H16/H$49 -> 0 | AA16: =I16/I$49 -> 0 | AB16: =J16/J$49 -> 0 | AC16: =K16/K$49 -> 0 | ... AE16: =M16/M$49 -> 0
B17: 29 | F17: 19 | G17: 21 | H17: 7 | Q17: =SUM(C17:P17) -> 47 | T17: =B17 -> 29 | U17: 0 | V17: =D17/D$49 -> 0 | W17: =E17/E$49 -> 0 | X17: =F17/F$49 -> 0.15702479 | Y17: =G17/G$49 -> 0.098130841 | Z17: =H17/H$49 -> 0.024911032 | AA17: =I17/I$49 -> 0 | AB17: =J17/J$49 -> 0 | AC17: =K17/K$49 -> 0 | ... AE17: =M17/M$49 -> 0
B18: 30 | F18: 16 | G18: 25 | H18: 21 | Q18: =SUM(C18:P18) -> 62 | T18: =B18 -> 30 | U18: 0 | V18: =D18/D$49 -> 0 | W18: =E18/E$49 -> 0 | X18: =F18/F$49 -> 0.1322314 | Y18: =G18/G$49 -> 0.11682243 | Z18: =H18/H$49 -> 0.074733096 | AA18: =I18/I$49 -> 0 | AB18: =J18/J$49 -> 0 | AC18: =K18/K$49 -> 0 | ... AE18: =M18/M$49 -> 0
B19: 31 | F19: 15 | G19: 27 | H19: 21 | Q19: =SUM(C19:P19) -> 63 | T19: =B19 -> 31 | U19: 0 | V19: =D19/D$49 -> 0 | W19: =E19/E$49 -> 0 | X19: =F19/F$49 -> 0.12396694 | Y19: =G19/G$49 -> 0.12616822 | Z19: =H19/H$49 -> 0.074733096 | AA19: =I19/I$49 -> 0 | AB19: =J19/J$49 -> 0 | AC19: =K19/K$49 -> 0 | ... AE19: =M19/M$49 -> 0
B20: 32 | F20: 13 | G20: 23 | H20: 31 | I20: 9 | Q20: =SUM(C20:P20) -> 76 | T20: =B20 -> 32 | U20: 0 | V20: =D20/D$49 -> 0 | W20: =E20/E$49 -> 0 | X20: =F20/F$49 -> 0.10743802 | Y20: =G20/G$49 -> 0.10747664 | Z20: =H20/H$49 -> 0.11032028 | AA20: =I20/I$49 -> 0.034749035 | AB20: =J20/J$49 -> 0 | AC20: =K20/K$49 -> 0 | ... AE20: =M20/M$49 -> 0
B21: 33 | F21: 10 | G21: 23 | H21: 32 | I21: 6 | Q21: =SUM(C21:P21) -> 71 | T21: =B21 -> 33 | U21: 0 | V21: =D21/D$49 -> 0 | W21: =E21/E$49 -> 0 | X21: =F21/F$49 -> 0.082644628 | Y21: =G21/G$49 -> 0.10747664 | Z21: =H21/H$49 -> 0.113879 | AA21: =I21/I$49 -> 0.023166023 | AB21: =J21/J$49 -> 0 | AC21: =K21/K$49 -> 0 | ... AE21: =M21/M$49 -> 0
B22: 34 | F22: 2 | G22: 23 | H22: 32 | I22: 20 | J22: 8 | Q22: =SUM(C22:P22) -> 85 | T22: =B22 -> 34 | U22: 0 | V22: =D22/D$49 -> 0 | W22: =E22/E$49 -> 0 | X22: =F22/F$49 -> 0.016528926 | Y22: =G22/G$49 -> 0.10747664 | Z22: =H22/H$49 -> 0.113879 | AA22: =I22/I$49 -> 0.077220077 | AB22: =J22/J$49 -> 0.026936027 | AC22: =K22/K$49 -> 0 | ... AE22: =M22/M$49 -> 0
B23: 35 | F23: 2 | G23: 13 | H23: 25 | I23: 20 | J23: 7 | K23: 2 | Q23: =SUM(C23:P23) -> 69 | T23: =B23 -> 35 | U23: 0 | V23: =D23/D$49 -> 0 | W23: =E23/E$49 -> 0 | X23: =F23/F$49 -> 0.016528926 | Y23: =G23/G$49 -> 0.060747664 | Z23: =H23/H$49 -> 0.088967972 | AA23: =I23/I$49 -> 0.077220077 | AB23: =J23/J$49 -> 0.023569024 | AC23: =K23/K$49 -> 0.0065789474 | ... AE23: =M23/M$49 -> 0
B24: 36 | G24: 12 | H24: 16 | I24: 22 | J24: 19 | K24: 4 | Q24: =SUM(C24:P24) -> 73 | T24: =B24 -> 36 | U24: 0 | V24: =D24/D$49 -> 0 | W24: =E24/E$49 -> 0 | X24: =F24/F$49 -> 0 | Y24: =G24/G$49 -> 0.056074766 | Z24: =H24/H$49 -> 0.056939502 | AA24: =I24/I$49 -> 0.084942085 | AB24: =J24/J$49 -> 0.063973064 | AC24: =K24/K$49 -> 0.013157895 | ... AE24: =M24/M$49 -> 0
B25: 37 | G25: 4 | H25: 19 | I25: 22 | J25: 18 | K25: 2 | Q25: =SUM(C25:P25) -> 65 | T25: =B25 -> 37 | U25: 0 | V25: =D25/D$49 -> 0 | W25: =E25/E$49 -> 0 | X25: =F25/F$49 -> 0 | Y25: =G25/G$49 -> 0.018691589 | Z25: =H25/H$49 -> 0.067615658 | AA25: =I25/I$49 -> 0.084942085 | AB25: =J25/J$49 -> 0.060606061 | AC25: =K25/K$49 -> 0.0065789474 | ... AE25: =M25/M$49 -> 0
B26: 38 | G26: 4 | H26: 14 | I26: 26 | J26: 22 | K26: 6 | Q26: =SUM(C26:P26) -> 72 | T26: =B26 -> 38 | U26: 0 | V26: =D26/D$49 -> 0 | W26: =E26/E$49 -> 0 | X26: =F26/F$49 -> 0 | Y26: =G26/G$49 -> 0.018691589 | Z26: =H26/H$49 -> 0.049822064 | AA26: =I26/I$49 -> 0.1003861 | AB26: =J26/J$49 -> 0.074074074 | AC26: =K26/K$49 -> 0.019736842 | ... AE26: =M26/M$49 -> 0
B27: 39 | G27: 4 | H27: 13 | I27: 24 | J27: 21 | K27: 9 | Q27: =SUM(C27:P27) -> 71 | T27: =B27 -> 39 | U27: 0 | V27: =D27/D$49 -> 0 | W27: =E27/E$49 -> 0 | X27: =F27/F$49 -> 0 | Y27: =G27/G$49 -> 0.018691589 | Z27: =H27/H$49 -> 0.046263345 | AA27: =I27/I$49 -> 0.092664093 | AB27: =J27/J$49 -> 0.070707071 | AC27: =K27/K$49 -> 0.029605263 | ... AE27: =M27/M$49 -> 0
B28: 40 | G28: 2 | H28: 8 | I28: 27 | J28: 27 | K28: 9 | L28: 3 | Q28: =SUM(C28:P28) -> 76 | T28: =B28 -> 40 | U28: 0 | V28: =D28/D$49 -> 0 | W28: =E28/E$49 -> 0 | X28: =F28/F$49 -> 0 | Y28: =G28/G$49 -> 0.0093457944 | Z28: =H28/H$49 -> 0.028469751 | AA28: =I28/I$49 -> 0.1042471 | AB28: =J28/J$49 -> 0.090909091 | AC28: =K28/K$49 -> 0.029605263 | ... AE28: =M28/M$49 -> 0
B29: 41 | G29: 1 | H29: 15 | I29: 15 | J29: 25 | K29: 11 | L29: 4 | Q29: =SUM(C29:P29) -> 71 | T29: =B29 -> 41 | U29: 0 | V29: =D29/D$49 -> 0 | W29: =E29/E$49 -> 0 | X29: =F29/F$49 -> 0 | Y29: =G29/G$49 -> 0.0046728972 | Z29: =H29/H$49 -> 0.053380783 | AA29: =I29/I$49 -> 0.057915058 | AB29: =J29/J$49 -> 0.084175084 | AC29: =K29/K$49 -> 0.036184211 | ... AE29: =M29/M$49 -> 0
B30: 42 | G30: 1 | H30: 8 | I30: 12 | J30: 25 | K30: 17 | L30: 11 | M30: 1 | Q30: =SUM(C30:P30) -> 75 | T30: =B30 -> 42 | U30: 0 | V30: =D30/D$49 -> 0 | W30: =E30/E$49 -> 0 | X30: =F30/F$49 -> 0 | Y30: =G30/G$49 -> 0.0046728972 | Z30: =H30/H$49 -> 0.028469751 | AA30: =I30/I$49 -> 0.046332046 | AB30: =J30/J$49 -> 0.084175084 | AC30: =K30/K$49 -> 0.055921053 | ... AE30: =M30/M$49 -> 0.0063291139
B31: 43 | G31: 1 | H31: 10 | I31: 11 | J31: 11 | K31: 23 | L31: 14 | M31: 4 | Q31: =SUM(C31:P31) -> 74 | T31: =B31 -> 43 | U31: 0 | V31: =D31/D$49 -> 0 | W31: =E31/E$49 -> 0 | X31: =F31/F$49 -> 0 | Y31: =G31/G$49 -> 0.0046728972 | Z31: =H31/H$49 -> 0.035587189 | AA31: =I31/I$49 -> 0.042471042 | AB31: =J31/J$49 -> 0.037037037 | AC31: =K31/K$49 -> 0.075657895 | ... AE31: =M31/M$49 -> 0.025316456
B32: 44 | I32: 3 | J32: 24 | K32: 27 | L32: 17 | M32: 3 | Q32: =SUM(C32:P32) -> 74 | T32: =B32 -> 44 | U32: 0 | V32: =D32/D$49 -> 0 | W32: =E32/E$49 -> 0 | X32: =F32/F$49 -> 0 | Y32: =G32/G$49 -> 0 | Z32: =H32/H$49 -> 0 | AA32: =I32/I$49 -> 0.011583012 | AB32: =J32/J$49 -> 0.080808081 | AC32: =K32/K$49 -> 0.088815789 | ... AE32: =M32/M$49 -> 0.018987342
B33: 45 | H33: 7 | I33: 9 | J33: 15 | K33: 19 | L33: 14 | M33: 9 | Q33: =SUM(C33:P33) -> 73 | T33: =B33 -> 45 | U33: 0 | V33: =D33/D$49 -> 0 | W33: =E33/E$49 -> 0 | X33: =F33/F$49 -> 0 | Y33: =G33/G$49 -> 0 | Z33: =H33/H$49 -> 0.024911032 | AA33: =I33/I$49 -> 0.034749035 | AB33: =J33/J$49 -> 0.050505051 | AC33: =K33/K$49 -> 0.0625 | ... AE33: =M33/M$49 -> 0.056962025
B34: 46 | H34: 1 | I34: 14 | J34: 23 | K34: 17 | L34: 17 | M34: 7 | Q34: =SUM(C34:P34) -> 79 | T34: =B34 -> 46 | U34: 0 | V34: =D34/D$49 -> 0 | W34: =E34/E$49 -> 0 | X34: =F34/F$49 -> 0 | Y34: =G34/G$49 -> 0 | Z34: =H34/H$49 -> 0.0035587189 | AA34: =I34/I$49 -> 0.054054054 | AB34: =J34/J$49 -> 0.077441077 | AC34: =K34/K$49 -> 0.055921053 | ... AE34: =M34/M$49 -> 0.044303797
B35: 47 | I35: 5 | J35: 9 | K35: 18 | L35: 23 | M35: 14 | N35: 2 | Q35: =SUM(C35:P35) -> 71 | T35: =B35 -> 47 | U35: 0 | V35: =D35/D$49 -> 0 | W35: =E35/E$49 -> 0 | X35: =F35/F$49 -> 0 | Y35: =G35/G$49 -> 0 | Z35: =H35/H$49 -> 0 | AA35: =I35/I$49 -> 0.019305019 | AB35: =J35/J$49 -> 0.03030303 | AC35: =K35/K$49 -> 0.059210526 | ... AE35: =M35/M$49 -> 0.088607595
B36: 48 | H36: 1 | I36: 5 | J36: 6 | K36: 31 | L36: 13 | M36: 14 | N36: 5 | Q36: =SUM(C36:P36) -> 75 | T36: =B36 -> 48 | U36: 0 | V36: =D36/D$49 -> 0 | W36: =E36/E$49 -> 0 | X36: =F36/F$49 -> 0 | Y36: =G36/G$49 -> 0 | Z36: =H36/H$49 -> 0.0035587189 | AA36: =I36/I$49 -> 0.019305019 | AB36: =J36/J$49 -> 0.02020202 | AC36: =K36/K$49 -> 0.10197368 | ... AE36: =M36/M$49 -> 0.088607595
B37: 49 | I37: 4 | J37: 12 | K37: 18 | L37: 21 | M37: 10 | N37: 6 | Q37: =SUM(C37:P37) -> 71 | T37: =B37 -> 49 | U37: 0 | V37: =D37/D$49 -> 0 | W37: =E37/E$49 -> 0 | X37: =F37/F$49 -> 0 | Y37: =G37/G$49 -> 0 | Z37: =H37/H$49 -> 0 | AA37: =I37/I$49 -> 0.015444015 | AB37: =J37/J$49 -> 0.04040404 | AC37: =K37/K$49 -> 0.059210526 | ... AE37: =M37/M$49 -> 0.063291139
B38: 50 | J38: 3 | K38: 14 | L38: 14 | M38: 11 | N38: 9 | Q38: =SUM(C38:P38) -> 51 | T38: =B38 -> 50 | U38: 0 | V38: =D38/D$49 -> 0 | W38: =E38/E$49 -> 0 | X38: =F38/F$49 -> 0 | Y38: =G38/G$49 -> 0 | Z38: =H38/H$49 -> 0 | AA38: =I38/I$49 -> 0 | AB38: =J38/J$49 -> 0.01010101 | AC38: =K38/K$49 -> 0.046052632 | ... AE38: =M38/M$49 -> 0.069620253
B39: 51 | J39: 4 | K39: 15 | L39: 20 | M39: 10 | N39: 7 | Q39: =SUM(C39:P39) -> 56 | T39: =B39 -> 51 | U39: 0 | V39: =D39/D$49 -> 0 | W39: =E39/E$49 -> 0 | X39: =F39/F$49 -> 0 | Y39: =G39/G$49 -> 0 | Z39: =H39/H$49 -> 0 | AA39: =I39/I$49 -> 0 | AB39: =J39/J$49 -> 0.013468013 | AC39: =K39/K$49 -> 0.049342105 | ... AE39: =M39/M$49 -> 0.063291139
B40: 52 | I40: 3 | J40: 8 | K40: 17 | L40: 12 | M40: 10 | N40: 7 | Q40: =SUM(C40:P40) -> 57 | T40: =B40 -> 52 | U40: 0 | V40: =D40/D$49 -> 0 | W40: =E40/E$49 -> 0 | X40: =F40/F$49 -> 0 | Y40: =G40/G$49 -> 0 | Z40: =H40/H$49 -> 0 | AA40: =I40/I$49 -> 0.011583012 | AB40: =J40/J$49 -> 0.026936027 | AC40: =K40/K$49 -> 0.055921053 | ... AE40: =M40/M$49 -> 0.063291139
B41: 53 | I41: 2 | J41: 3 | K41: 11 | L41: 9 | M41: 14 | N41: 7 | Q41: =SUM(C41:P41) -> 46 | T41: =B41 -> 53 | U41: 0 | V41: =D41/D$49 -> 0 | W41: =E41/E$49 -> 0 | X41: =F41/F$49 -> 0 | Y41: =G41/G$49 -> 0 | Z41: =H41/H$49 -> 0 | AA41: =I41/I$49 -> 0.0077220077 | AB41: =J41/J$49 -> 0.01010101 | AC41: =K41/K$49 -> 0.036184211 | ... AE41: =M41/M$49 -> 0.088607595
B42: 54 | J42: 1 | K42: 11 | L42: 11 | M42: 7 | N42: 4 | O42: 2 | Q42: =SUM(C42:P42) -> 36 | T42: =B42 -> 54 | U42: 0 | V42: =D42/D$49 -> 0 | W42: =E42/E$49 -> 0 | X42: =F42/F$49 -> 0 | Y42: =G42/G$49 -> 0 | Z42: =H42/H$49 -> 0 | AA42: =I42/I$49 -> 0 | AB42: =J42/J$49 -> 0.0033670034 | AC42: =K42/K$49 -> 0.036184211 | ... AE42: =M42/M$49 -> 0.044303797
B43: 55 | J43: 4 | K43: 7 | L43: 12 | M43: 8 | N43: 5 | O43: 4 | Q43: =SUM(C43:P43) -> 40 | T43: =B43 -> 55 | U43: 0 | V43: =D43/D$49 -> 0 | W43: =E43/E$49 -> 0 | X43: =F43/F$49 -> 0 | Y43: =G43/G$49 -> 0 | Z43: =H43/H$49 -> 0 | AA43: =I43/I$49 -> 0 | AB43: =J43/J$49 -> 0.013468013 | AC43: =K43/K$49 -> 0.023026316 | ... AE43: =M43/M$49 -> 0.050632911
B44: 56 | J44: 2 | K44: 8 | L44: 13 | M44: 10 | N44: 9 | Q44: =SUM(C44:P44) -> 42 | T44: =B44 -> 56 | U44: 0 | V44: =D44/D$49 -> 0 | W44: =E44/E$49 -> 0 | X44: =F44/F$49 -> 0 | Y44: =G44/G$49 -> 0 | Z44: =H44/H$49 -> 0 | AA44: =I44/I$49 -> 0 | AB44: =J44/J$49 -> 0.0067340067 | AC44: =K44/K$49 -> 0.026315789 | ... AE44: =M44/M$49 -> 0.063291139
B45: 57 | K45: 3 | L45: 8 | M45: 9 | N45: 5 | O45: 2 | Q45: =SUM(C45:P45) -> 27 | T45: =B45 -> 57 | U45: 0 | V45: =D45/D$49 -> 0 | W45: =E45/E$49 -> 0 | X45: =F45/F$49 -> 0 | Y45: =G45/G$49 -> 0 | Z45: =H45/H$49 -> 0 | AA45: =I45/I$49 -> 0 | AB45: =J45/J$49 -> 0 | AC45: =K45/K$49 -> 0.0098684211 | ... AE45: =M45/M$49 -> 0.056962025
B46: 58 | K46: 2 | L46: 9 | M46: 5 | N46: 4 | O46: 2 | Q46: =SUM(C46:P46) -> 22 | T46: =B46 -> 58 | U46: 0 | V46: =D46/D$49 -> 0 | W46: =E46/E$49 -> 0 | X46: =F46/F$49 -> 0 | Y46: =G46/G$49 -> 0 | Z46: =H46/H$49 -> 0 | AA46: =I46/I$49 -> 0 | AB46: =J46/J$49 -> 0 | AC46: =K46/K$49 -> 0.0065789474 | ... AE46: =M46/M$49 -> 0.03164557
B47: 59 | K47: 1 | L47: 6 | M47: 5 | P47: 1 | Q47: =SUM(C47:P47) -> 13 | T47: =B47 -> 59 | U47: 0 | V47: =D47/D$49 -> 0 | W47: =E47/E$49 -> 0 | X47: =F47/F$49 -> 0 | Y47: =G47/G$49 -> 0 | Z47: =H47/H$49 -> 0 | AA47: =I47/I$49 -> 0 | AB47: =J47/J$49 -> 0 | AC47: =K47/K$49 -> 0.0032894737 | ... AE47: =M47/M$49 -> 0.03164557
B48: 60 | C48: =SUM(C50:C54) -> 0 | D48: =SUM(D50:D54) -> 0 | E48: =SUM(E50:E54) -> 0 | F48: =SUM(F50:F54) -> 0 | G48: =SUM(G50:G54) -> 0 | H48: =SUM(H50:H54) -> 0 | I48: =SUM(I50:I54) -> 0 | J48: =SUM(J50:J54) -> 0 | ... Q48: =SUM(Q50:Q54) -> 21 | T48: =B48 -> 60 | U48: 0 | V48: =D48/D$49 -> 0 | W48: =E48/E$49 -> 0 | X48: =F48/F$49 -> 0 | Y48: =G48/G$49 -> 0 | Z48: =H48/H$49 -> 0 | AA48: =I48/I$49 -> 0 | AB48: =J48/J$49 -> 0 | AC48: =K48/K$49 -> 0.0065789474 | ... AE48: =M48/M$49 -> 0.044303797
C49: =SUM(C5:C48) -> 0 | D49: =SUM(D5:D48) -> 7 | E49: =SUM(E5:E48) -> 21 | F49: =SUM(F5:F48) -> 121 | G49: =SUM(G5:G48) -> 214 | H49: =SUM(H5:H48) -> 281 | I49: =SUM(I5:I48) -> 259 | J49: =SUM(J5:J48) -> 297 | ... Q49: =SUM(Q5:Q48) -> 2006
B50: 60 | K50: 2 | L50: 2 | M50: 5 | N50: 3 | O50: 1 | Q50: =SUM(C50:P50) -> 13
B51: 61 | M51: 1 | N51: 1 | O51: 1 | P51: 1 | Q51: 1
B52: 62 | M52: 1 | N52: 2 | O52: 2 | Q52: =SUM(C52:P52) -> 5
B53: 63 | N53: 1 | Q53: =SUM(C53:P53) -> 1
B54: 64 | N54: 1 | Q54: =SUM(C54:P54) -> 1
B55: Total | C55: =SUM(C11:C54) -> 0 | D55: =SUM(D11:D54) -> 7 | E55: =SUM(E11:E54) -> 38 | F55: =SUM(F11:F54) -> 242 | G55: =SUM(G11:G54) -> 428 | H55: =SUM(H11:H54) -> 562 | I55: =SUM(I11:I54) -> 518 | J55: =SUM(J11:J54) -> 594 | ... P55: =SUM(P11:P54) -> 5 | Q55: =SUM(C55:N55) -> 3994
B56: % | C56: =(C55/$Q$53)*100 -> 0 | D56: =(D55/$Q$53)*100 -> 700 | E56: =(E55/$Q$53)*100 -> 3800 | F56: =(F55/$Q$53)*100 -> 24200 | G56: =(G55/$Q$53)*100 -> 42800 | H56: =(H55/$Q$53)*100 -> 56200 | I56: =(I55/$Q$53)*100 -> 51800 | J56: =(J55/$Q$53)*100 -> 59400 | ... P56: =(P55/$Q$53)*100 -> 500 | Q56: =SUM(C56:N56) -> 399400
D58: =SUMPRODUCT($B11:$B54,D11:D54)/SUM(D11:D54) -> 0 | E58: =SUMPRODUCT($B11:$B54,E11:E54)/SUM(E11:E54) -> 11 | F58: =SUMPRODUCT($B11:$B54,F11:F54)/SUM(F11:F54) -> 14.628099 | G58: =SUMPRODUCT($B11:$B54,G11:G54)/SUM(G11:G54) -> 15.964953 | H58: =SUMPRODUCT($B11:$B54,H11:H54)/SUM(H11:H54) -> 17.656584 | I58: =SUMPRODUCT($B11:$B54,I11:I54)/SUM(I11:I54) -> 19.656371 | J58: =SUMPRODUCT($B11:$B54,J11:J54)/SUM(J11:J54) -> 21.132997 | K58: =SUMPRODUCT($B11:$B54,K11:K54)/SUM(K11:K54) -> 23.552459 | ... P58: =SUMPRODUCT($B11:$B54,P11:P54)/SUM(P11:P54) -> 36

Sheet 2006
B2: CLAVE EDAD-TALLA JUREL 2006
B4: L.H. | C4: II | D4: III | E4: IV | F4: V | G4: VI | H4: VII | I4: VIII | J4: IX | K4: X | L4: XI | M4: XII | N4: XIII | O4: Total | U4: 2 | V4: 3 | W4: 4 | X4: 5 | Y4: 6 | Z4: 7 | AA4: 8 | AB4: 9 | AC4: 10 | AD4: 11 | AE4: 12
B5: =B6-1 -> 17 | T5: =B5 -> 17 | U5: 0 | V5: =D5/D$49 -> 0 | W5: =E5/E$49 -> 0 | X5: =F5/F$49 -> 0 | Y5: =G5/G$49 -> 0 | Z5: =H5/H$49 -> 0 | AA5: =I5/I$49 -> 0 | AB5: =J5/J$49 -> 0 | AC5: =K5/K$49 -> 0 | ... AE5: =M5/M$49 -> 0
B6: =B7-1 -> 18 | T6: =B6 -> 18 | U6: 0 | V6: =D6/D$49 -> 0 | W6: =E6/E$49 -> 0 | X6: =F6/F$49 -> 0 | Y6: =G6/G$49 -> 0 | Z6: =H6/H$49 -> 0 | AA6: =I6/I$49 -> 0 | AB6: =J6/J$49 -> 0 | AC6: =K6/K$49 -> 0 | ... AE6: =M6/M$49 -> 0
B7: =B8-1 -> 19 | D7: 1 | O7: =SUM(C7:N7) -> 1 | T7: =B7 -> 19 | U7: 0 | V7: =D7/D$49 -> 1 | W7: =E7/E$49 -> 0 | X7: =F7/F$49 -> 0 | Y7: =G7/G$49 -> 0 | Z7: =H7/H$49 -> 0 | AA7: =I7/I$49 -> 0 | AB7: =J7/J$49 -> 0 | AC7: =K7/K$49 -> 0 | ... AE7: =M7/M$49 -> 0
B8: =B9-1 -> 20 | O8: =SUM(C8:N8) -> 0 | T8: =B8 -> 20 | U8: 0 | V8: =D8/D$49 -> 0 | W8: =E8/E$49 -> 0 | X8: =F8/F$49 -> 0 | Y8: =G8/G$49 -> 0 | Z8: =H8/H$49 -> 0 | AA8: =I8/I$49 -> 0 | AB8: =J8/J$49 -> 0 | AC8: =K8/K$49 -> 0 | ... AE8: =M8/M$49 -> 0
B9: =B10-1 -> 21 | O9: =SUM(C9:N9) -> 0 | T9: =B9 -> 21 | U9: 0 | V9: =D9/D$49 -> 0 | W9: =E9/E$49 -> 0 | X9: =F9/F$49 -> 0 | Y9: =G9/G$49 -> 0 | Z9: =H9/H$49 -> 0 | AA9: =I9/I$49 -> 0 | AB9: =J9/J$49 -> 0 | AC9: =K9/K$49 -> 0 | ... AE9: =M9/M$49 -> 0
B10: =B11-1 -> 22 | E10: 1 | O10: =SUM(C10:N10) -> 1 | T10: =B10 -> 22 | U10: 0 | V10: =D10/D$49 -> 0 | W10: =E10/E$49 -> 0.034482759 | X10: =F10/F$49 -> 0 | Y10: =G10/G$49 -> 0 | Z10: =H10/H$49 -> 0 | AA10: =I10/I$49 -> 0 | AB10: =J10/J$49 -> 0 | AC10: =K10/K$49 -> 0 | ... AE10: =M10/M$49 -> 0
B11: =B12-1 -> 23 | O11: =SUM(C11:N11) -> 0 | T11: =B11 -> 23 | U11: 0 | V11: =D11/D$49 -> 0 | W11: =E11/E$49 -> 0 | X11: =F11/F$49 -> 0 | Y11: =G11/G$49 -> 0 | Z11: =H11/H$49 -> 0 | AA11: =I11/I$49 -> 0 | AB11: =J11/J$49 -> 0 | AC11: =K11/K$49 -> 0 | ... AE11: =M11/M$49 -> 0
B12: =B13-1 -> 24 | O12: =SUM(C12:N12) -> 0 | T12: =B12 -> 24 | U12: 0 | V12: =D12/D$49 -> 0 | W12: =E12/E$49 -> 0 | X12: =F12/F$49 -> 0 | Y12: =G12/G$49 -> 0 | Z12: =H12/H$49 -> 0 | AA12: =I12/I$49 -> 0 | AB12: =J12/J$49 -> 0 | AC12: =K12/K$49 -> 0 | ... AE12: =M12/M$49 -> 0
B13: 25 | O13: =SUM(C13:N13) -> 0 | T13: =B13 -> 25 | U13: 0 | V13: =D13/D$49 -> 0 | W13: =E13/E$49 -> 0 | X13: =F13/F$49 -> 0 | Y13: =G13/G$49 -> 0 | Z13: =H13/H$49 -> 0 | AA13: =I13/I$49 -> 0 | AB13: =J13/J$49 -> 0 | AC13: =K13/K$49 -> 0 | ... AE13: =M13/M$49 -> 0
B14: 26 | F14: 1 | O14: =SUM(C14:N14) -> 1 | T14: =B14 -> 26 | U14: 0 | V14: =D14/D$49 -> 0 | W14: =E14/E$49 -> 0 | X14: =F14/F$49 -> 0.0088495575 | Y14: =G14/G$49 -> 0 | Z14: =H14/H$49 -> 0 | AA14: =I14/I$49 -> 0 | AB14: =J14/J$49 -> 0 | AC14: =K14/K$49 -> 0 | ... AE14: =M14/M$49 -> 0
B15: 27 | E15: 5 | G15: 1 | O15: =SUM(C15:N15) -> 6 | T15: =B15 -> 27 | U15: 0 | V15: =D15/D$49 -> 0 | W15: =E15/E$49 -> 0.17241379 | X15: =F15/F$49 -> 0 | Y15: =G15/G$49 -> 0.0040650407 | Z15: =H15/H$49 -> 0 | AA15: =I15/I$49 -> 0 | AB15: =J15/J$49 -> 0 | AC15: =K15/K$49 -> 0 | ... AE15: =M15/M$49 -> 0
B16: 28 | E16: 10 | F16: 25 | G16: 11 | H16: 5 | O16: =SUM(C16:N16) -> 51 | T16: =B16 -> 28 | U16: 0 | V16: =D16/D$49 -> 0 | W16: =E16/E$49 -> 0.34482759 | X16: =F16/F$49 -> 0.22123894 | Y16: =G16/G$49 -> 0.044715447 | Z16: =H16/H$49 -> 0.018518519 | AA16: =I16/I$49 -> 0 | AB16: =J16/J$49 -> 0 | AC16: =K16/K$49 -> 0 | ... AE16: =M16/M$49 -> 0
B17: 29 | E17: 5 | F17: 20 | G17: 34 | H17: 10 | O17: =SUM(C17:N17) -> 69 | T17: =B17 -> 29 | U17: 0 | V17: =D17/D$49 -> 0 | W17: =E17/E$49 -> 0.17241379 | X17: =F17/F$49 -> 0.17699115 | Y17: =G17/G$49 -> 0.13821138 | Z17: =H17/H$49 -> 0.037037037 | AA17: =I17/I$49 -> 0 | AB17: =J17/J$49 -> 0 | AC17: =K17/K$49 -> 0 | ... AE17: =M17/M$49 -> 0
B18: 30 | E18: 3 | F18: 24 | G18: 49 | H18: 13 | I18: 2 | J18: 1 | O18: =SUM(C18:N18) -> 92 | T18: =B18 -> 30 | U18: 0 | V18: =D18/D$49 -> 0 | W18: =E18/E$49 -> 0.10344828 | X18: =F18/F$49 -> 0.21238938 | Y18: =G18/G$49 -> 0.19918699 | Z18: =H18/H$49 -> 0.048148148 | AA18: =I18/I$49 -> 0.0071174377 | AB18: =J18/J$49 -> 0.0032051282 | AC18: =K18/K$49 -> 0 | ... AE18: =M18/M$49 -> 0
B19: 31 | E19: 2 | F19: 18 | G19: 21 | H19: 23 | I19: 11 | J19: 3 | O19: =SUM(C19:N19) -> 78 | T19: =B19 -> 31 | U19: 0 | V19: =D19/D$49 -> 0 | W19: =E19/E$49 -> 0.068965517 | X19: =F19/F$49 -> 0.15929204 | Y19: =G19/G$49 -> 0.085365854 | Z19: =H19/H$49 -> 0.085185185 | AA19: =I19/I$49 -> 0.039145907 | AB19: =J19/J$49 -> 0.0096153846 | AC19: =K19/K$49 -> 0 | ... AE19: =M19/M$49 -> 0
B20: 32 | F20: 10 | G20: 34 | H20: 24 | I20: 12 | J20: 4 | O20: =SUM(C20:N20) -> 84 | T20: =B20 -> 32 | U20: 0 | V20: =D20/D$49 -> 0 | W20: =E20/E$49 -> 0 | X20: =F20/F$49 -> 0.088495575 | Y20: =G20/G$49 -> 0.13821138 | Z20: =H20/H$49 -> 0.088888889 | AA20: =I20/I$49 -> 0.042704626 | AB20: =J20/J$49 -> 0.012820513 | AC20: =K20/K$49 -> 0 | ... AE20: =M20/M$49 -> 0
B21: 33 | E21: 1 | F21: 4 | G21: 23 | H21: 30 | I21: 12 | J21: 10 | O21: =SUM(C21:N21) -> 80 | T21: =B21 -> 33 | U21: 0 | V21: =D21/D$49 -> 0 | W21: =E21/E$49 -> 0.034482759 | X21: =F21/F$49 -> 0.03539823 | Y21: =G21/G$49 -> 0.093495935 | Z21: =H21/H$49 -> 0.11111111 | AA21: =I21/I$49 -> 0.042704626 | AB21: =J21/J$49 -> 0.032051282 | AC21: =K21/K$49 -> 0 | ... AE21: =M21/M$49 -> 0
B22: 34 | E22: 1 | F22: 7 | G22: 18 | H22: 24 | I22: 17 | J22: 9 | K22: 2 | O22: =SUM(C22:N22) -> 78 | T22: =B22 -> 34 | U22: 0 | V22: =D22/D$49 -> 0 | W22: =E22/E$49 -> 0.034482759 | X22: =F22/F$49 -> 0.061946903 | Y22: =G22/G$49 -> 0.073170732 | Z22: =H22/H$49 -> 0.088888889 | AA22: =I22/I$49 -> 0.060498221 | AB22: =J22/J$49 -> 0.028846154 | AC22: =K22/K$49 -> 0.0065789474 | ... AE22: =M22/M$49 -> 0
B23: 35 | F23: 2 | G23: 14 | H23: 25 | I23: 20 | J23: 11 | K23: 2 | O23: =SUM(C23:N23) -> 74 | T23: =B23 -> 35 | U23: 0 | V23: =D23/D$49 -> 0 | W23: =E23/E$49 -> 0 | X23: =F23/F$49 -> 0.017699115 | Y23: =G23/G$49 -> 0.056910569 | Z23: =H23/H$49 -> 0.092592593 | AA23: =I23/I$49 -> 0.071174377 | AB23: =J23/J$49 -> 0.03525641 | AC23: =K23/K$49 -> 0.0065789474 | ... AE23: =M23/M$49 -> 0
B24: 36 | F24: 2 | G24: 14 | H24: 24 | I24: 21 | J24: 15 | K24: 3 | M24: 1 | O24: =SUM(C24:N24) -> 80 | T24: =B24 -> 36 | U24: 0 | V24: =D24/D$49 -> 0 | W24: =E24/E$49 -> 0 | X24: =F24/F$49 -> 0.017699115 | Y24: =G24/G$49 -> 0.056910569 | Z24: =H24/H$49 -> 0.088888889 | AA24: =I24/I$49 -> 0.074733096 | AB24: =J24/J$49 -> 0.048076923 | AC24: =K24/K$49 -> 0.0098684211 | ... AE24: =M24/M$49 -> 0.0066225166
B25: 37 | G25: 11 | H25: 22 | I25: 25 | J25: 19 | K25: 1 | L25: 1 | M25: 1 | O25: =SUM(C25:N25) -> 80 | T25: =B25 -> 37 | U25: 0 | V25: =D25/D$49 -> 0 | W25: =E25/E$49 -> 0 | X25: =F25/F$49 -> 0 | Y25: =G25/G$49 -> 0.044715447 | Z25: =H25/H$49 -> 0.081481481 | AA25: =I25/I$49 -> 0.088967972 | AB25: =J25/J$49 -> 0.060897436 | AC25: =K25/K$49 -> 0.0032894737 | ... AE25: =M25/M$49 -> 0.0066225166
B26: 38 | E26: 1 | G26: 5 | H26: 14 | I26: 21 | J26: 27 | K26: 6 | L26: 3 | M26: 1 | O26: =SUM(C26:N26) -> 78 | T26: =B26 -> 38 | U26: 0 | V26: =D26/D$49 -> 0 | W26: =E26/E$49 -> 0.034482759 | X26: =F26/F$49 -> 0 | Y26: =G26/G$49 -> 0.020325203 | Z26: =H26/H$49 -> 0.051851852 | AA26: =I26/I$49 -> 0.074733096 | AB26: =J26/J$49 -> 0.086538462 | AC26: =K26/K$49 -> 0.019736842 | ... AE26: =M26/M$49 -> 0.0066225166
B27: 39 | H27: 16 | I27: 36 | J27: 14 | K27: 8 | L27: 2 | M27: 2 | O27: =SUM(C27:N27) -> 78 | T27: =B27 -> 39 | U27: 0 | V27: =D27/D$49 -> 0 | W27: =E27/E$49 -> 0 | X27: =F27/F$49 -> 0 | Y27: =G27/G$49 -> 0 | Z27: =H27/H$49 -> 0.059259259 | AA27: =I27/I$49 -> 0.12811388 | AB27: =J27/J$49 -> 0.044871795 | AC27: =K27/K$49 -> 0.026315789 | ... AE27: =M27/M$49 -> 0.013245033
B28: 40 | G28: 6 | H28: 14 | I28: 17 | J28: 19 | K28: 12 | L28: 6 | M28: 1 | O28: =SUM(C28:N28) -> 75 | T28: =B28 -> 40 | U28: 0 | V28: =D28/D$49 -> 0 | W28: =E28/E$49 -> 0 | X28: =F28/F$49 -> 0 | Y28: =G28/G$49 -> 0.024390244 | Z28: =H28/H$49 -> 0.051851852 | AA28: =I28/I$49 -> 0.060498221 | AB28: =J28/J$49 -> 0.060897436 | AC28: =K28/K$49 -> 0.039473684 | ... AE28: =M28/M$49 -> 0.0066225166
B29: 41 | H29: 6 | I29: 15 | J29: 17 | K29: 21 | L29: 9 | M29: 3 | O29: =SUM(C29:N29) -> 71 | T29: =B29 -> 41 | U29: 0 | V29: =D29/D$49 -> 0 | W29: =E29/E$49 -> 0 | X29: =F29/F$49 -> 0 | Y29: =G29/G$49 -> 0 | Z29: =H29/H$49 -> 0.022222222 | AA29: =I29/I$49 -> 0.053380783 | AB29: =J29/J$49 -> 0.054487179 | AC29: =K29/K$49 -> 0.069078947 | ... AE29: =M29/M$49 -> 0.01986755
B30: 42 | G30: 2 | H30: 5 | I30: 8 | J30: 18 | K30: 21 | L30: 11 | M30: 3 | N30: 1 | O30: =SUM(C30:N30) -> 69 | T30: =B30 -> 42 | U30: 0 | V30: =D30/D$49 -> 0 | W30: =E30/E$49 -> 0 | X30: =F30/F$49 -> 0 | Y30: =G30/G$49 -> 0.0081300813 | Z30: =H30/H$49 -> 0.018518519 | AA30: =I30/I$49 -> 0.028469751 | AB30: =J30/J$49 -> 0.057692308 | AC30: =K30/K$49 -> 0.069078947 | ... AE30: =M30/M$49 -> 0.01986755
B31: 43 | H31: 2 | I31: 9 | J31: 19 | K31: 23 | L31: 9 | M31: 6 | N31: 1 | O31: =SUM(C31:N31) -> 69 | T31: =B31 -> 43 | U31: 0 | V31: =D31/D$49 -> 0 | W31: =E31/E$49 -> 0 | X31: =F31/F$49 -> 0 | Y31: =G31/G$49 -> 0 | Z31: =H31/H$49 -> 0.0074074074 | AA31: =I31/I$49 -> 0.03202847 | AB31: =J31/J$49 -> 0.060897436 | AC31: =K31/K$49 -> 0.075657895 | ... AE31: =M31/M$49 -> 0.039735099
B32: 44 | G32: 1 | H32: 4 | I32: 5 | J32: 22 | K32: 19 | L32: 9 | M32: 7 | N32: 3 | O32: =SUM(C32:N32) -> 70 | T32: =B32 -> 44 | U32: 0 | V32: =D32/D$49 -> 0 | W32: =E32/E$49 -> 0 | X32: =F32/F$49 -> 0 | Y32: =G32/G$49 -> 0.0040650407 | Z32: =H32/H$49 -> 0.014814815 | AA32: =I32/I$49 -> 0.017793594 | AB32: =J32/J$49 -> 0.070512821 | AC32: =K32/K$49 -> 0.0625 | ... AE32: =M32/M$49 -> 0.046357616
B33: 45 | H33: 1 | I33: 7 | J33: 18 | K33: 17 | L33: 14 | M33: 3 | N33: 4 | O33: =SUM(C33:N33) -> 64 | T33: =B33 -> 45 | U33: 0 | V33: =D33/D$49 -> 0 | W33: =E33/E$49 -> 0 | X33: =F33/F$49 -> 0 | Y33: =G33/G$49 -> 0 | Z33: =H33/H$49 -> 0.0037037037 | AA33: =I33/I$49 -> 0.024911032 | AB33: =J33/J$49 -> 0.057692308 | AC33: =K33/K$49 -> 0.055921053 | ... AE33: =M33/M$49 -> 0.01986755
B34: 46 | I34: 10 | J34: 11 | K34: 16 | L34: 9 | M34: 7 | N34: 10 | O34: =SUM(C34:N34) -> 63 | T34: =B34 -> 46 | U34: 0 | V34: =D34/D$49 -> 0 | W34: =E34/E$49 -> 0 | X34: =F34/F$49 -> 0 | Y34: =G34/G$49 -> 0 | Z34: =H34/H$49 -> 0 | AA34: =I34/I$49 -> 0.035587189 | AB34: =J34/J$49 -> 0.03525641 | AC34: =K34/K$49 -> 0.052631579 | ... AE34: =M34/M$49 -> 0.046357616
B35: 47 | G35: 1 | H35: 2 | I35: 3 | J35: 13 | K35: 20 | L35: 16 | M35: 7 | N35: 7 | O35: =SUM(C35:N35) -> 69 | T35: =B35 -> 47 | U35: 0 | V35: =D35/D$49 -> 0 | W35: =E35/E$49 -> 0 | X35: =F35/F$49 -> 0 | Y35: =G35/G$49 -> 0.0040650407 | Z35: =H35/H$49 -> 0.0074074074 | AA35: =I35/I$49 -> 0.010676157 | AB35: =J35/J$49 -> 0.041666667 | AC35: =K35/K$49 -> 0.065789474 | ... AE35: =M35/M$49 -> 0.046357616
B36: 48 | G36: 1 | I36: 6 | J36: 7 | K36: 33 | L36: 15 | M36: 7 | N36: 4 | O36: =SUM(C36:N36) -> 73 | T36: =B36 -> 48 | U36: 0 | V36: =D36/D$49 -> 0 | W36: =E36/E$49 -> 0 | X36: =F36/F$49 -> 0 | Y36: =G36/G$49 -> 0.0040650407 | Z36: =H36/H$49 -> 0 | AA36: =I36/I$49 -> 0.021352313 | AB36: =J36/J$49 -> 0.022435897 | AC36: =K36/K$49 -> 0.10855263 | ... AE36: =M36/M$49 -> 0.046357616
B37: 49 | H37: 1 | I37: 4 | J37: 10 | K37: 12 | L37: 23 | M37: 13 | N37: 1 | O37: =SUM(C37:N37) -> 64 | T37: =B37 -> 49 | U37: 0 | V37: =D37/D$49 -> 0 | W37: =E37/E$49 -> 0 | X37: =F37/F$49 -> 0 | Y37: =G37/G$49 -> 0 | Z37: =H37/H$49 -> 0.0037037037 | AA37: =I37/I$49 -> 0.014234875 | AB37: =J37/J$49 -> 0.032051282 | AC37: =K37/K$49 -> 0.039473684 | ... AE37: =M37/M$49 -> 0.086092715
B38: 50 | I38: 3 | J38: 10 | K38: 14 | L38: 17 | M38: 9 | N38: 9 | O38: =SUM(C38:N38) -> 62 | T38: =B38 -> 50 | U38: 0 | V38: =D38/D$49 -> 0 | W38: =E38/E$49 -> 0 | X38: =F38/F$49 -> 0 | Y38: =G38/G$49 -> 0 | Z38: =H38/H$49 -> 0 | AA38: =I38/I$49 -> 0.010676157 | AB38: =J38/J$49 -> 0.032051282 | AC38: =K38/K$49 -> 0.046052632 | ... AE38: =M38/M$49 -> 0.059602649
B39: 51 | H39: 1 | I39: 1 | J39: 8 | K39: 20 | L39: 16 | M39: 12 | N39: 9 | O39: =SUM(C39:N39) -> 67 | T39: =B39 -> 51 | U39: 0 | V39: =D39/D$49 -> 0 | W39: =E39/E$49 -> 0 | X39: =F39/F$49 -> 0 | Y39: =G39/G$49 -> 0 | Z39: =H39/H$49 -> 0.0037037037 | AA39: =I39/I$49 -> 0.0035587189 | AB39: =J39/J$49 -> 0.025641026 | AC39: =K39/K$49 -> 0.065789474 | ... AE39: =M39/M$49 -> 0.079470199
B40: 52 | H40: 2 | I40: 3 | J40: 9 | K40: 7 | L40: 12 | M40: 8 | N40: 11 | O40: =SUM(C40:N40) -> 52 | T40: =B40 -> 52 | U40: 0 | V40: =D40/D$49 -> 0 | W40: =E40/E$49 -> 0 | X40: =F40/F$49 -> 0 | Y40: =G40/G$49 -> 0 | Z40: =H40/H$49 -> 0.0074074074 | AA40: =I40/I$49 -> 0.010676157 | AB40: =J40/J$49 -> 0.028846154 | AC40: =K40/K$49 -> 0.023026316 | ... AE40: =M40/M$49 -> 0.052980132
B41: 53 | I41: 6 | J41: 4 | K41: 11 | L41: 9 | M41: 5 | N41: 10 | O41: =SUM(C41:N41) -> 45 | T41: =B41 -> 53 | U41: 0 | V41: =D41/D$49 -> 0 | W41: =E41/E$49 -> 0 | X41: =F41/F$49 -> 0 | Y41: =G41/G$49 -> 0 | Z41: =H41/H$49 -> 0 | AA41: =I41/I$49 -> 0.021352313 | AB41: =J41/J$49 -> 0.012820513 | AC41: =K41/K$49 -> 0.036184211 | ... AE41: =M41/M$49 -> 0.033112583
B42: 54 | I42: 2 | J42: 5 | K42: 6 | L42: 13 | M42: 10 | N42: 8 | O42: =SUM(C42:N42) -> 44 | T42: =B42 -> 54 | U42: 0 | V42: =D42/D$49 -> 0 | W42: =E42/E$49 -> 0 | X42: =F42/F$49 -> 0 | Y42: =G42/G$49 -> 0 | Z42: =H42/H$49 -> 0 | AA42: =I42/I$49 -> 0.0071174377 | AB42: =J42/J$49 -> 0.016025641 | AC42: =K42/K$49 -> 0.019736842 | ... AE42: =M42/M$49 -> 0.066225166
B43: 55 | I43: 1 | J43: 2 | K43: 6 | L43: 5 | M43: 11 | N43: 6 | O43: =SUM(C43:N43) -> 31 | T43: =B43 -> 55 | U43: 0 | V43: =D43/D$49 -> 0 | W43: =E43/E$49 -> 0 | X43: =F43/F$49 -> 0 | Y43: =G43/G$49 -> 0 | Z43: =H43/H$49 -> 0 | AA43: =I43/I$49 -> 0.0035587189 | AB43: =J43/J$49 -> 0.0064102564 | AC43: =K43/K$49 -> 0.019736842 | ... AE43: =M43/M$49 -> 0.072847682
B44: 56 | I44: 1 | J44: 1 | K44: 4 | L44: 7 | M44: 7 | N44: 8 | O44: =SUM(C44:N44) -> 28 | T44: =B44 -> 56 | U44: 0 | V44: =D44/D$49 -> 0 | W44: =E44/E$49 -> 0 | X44: =F44/F$49 -> 0 | Y44: =G44/G$49 -> 0 | Z44: =H44/H$49 -> 0 | AA44: =I44/I$49 -> 0.0035587189 | AB44: =J44/J$49 -> 0.0032051282 | AC44: =K44/K$49 -> 0.013157895 | ... AE44: =M44/M$49 -> 0.046357616
B45: 57 | H45: 1 | J45: 2 | K45: 4 | L45: 5 | M45: 6 | N45: 3 | O45: =SUM(C45:N45) -> 21 | T45: =B45 -> 57 | U45: 0 | V45: =D45/D$49 -> 0 | W45: =E45/E$49 -> 0 | X45: =F45/F$49 -> 0 | Y45: =G45/G$49 -> 0 | Z45: =H45/H$49 -> 0.0037037037 | AA45: =I45/I$49 -> 0 | AB45: =J45/J$49 -> 0.0064102564 | AC45: =K45/K$49 -> 0.013157895 | ... AE45: =M45/M$49 -> 0.039735099
B46: 58 | J46: 3 | K46: 4 | L46: 3 | M46: 6 | N46: 2 | O46: =SUM(C46:N46) -> 18 | T46: =B46 -> 58 | U46: 0 | V46: =D46/D$49 -> 0 | W46: =E46/E$49 -> 0 | X46: =F46/F$49 -> 0 | Y46: =G46/G$49 -> 0 | Z46: =H46/H$49 -> 0 | AA46: =I46/I$49 -> 0 | AB46: =J46/J$49 -> 0.0096153846 | AC46: =K46/K$49 -> 0.013157895 | ... AE46: =M46/M$49 -> 0.039735099
B47: 59 | H47: 1 | K47: 3 | L47: 4 | M47: 4 | N47: 4 | O47: =SUM(C47:N47) -> 16 | T47: =B47 -> 59 | U47: 0 | V47: =D47/D$49 -> 0 | W47: =E47/E$49 -> 0 | X47: =F47/F$49 -> 0 | Y47: =G47/G$49 -> 0 | Z47: =H47/H$49 -> 0.0037037037 | AA47: =I47/I$49 -> 0 | AB47: =J47/J$49 -> 0 | AC47: =K47/K$49 -> 0.0098684211 | ... AE47: =M47/M$49 -> 0.026490066
B48: 60 | C48: =SUM(C50:C57) -> 0 | D48: =SUM(D50:D57) -> 0 | E48: =SUM(E50:E57) -> 0 | F48: =SUM(F50:F57) -> 0 | G48: =SUM(G50:G57) -> 0 | H48: =SUM(H50:H57) -> 0 | I48: =SUM(I50:I57) -> 3 | J48: =SUM(J50:J57) -> 1 | ... O48: =SUM(O50:O57) -> 32 | T48: =B50 -> 60 | U48: 0 | V48: =D48/D$49 -> 0 | W48: =E48/E$49 -> 0 | X48: =F48/F$49 -> 0 | Y48: =G48/G$49 -> 0 | Z48: =H48/H$49 -> 0 | AA48: =I48/I$49 -> 0.010676157 | AB48: =J48/J$49 -> 0.0032051282 | AC48: =K48/K$49 -> 0.029605263 | ... AE48: =M48/M$49 -> 0.072847682
C49: =SUM(C5:C48) -> 0 | D49: =SUM(D5:D48) -> 1 | E49: =SUM(E5:E48) -> 29 | F49: =SUM(F5:F48) -> 113 | G49: =SUM(G5:G48) -> 246 | H49: =SUM(H5:H48) -> 270 | I49: =SUM(I5:I48) -> 281 | J49: =SUM(J5:J48) -> 312 | ... O49: =SUM(O5:O48) -> 2034 | P49: 5 | Q49: 5
B50: 60 | K50: 1 | L50: 3 | M50: 4 | N50: 1 | O50: =SUM(C50:N50) -> 9
B51: 61 | K51: 4 | L51: 1 | M51: 5 | N51: 5 | O51: 5
B52: 62 | I52: 2 | J52: 1 | K52: 1 | L52: 1 | M52: 1 | N52: 3 | O52: =SUM(C52:N52) -> 9
B53: 63 | K53: 1 | L53: 1 | N53: 2 | O53: =SUM(C53:N53) -> 4
B54: 64 | I54: 1 | O54: =SUM(C54:N54) -> 1
B55: 65 | K55: 1 | O55: =SUM(C55:N55) -> 1
B56: 66 | K56: 1 | M56: 1 | O56: =SUM(C56:N56) -> 2
B57: 67 | N57: 1 | O57: =SUM(C57:N57) -> 1
B58: Total | C58: =SUM(C7:C57) -> 0 | D58: =SUM(D7:D57) -> 2 | E58: =SUM(E7:E57) -> 58 | F58: =SUM(F7:F57) -> 226 | G58: =SUM(G7:G57) -> 492 | H58: =SUM(H7:H57) -> 540 | I58: =SUM(I7:I57) -> 565 | J58: =SUM(J7:J57) -> 625 | ... N58: =SUM(N7:N57) -> 238 | O58: =SUM(C58:N58) -> 4130
B59: % | C59: =(C58/$O$58)*100 -> 0 | D59: =(D58/$O$58)*100 -> 0.04842615 | E59: =(E58/$O$58)*100 -> 1.4043584 | F59: =(F58/$O$58)*100 -> 5.472155 | G59: =(G58/$O$58)*100 -> 11.912833 | H59: =(H58/$O$58)*100 -> 13.075061 | I59: =(I58/$O$58)*100 -> 13.680387 | J59: =(J58/$O$58)*100 -> 15.133172 | ... N59: =(N58/$O$58)*100 -> 5.7627119 | O59: =SUM(C59:N59) -> 100
D61: =SUMPRODUCT($B7:$B57,D7:D57)/SUM(D7:D57) -> 9.5 | E61: =SUMPRODUCT($B7:$B57,E7:E57)/SUM(E7:E57) -> 14.465517 | F61: =SUMPRODUCT($B7:$B57,F7:F57)/SUM(F7:F57) -> 15.115044 | G61: =SUMPRODUCT($B7:$B57,G7:G57)/SUM(G7:G57) -> 16.168699 | H61: =SUMPRODUCT($B7:$B57,H7:H57)/SUM(H7:H57) -> 17.690741 | I61: =SUMPRODUCT($B7:$B57,I7:I57)/SUM(I7:I57) -> 19.897345 | J61: =SUMPRODUCT($B7:$B57,J7:J57)/SUM(J7:J57) -> 21.2352 | K61: =SUMPRODUCT($B7:$B57,K7:K57)/SUM(K7:K57) -> 23.931929 | ... N61: =SUMPRODUCT($B7:$B57,N7:N57)/SUM(N7:N57) -> 27.878151

Sheet 2005
B3: LH (cm) | C3: II | D3: III | E3: IV | F3: V | G3: VI | H3: VII | I3: VIII | J3: IX | K3: X | L3: XI | M3: XII | N3: Total
B4: =B5-1 -> 17 | T4: =B4 -> 17 | U4: =C4/C$48 -> #DIV/0! | V4: =D4/D$48 -> 0 | W4: =E4/E$48 -> 0 | X4: =F4/F$48 -> 0 | Y4: =G4/G$48 -> 0 | Z4: =H4/H$48 -> 0 | AA4: =I4/I$48 -> 0 | AB4: =J4/J$48 -> 0 | ... AE4: =M4/M$48 -> #DIV/0!
B5: =B6-1 -> 18 | T5: =B5 -> 18 | U5: =C5/C$48 -> #DIV/0! | V5: =D5/D$48 -> 0 | W5: =E5/E$48 -> 0 | X5: =F5/F$48 -> 0 | Y5: =G5/G$48 -> 0 | Z5: =H5/H$48 -> 0 | AA5: =I5/I$48 -> 0 | AB5: =J5/J$48 -> 0 | ... AE5: =M5/M$48 -> #DIV/0!
B6: =B7-1 -> 19 | T6: =B6 -> 19 | U6: =C6/C$48 -> #DIV/0! | V6: =D6/D$48 -> 0 | W6: =E6/E$48 -> 0 | X6: =F6/F$48 -> 0 | Y6: =G6/G$48 -> 0 | Z6: =H6/H$48 -> 0 | AA6: =I6/I$48 -> 0 | AB6: =J6/J$48 -> 0 | ... AE6: =M6/M$48 -> #DIV/0!
B7: =B8-1 -> 20 | T7: =B7 -> 20 | U7: =C7/C$48 -> #DIV/0! | V7: =D7/D$48 -> 0 | W7: =E7/E$48 -> 0 | X7: =F7/F$48 -> 0 | Y7: =G7/G$48 -> 0 | Z7: =H7/H$48 -> 0 | AA7: =I7/I$48 -> 0 | AB7: =J7/J$48 -> 0 | ... AE7: =M7/M$48 -> #DIV/0!
B8: =B9-1 -> 21 | T8: =B8 -> 21 | U8: =C8/C$48 -> #DIV/0! | V8: =D8/D$48 -> 0 | W8: =E8/E$48 -> 0 | X8: =F8/F$48 -> 0 | Y8: =G8/G$48 -> 0 | Z8: =H8/H$48 -> 0 | AA8: =I8/I$48 -> 0 | AB8: =J8/J$48 -> 0 | ... AE8: =M8/M$48 -> #DIV/0!
B9: =B10-1 -> 22 | T9: =B9 -> 22 | U9: =C9/C$48 -> #DIV/0! | V9: =D9/D$48 -> 0 | W9: =E9/E$48 -> 0 | X9: =F9/F$48 -> 0 | Y9: =G9/G$48 -> 0 | Z9: =H9/H$48 -> 0 | AA9: =I9/I$48 -> 0 | AB9: =J9/J$48 -> 0 | ... AE9: =M9/M$48 -> #DIV/0!
B10: =B11-1 -> 23 | T10: =B10 -> 23 | U10: =C10/C$48 -> #DIV/0! | V10: =D10/D$48 -> 0 | W10: =E10/E$48 -> 0 | X10: =F10/F$48 -> 0 | Y10: =G10/G$48 -> 0 | Z10: =H10/H$48 -> 0 | AA10: =I10/I$48 -> 0 | AB10: =J10/J$48 -> 0 | ... AE10: =M10/M$48 -> #DIV/0!
B11: =B12-1 -> 24 | T11: =B11 -> 24 | U11: =C11/C$48 -> #DIV/0! | V11: =D11/D$48 -> 0 | W11: =E11/E$48 -> 0 | X11: =F11/F$48 -> 0 | Y11: =G11/G$48 -> 0 | Z11: =H11/H$48 -> 0 | AA11: =I11/I$48 -> 0 | AB11: =J11/J$48 -> 0 | ... AE11: =M11/M$48 -> #DIV/0!
B12: 25 | E12: 1 | N12: =SUM(C12:L12) -> 1 | T12: =B12 -> 25 | U12: =C12/C$48 -> #DIV/0! | V12: =D12/D$48 -> 0 | W12: =E12/E$48 -> 0.011111111 | X12: =F12/F$48 -> 0 | Y12: =G12/G$48 -> 0 | Z12: =H12/H$48 -> 0 | AA12: =I12/I$48 -> 0 | AB12: =J12/J$48 -> 0 | ... AE12: =M12/M$48 -> #DIV/0!
B13: 26 | D13: 2 | E13: 6 | F13: 3 | N13: =SUM(C13:L13) -> 11 | T13: =B13 -> 26 | U13: =C13/C$48 -> #DIV/0! | V13: =D13/D$48 -> 0.22222222 | W13: =E13/E$48 -> 0.066666667 | X13: =F13/F$48 -> 0.020689655 | Y13: =G13/G$48 -> 0 | Z13: =H13/H$48 -> 0 | AA13: =I13/I$48 -> 0 | AB13: =J13/J$48 -> 0 | ... AE13: =M13/M$48 -> #DIV/0!
B14: 27 | D14: 5 | E14: 12 | F14: 4 | N14: =SUM(C14:L14) -> 21 | T14: =B14 -> 27 | U14: =C14/C$48 -> #DIV/0! | V14: =D14/D$48 -> 0.55555556 | W14: =E14/E$48 -> 0.13333333 | X14: =F14/F$48 -> 0.027586207 | Y14: =G14/G$48 -> 0 | Z14: =H14/H$48 -> 0 | AA14: =I14/I$48 -> 0 | AB14: =J14/J$48 -> 0 | ... AE14: =M14/M$48 -> #DIV/0!
B15: 28 | D15: 2 | E15: 23 | F15: 12 | N15: =SUM(C15:L15) -> 37 | T15: =B15 -> 28 | U15: =C15/C$48 -> #DIV/0! | V15: =D15/D$48 -> 0.22222222 | W15: =E15/E$48 -> 0.25555556 | X15: =F15/F$48 -> 0.082758621 | Y15: =G15/G$48 -> 0 | Z15: =H15/H$48 -> 0 | AA15: =I15/I$48 -> 0 | AB15: =J15/J$48 -> 0 | ... AE15: =M15/M$48 -> #DIV/0!
B16: 29 | E16: 25 | F16: 21 | N16: =SUM(C16:L16) -> 46 | T16: =B16 -> 29 | U16: =C16/C$48 -> #DIV/0! | V16: =D16/D$48 -> 0 | W16: =E16/E$48 -> 0.27777778 | X16: =F16/F$48 -> 0.14482759 | Y16: =G16/G$48 -> 0 | Z16: =H16/H$48 -> 0 | AA16: =I16/I$48 -> 0 | AB16: =J16/J$48 -> 0 | ... AE16: =M16/M$48 -> #DIV/0!
B17: 30 | E17: 17 | F17: 44 | G17: 4 | N17: =SUM(C17:L17) -> 65 | T17: =B17 -> 30 | U17: =C17/C$48 -> #DIV/0! | V17: =D17/D$48 -> 0 | W17: =E17/E$48 -> 0.18888889 | X17: =F17/F$48 -> 0.30344828 | Y17: =G17/G$48 -> 0.037383178 | Z17: =H17/H$48 -> 0 | AA17: =I17/I$48 -> 0 | AB17: =J17/J$48 -> 0 | ... AE17: =M17/M$48 -> #DIV/0!
B18: 31 | E18: 6 | F18: 36 | G18: 17 | N18: =SUM(C18:L18) -> 59 | T18: =B18 -> 31 | U18: =C18/C$48 -> #DIV/0! | V18: =D18/D$48 -> 0 | W18: =E18/E$48 -> 0.066666667 | X18: =F18/F$48 -> 0.24827586 | Y18: =G18/G$48 -> 0.1588785 | Z18: =H18/H$48 -> 0 | AA18: =I18/I$48 -> 0 | AB18: =J18/J$48 -> 0 | ... AE18: =M18/M$48 -> #DIV/0!
B19: 32 | F19: 15 | G19: 24 | H19: 4 | N19: =SUM(C19:L19) -> 43 | T19: =B19 -> 32 | U19: =C19/C$48 -> #DIV/0! | V19: =D19/D$48 -> 0 | W19: =E19/E$48 -> 0 | X19: =F19/F$48 -> 0.10344828 | Y19: =G19/G$48 -> 0.22429907 | Z19: =H19/H$48 -> 0.046511628 | AA19: =I19/I$48 -> 0 | AB19: =J19/J$48 -> 0 | ... AE19: =M19/M$48 -> #DIV/0!
B20: 33 | F20: 9 | G20: 26 | H20: 9 | N20: =SUM(C20:L20) -> 44 | T20: =B20 -> 33 | U20: =C20/C$48 -> #DIV/0! | V20: =D20/D$48 -> 0 | W20: =E20/E$48 -> 0 | X20: =F20/F$48 -> 0.062068966 | Y20: =G20/G$48 -> 0.24299065 | Z20: =H20/H$48 -> 0.10465116 | AA20: =I20/I$48 -> 0 | AB20: =J20/J$48 -> 0 | ... AE20: =M20/M$48 -> #DIV/0!
B21: 34 | G21: 13 | H21: 16 | I21: 2 | N21: =SUM(C21:L21) -> 31 | T21: =B21 -> 34 | U21: =C21/C$48 -> #DIV/0! | V21: =D21/D$48 -> 0 | W21: =E21/E$48 -> 0 | X21: =F21/F$48 -> 0 | Y21: =G21/G$48 -> 0.12149533 | Z21: =H21/H$48 -> 0.18604651 | AA21: =I21/I$48 -> 0.030769231 | AB21: =J21/J$48 -> 0 | ... AE21: =M21/M$48 -> #DIV/0!
B22: 35 | G22: 12 | H22: 11 | I22: 3 | J22: 1 | N22: =SUM(C22:L22) -> 27 | T22: =B22 -> 35 | U22: =C22/C$48 -> #DIV/0! | V22: =D22/D$48 -> 0 | W22: =E22/E$48 -> 0 | X22: =F22/F$48 -> 0 | Y22: =G22/G$48 -> 0.11214953 | Z22: =H22/H$48 -> 0.12790698 | AA22: =I22/I$48 -> 0.046153846 | AB22: =J22/J$48 -> 0.076923077 | ... AE22: =M22/M$48 -> #DIV/0!
B23: 36 | F23: 1 | G23: 2 | H23: 5 | I23: 1 | J23: 1 | N23: =SUM(C23:L23) -> 10 | T23: =B23 -> 36 | U23: =C23/C$48 -> #DIV/0! | V23: =D23/D$48 -> 0 | W23: =E23/E$48 -> 0 | X23: =F23/F$48 -> 0.0068965517 | Y23: =G23/G$48 -> 0.018691589 | Z23: =H23/H$48 -> 0.058139535 | AA23: =I23/I$48 -> 0.015384615 | AB23: =J23/J$48 -> 0.076923077 | ... AE23: =M23/M$48 -> #DIV/0!
B24: 37 | G24: 6 | H24: 8 | I24: 6 | N24: =SUM(C24:L24) -> 20 | T24: =B24 -> 37 | U24: =C24/C$48 -> #DIV/0! | V24: =D24/D$48 -> 0 | W24: =E24/E$48 -> 0 | X24: =F24/F$48 -> 0 | Y24: =G24/G$48 -> 0.056074766 | Z24: =H24/H$48 -> 0.093023256 | AA24: =I24/I$48 -> 0.092307692 | AB24: =J24/J$48 -> 0 | ... AE24: =M24/M$48 -> #DIV/0!
B25: 38 | H25: 11 | I25: 9 | J25: 2 | K25: 1 | N25: =SUM(C25:L25) -> 23 | T25: =B25 -> 38 | U25: =C25/C$48 -> #DIV/0! | V25: =D25/D$48 -> 0 | W25: =E25/E$48 -> 0 | X25: =F25/F$48 -> 0 | Y25: =G25/G$48 -> 0 | Z25: =H25/H$48 -> 0.12790698 | AA25: =I25/I$48 -> 0.13846154 | AB25: =J25/J$48 -> 0.15384615 | ... AE25: =M25/M$48 -> #DIV/0!
B26: 39 | G26: 2 | H26: 4 | I26: 7 | J26: 1 | N26: =SUM(C26:L26) -> 14 | T26: =B26 -> 39 | U26: =C26/C$48 -> #DIV/0! | V26: =D26/D$48 -> 0 | W26: =E26/E$48 -> 0 | X26: =F26/F$48 -> 0 | Y26: =G26/G$48 -> 0.018691589 | Z26: =H26/H$48 -> 0.046511628 | AA26: =I26/I$48 -> 0.10769231 | AB26: =J26/J$48 -> 0.076923077 | ... AE26: =M26/M$48 -> #DIV/0!
B27: 40 | G27: 1 | H27: 5 | I27: 11 | N27: =SUM(C27:L27) -> 17 | T27: =B27 -> 40 | U27: =C27/C$48 -> #DIV/0! | V27: =D27/D$48 -> 0 | W27: =E27/E$48 -> 0 | X27: =F27/F$48 -> 0 | Y27: =G27/G$48 -> 0.0093457944 | Z27: =H27/H$48 -> 0.058139535 | AA27: =I27/I$48 -> 0.16923077 | AB27: =J27/J$48 -> 0 | ... AE27: =M27/M$48 -> #DIV/0!
B28: 41 | H28: 3 | I28: 2 | N28: =SUM(C28:L28) -> 5 | T28: =B28 -> 41 | U28: =C28/C$48 -> #DIV/0! | V28: =D28/D$48 -> 0 | W28: =E28/E$48 -> 0 | X28: =F28/F$48 -> 0 | Y28: =G28/G$48 -> 0 | Z28: =H28/H$48 -> 0.034883721 | AA28: =I28/I$48 -> 0.030769231 | AB28: =J28/J$48 -> 0 | ... AE28: =M28/M$48 -> #DIV/0!
B29: 42 | H29: 5 | I29: 5 | J29: 3 | N29: =SUM(C29:L29) -> 13 | T29: =B29 -> 42 | U29: =C29/C$48 -> #DIV/0! | V29: =D29/D$48 -> 0 | W29: =E29/E$48 -> 0 | X29: =F29/F$48 -> 0 | Y29: =G29/G$48 -> 0 | Z29: =H29/H$48 -> 0.058139535 | AA29: =I29/I$48 -> 0.076923077 | AB29: =J29/J$48 -> 0.23076923 | ... AE29: =M29/M$48 -> #DIV/0!
B30: 43 | H30: 3 | I30: 8 | J30: 2 | N30: =SUM(C30:L30) -> 13 | T30: =B30 -> 43 | U30: =C30/C$48 -> #DIV/0! | V30: =D30/D$48 -> 0 | W30: =E30/E$48 -> 0 | X30: =F30/F$48 -> 0 | Y30: =G30/G$48 -> 0 | Z30: =H30/H$48 -> 0.034883721 | AA30: =I30/I$48 -> 0.12307692 | AB30: =J30/J$48 -> 0.15384615 | ... AE30: =M30/M$48 -> #DIV/0!
B31: 44 | I31: 6 | J31: 1 | N31: =SUM(C31:L31) -> 7 | T31: =B31 -> 44 | U31: =C31/C$48 -> #DIV/0! | V31: =D31/D$48 -> 0 | W31: =E31/E$48 -> 0 | X31: =F31/F$48 -> 0 | Y31: =G31/G$48 -> 0 | Z31: =H31/H$48 -> 0 | AA31: =I31/I$48 -> 0.092307692 | AB31: =J31/J$48 -> 0.076923077 | ... AE31: =M31/M$48 -> #DIV/0!
B32: 45 | H32: 1 | I32: 3 | N32: =SUM(C32:L32) -> 4 | T32: =B32 -> 45 | U32: =C32/C$48 -> #DIV/0! | V32: =D32/D$48 -> 0 | W32: =E32/E$48 -> 0 | X32: =F32/F$48 -> 0 | Y32: =G32/G$48 -> 0 | Z32: =H32/H$48 -> 0.011627907 | AA32: =I32/I$48 -> 0.046153846 | AB32: =J32/J$48 -> 0 | ... AE32: =M32/M$48 -> #DIV/0!
B33: 46 | H33: 1 | I33: 1 | J33: 1 | N33: =SUM(C33:L33) -> 3 | T33: =B33 -> 46 | U33: =C33/C$48 -> #DIV/0! | V33: =D33/D$48 -> 0 | W33: =E33/E$48 -> 0 | X33: =F33/F$48 -> 0 | Y33: =G33/G$48 -> 0 | Z33: =H33/H$48 -> 0.011627907 | AA33: =I33/I$48 -> 0.015384615 | AB33: =J33/J$48 -> 0.076923077 | ... AE33: =M33/M$48 -> #DIV/0!
B34: 47 | J34: 1 | N34: =SUM(C34:L34) -> 1 | T34: =B34 -> 47 | U34: =C34/C$48 -> #DIV/0! | V34: =D34/D$48 -> 0 | W34: =E34/E$48 -> 0 | X34: =F34/F$48 -> 0 | Y34: =G34/G$48 -> 0 | Z34: =H34/H$48 -> 0 | AA34: =I34/I$48 -> 0 | AB34: =J34/J$48 -> 0.076923077 | ... AE34: =M34/M$48 -> #DIV/0!
B35: 48 | I35: 1 | K35: 1 | N35: =SUM(C35:L35) -> 2 | T35: =B35 -> 48 | U35: =C35/C$48 -> #DIV/0! | V35: =D35/D$48 -> 0 | W35: =E35/E$48 -> 0 | X35: =F35/F$48 -> 0 | Y35: =G35/G$48 -> 0 | Z35: =H35/H$48 -> 0 | AA35: =I35/I$48 -> 0.015384615 | AB35: =J35/J$48 -> 0 | ... AE35: =M35/M$48 -> #DIV/0!
B36: 49 | N36: =SUM(C36:L36) -> 0 | T36: =B36 -> 49 | U36: =C36/C$48 -> #DIV/0! | V36: =D36/D$48 -> 0 | W36: =E36/E$48 -> 0 | X36: =F36/F$48 -> 0 | Y36: =G36/G$48 -> 0 | Z36: =H36/H$48 -> 0 | AA36: =I36/I$48 -> 0 | AB36: =J36/J$48 -> 0 | ... AE36: =M36/M$48 -> #DIV/0!
B37: 50 | N37: =SUM(C37:L37) -> 0 | T37: =B37 -> 50 | U37: =C37/C$48 -> #DIV/0! | V37: =D37/D$48 -> 0 | W37: =E37/E$48 -> 0 | X37: =F37/F$48 -> 0 | Y37: =G37/G$48 -> 0 | Z37: =H37/H$48 -> 0 | AA37: =I37/I$48 -> 0 | AB37: =J37/J$48 -> 0 | ... AE37: =M37/M$48 -> #DIV/0!
B38: 51 | L38: 1 | N38: =SUM(C38:L38) -> 1 | T38: =B38 -> 51 | U38: =C38/C$48 -> #DIV/0! | V38: =D38/D$48 -> 0 | W38: =E38/E$48 -> 0 | X38: =F38/F$48 -> 0 | Y38: =G38/G$48 -> 0 | Z38: =H38/H$48 -> 0 | AA38: =I38/I$48 -> 0 | AB38: =J38/J$48 -> 0 | ... AE38: =M38/M$48 -> #DIV/0!
B39: 52 | N39: =SUM(N12:N38) -> 518 | T39: =B39 -> 52 | U39: =C39/C$48 -> #DIV/0! | V39: =D39/D$48 -> 0 | W39: =E39/E$48 -> 0 | X39: =F39/F$48 -> 0 | Y39: =G39/G$48 -> 0 | Z39: =H39/H$48 -> 0 | AA39: =I39/I$48 -> 0 | AB39: =J39/J$48 -> 0 | ... AE39: =M39/M$48 -> #DIV/0!
B40: 53 | N40: =SUM(C40:L40) -> 0 | T40: =B40 -> 53 | U40: =C40/C$48 -> #DIV/0! | V40: =D40/D$48 -> 0 | W40: =E40/E$48 -> 0 | X40: =F40/F$48 -> 0 | Y40: =G40/G$48 -> 0 | Z40: =H40/H$48 -> 0 | AA40: =I40/I$48 -> 0 | AB40: =J40/J$48 -> 0 | ... AE40: =M40/M$48 -> #DIV/0!
B41: 54 | T41: =B41 -> 54 | U41: =C41/C$48 -> #DIV/0! | V41: =D41/D$48 -> 0 | W41: =E41/E$48 -> 0 | X41: =F41/F$48 -> 0 | Y41: =G41/G$48 -> 0 | Z41: =H41/H$48 -> 0 | AA41: =I41/I$48 -> 0 | AB41: =J41/J$48 -> 0 | ... AE41: =M41/M$48 -> #DIV/0!
B42: 55 | T42: =B42 -> 55 | U42: =C42/C$48 -> #DIV/0! | V42: =D42/D$48 -> 0 | W42: =E42/E$48 -> 0 | X42: =F42/F$48 -> 0 | Y42: =G42/G$48 -> 0 | Z42: =H42/H$48 -> 0 | AA42: =I42/I$48 -> 0 | AB42: =J42/J$48 -> 0 | ... AE42: =M42/M$48 -> #DIV/0!
B43: 56 | T43: =B43 -> 56 | U43: =C43/C$48 -> #DIV/0! | V43: =D43/D$48 -> 0 | W43: =E43/E$48 -> 0 | X43: =F43/F$48 -> 0 | Y43: =G43/G$48 -> 0 | Z43: =H43/H$48 -> 0 | AA43: =I43/I$48 -> 0 | AB43: =J43/J$48 -> 0 | ... AE43: =M43/M$48 -> #DIV/0!
B44: 57 | T44: =B44 -> 57 | U44: =C44/C$48 -> #DIV/0! | V44: =D44/D$48 -> 0 | W44: =E44/E$48 -> 0 | X44: =F44/F$48 -> 0 | Y44: =G44/G$48 -> 0 | Z44: =H44/H$48 -> 0 | AA44: =I44/I$48 -> 0 | AB44: =J44/J$48 -> 0 | ... AE44: =M44/M$48 -> #DIV/0!
B45: 58 | T45: =B45 -> 58 | U45: =C45/C$48 -> #DIV/0! | V45: =D45/D$48 -> 0 | W45: =E45/E$48 -> 0 | X45: =F45/F$48 -> 0 | Y45: =G45/G$48 -> 0 | Z45: =H45/H$48 -> 0 | AA45: =I45/I$48 -> 0 | AB45: =J45/J$48 -> 0 | ... AE45: =M45/M$48 -> #DIV/0!
B46: 59 | T46: =B46 -> 59 | U46: =C46/C$48 -> #DIV/0! | V46: =D46/D$48 -> 0 | W46: =E46/E$48 -> 0 | X46: =F46/F$48 -> 0 | Y46: =G46/G$48 -> 0 | Z46: =H46/H$48 -> 0 | AA46: =I46/I$48 -> 0 | AB46: =J46/J$48 -> 0 | ... AE46: =M46/M$48 -> #DIV/0!
B47: 60 | T47: =B47 -> 60 | U47: =C47/C$48 -> #DIV/0! | V47: =D47/D$48 -> 0 | W47: =E47/E$48 -> 0 | X47: =F47/F$48 -> 0 | Y47: =G47/G$48 -> 0 | Z47: =H47/H$48 -> 0 | AA47: =I47/I$48 -> 0 | AB47: =J47/J$48 -> 0 | ... AE47: =M47/M$48 -> #DIV/0!
B48: Total | C48: =SUM(C4:C47) -> 0 | D48: =SUM(D4:D47) -> 9 | E48: =SUM(E4:E47) -> 90 | F48: =SUM(F4:F47) -> 145 | G48: =SUM(G4:G47) -> 107 | H48: =SUM(H4:H47) -> 86 | I48: =SUM(I4:I47) -> 65 | J48: =SUM(J4:J47) -> 13 | ... N48: =SUM(N4:N47) -> 1036
C50: =(C49/$N$39)*100 -> 0 | D50: =(D49/$N$39)*100 -> 0 | E50: =(E49/$N$39)*100 -> 0 | F50: =(F49/$N$39)*100 -> 0 | G50: =(G49/$N$39)*100 -> 0 | H50: =(H49/$N$39)*100 -> 0 | I50: =(I49/$N$39)*100 -> 0 | J50: =(J49/$N$39)*100 -> 0 | ... L50: =(L49/$N$39)*100 -> 0 | N50: =SUM(C50:L50) -> 0

Sheet 2004
B2: CLAVE EDAD-TALLA JUREL 2004
B4: L.H. | C4: II | D4: III | E4: IV | F4: V | G4: VI | H4: VII | I4: VIII | J4: IX | K4: X | L4: XI | M4: XII | N4: Total | U4: 2 | V4: 3 | W4: 4 | X4: 5 | Y4: 6 | Z4: 7 | AA4: 8 | AB4: 9 | AC4: 10 | AD4: 11 | AE4: 12
B5: =B6-1 -> 17 | T5: =B5 -> 17 | U5: =C5/C$49 -> 0 | V5: =D5/D$49 -> 0 | W5: =E5/E$49 -> 0 | X5: =F5/F$49 -> 0 | Y5: =G5/G$49 -> 0 | Z5: =H5/H$49 -> 0 | AA5: =I5/I$49 -> 0 | AB5: =J5/J$49 -> 0 | ... AE5: =M5/M$49 -> 0
B6: =B7-1 -> 18 | T6: =B6 -> 18 | U6: =C6/C$49 -> 0 | V6: =D6/D$49 -> 0 | W6: =E6/E$49 -> 0 | X6: =F6/F$49 -> 0 | Y6: =G6/G$49 -> 0 | Z6: =H6/H$49 -> 0 | AA6: =I6/I$49 -> 0 | AB6: =J6/J$49 -> 0 | ... AE6: =M6/M$49 -> 0
B7: =B8-1 -> 19 | T7: =B7 -> 19 | U7: =C7/C$49 -> 0 | V7: =D7/D$49 -> 0 | W7: =E7/E$49 -> 0 | X7: =F7/F$49 -> 0 | Y7: =G7/G$49 -> 0 | Z7: =H7/H$49 -> 0 | AA7: =I7/I$49 -> 0 | AB7: =J7/J$49 -> 0 | ... AE7: =M7/M$49 -> 0
B8: =B9-1 -> 20 | D8: 1 | N8: =SUM(C8:M8) -> 1 | T8: =B8 -> 20 | U8: =C8/C$49 -> 0 | V8: =D8/D$49 -> 0.018518519 | W8: =E8/E$49 -> 0 | X8: =F8/F$49 -> 0 | Y8: =G8/G$49 -> 0 | Z8: =H8/H$49 -> 0 | AA8: =I8/I$49 -> 0 | AB8: =J8/J$49 -> 0 | ... AE8: =M8/M$49 -> 0
B9: =B10-1 -> 21 | D9: 11 | N9: =SUM(C9:M9) -> 11 | T9: =B9 -> 21 | U9: =C9/C$49 -> 0 | V9: =D9/D$49 -> 0.2037037 | W9: =E9/E$49 -> 0 | X9: =F9/F$49 -> 0 | Y9: =G9/G$49 -> 0 | Z9: =H9/H$49 -> 0 | AA9: =I9/I$49 -> 0 | AB9: =J9/J$49 -> 0 | ... AE9: =M9/M$49 -> 0
B10: =B11-1 -> 22 | D10: 11 | E10: 15 | N10: =SUM(C10:M10) -> 26 | T10: =B10 -> 22 | U10: =C10/C$49 -> 0 | V10: =D10/D$49 -> 0.2037037 | W10: =E10/E$49 -> 0.10067114 | X10: =F10/F$49 -> 0 | Y10: =G10/G$49 -> 0 | Z10: =H10/H$49 -> 0 | AA10: =I10/I$49 -> 0 | AB10: =J10/J$49 -> 0 | ... AE10: =M10/M$49 -> 0
B11: =B12-1 -> 23 | C11: 1 | D11: 7 | E11: 18 | F11: 3 | N11: =SUM(C11:M11) -> 29 | T11: =B11 -> 23 | U11: =C11/C$49 -> 1 | V11: =D11/D$49 -> 0.12962963 | W11: =E11/E$49 -> 0.12080537 | X11: =F11/F$49 -> 0.012987013 | Y11: =G11/G$49 -> 0 | Z11: =H11/H$49 -> 0 | AA11: =I11/I$49 -> 0 | AB11: =J11/J$49 -> 0 | ... AE11: =M11/M$49 -> 0
B12: =B13-1 -> 24 | D12: 7 | E12: 22 | F12: 3 | N12: =SUM(C12:M12) -> 32 | T12: =B12 -> 24 | U12: =C12/C$49 -> 0 | V12: =D12/D$49 -> 0.12962963 | W12: =E12/E$49 -> 0.14765101 | X12: =F12/F$49 -> 0.012987013 | Y12: =G12/G$49 -> 0 | Z12: =H12/H$49 -> 0 | AA12: =I12/I$49 -> 0 | AB12: =J12/J$49 -> 0 | ... AE12: =M12/M$49 -> 0
B13: 25 | D13: 6 | E13: 22 | F13: 16 | G13: 7 | H13: 3 | N13: =SUM(C13:M13) -> 54 | T13: =B13 -> 25 | U13: =C13/C$49 -> 0 | V13: =D13/D$49 -> 0.11111111 | W13: =E13/E$49 -> 0.14765101 | X13: =F13/F$49 -> 0.069264069 | Y13: =G13/G$49 -> 0.020710059 | Z13: =H13/H$49 -> 0.010830325 | AA13: =I13/I$49 -> 0 | AB13: =J13/J$49 -> 0 | ... AE13: =M13/M$49 -> 0
B14: 26 | D14: 8 | E14: 23 | F14: 37 | G14: 18 | H14: 3 | N14: =SUM(C14:M14) -> 89 | T14: =B14 -> 26 | U14: =C14/C$49 -> 0 | V14: =D14/D$49 -> 0.14814815 | W14: =E14/E$49 -> 0.15436242 | X14: =F14/F$49 -> 0.16017316 | Y14: =G14/G$49 -> 0.053254438 | Z14: =H14/H$49 -> 0.010830325 | AA14: =I14/I$49 -> 0 | AB14: =J14/J$49 -> 0 | ... AE14: =M14/M$49 -> 0
B15: 27 | D15: 2 | E15: 14 | F15: 29 | G15: 34 | H15: 9 | I15: 1 | N15: =SUM(C15:M15) -> 89 | T15: =B15 -> 27 | U15: =C15/C$49 -> 0 | V15: =D15/D$49 -> 0.037037037 | W15: =E15/E$49 -> 0.093959732 | X15: =F15/F$49 -> 0.12554113 | Y15: =G15/G$49 -> 0.10059172 | Z15: =H15/H$49 -> 0.032490975 | AA15: =I15/I$49 -> 0.0046296296 | AB15: =J15/J$49 -> 0 | ... AE15: =M15/M$49 -> 0
B16: 28 | D16: 1 | E16: 10 | F16: 33 | G16: 31 | H16: 11 | I16: 4 | N16: =SUM(C16:M16) -> 90 | T16: =B16 -> 28 | U16: =C16/C$49 -> 0 | V16: =D16/D$49 -> 0.018518519 | W16: =E16/E$49 -> 0.067114094 | X16: =F16/F$49 -> 0.14285714 | Y16: =G16/G$49 -> 0.091715976 | Z16: =H16/H$49 -> 0.039711191 | AA16: =I16/I$49 -> 0.018518519 | AB16: =J16/J$49 -> 0 | ... AE16: =M16/M$49 -> 0
B17: 29 | E17: 8 | F17: 23 | G17: 40 | H17: 18 | I17: 4 | N17: =SUM(C17:M17) -> 93 | T17: =B17 -> 29 | U17: =C17/C$49 -> 0 | V17: =D17/D$49 -> 0 | W17: =E17/E$49 -> 0.053691275 | X17: =F17/F$49 -> 0.0995671 | Y17: =G17/G$49 -> 0.1183432 | Z17: =H17/H$49 -> 0.064981949 | AA17: =I17/I$49 -> 0.018518519 | AB17: =J17/J$49 -> 0 | ... AE17: =M17/M$49 -> 0
B18: 30 | E18: 7 | F18: 22 | G18: 32 | H18: 25 | I18: 9 | J18: 2 | N18: =SUM(C18:M18) -> 97 | T18: =B18 -> 30 | U18: =C18/C$49 -> 0 | V18: =D18/D$49 -> 0 | W18: =E18/E$49 -> 0.046979866 | X18: =F18/F$49 -> 0.095238095 | Y18: =G18/G$49 -> 0.094674556 | Z18: =H18/H$49 -> 0.090252708 | AA18: =I18/I$49 -> 0.041666667 | AB18: =J18/J$49 -> 0.0095238095 | ... AE18: =M18/M$49 -> 0
B19: 31 | E19: 5 | F19: 23 | G19: 33 | H19: 23 | I19: 10 | J19: 1 | N19: =SUM(C19:M19) -> 95 | T19: =B19 -> 31 | U19: =C19/C$49 -> 0 | V19: =D19/D$49 -> 0 | W19: =E19/E$49 -> 0.033557047 | X19: =F19/F$49 -> 0.0995671 | Y19: =G19/G$49 -> 0.097633136 | Z19: =H19/H$49 -> 0.083032491 | AA19: =I19/I$49 -> 0.046296296 | AB19: =J19/J$49 -> 0.0047619048 | ... AE19: =M19/M$49 -> 0
B20: 32 | E20: 1 | F20: 18 | G20: 46 | H20: 32 | I20: 6 | J20: 1 | N20: =SUM(C20:M20) -> 104 | T20: =B20 -> 32 | U20: =C20/C$49 -> 0 | V20: =D20/D$49 -> 0 | W20: =E20/E$49 -> 0.0067114094 | X20: =F20/F$49 -> 0.077922078 | Y20: =G20/G$49 -> 0.13609467 | Z20: =H20/H$49 -> 0.11552347 | AA20: =I20/I$49 -> 0.027777778 | AB20: =J20/J$49 -> 0.0047619048 | ... AE20: =M20/M$49 -> 0
B21: 33 | E21: 4 | F21: 15 | G21: 33 | H21: 27 | I21: 9 | J21: 2 | N21: =SUM(C21:M21) -> 90 | T21: =B21 -> 33 | U21: =C21/C$49 -> 0 | V21: =D21/D$49 -> 0 | W21: =E21/E$49 -> 0.026845638 | X21: =F21/F$49 -> 0.064935065 | Y21: =G21/G$49 -> 0.097633136 | Z21: =H21/H$49 -> 0.097472924 | AA21: =I21/I$49 -> 0.041666667 | AB21: =J21/J$49 -> 0.0095238095 | ... AE21: =M21/M$49 -> 0
B22: 34 | F22: 7 | G22: 18 | H22: 24 | I22: 10 | J22: 7 | K22: 1 | N22: =SUM(C22:M22) -> 67 | T22: =B22 -> 34 | U22: =C22/C$49 -> 0 | V22: =D22/D$49 -> 0 | W22: =E22/E$49 -> 0 | X22: =F22/F$49 -> 0.03030303 | Y22: =G22/G$49 -> 0.053254438 | Z22: =H22/H$49 -> 0.086642599 | AA22: =I22/I$49 -> 0.046296296 | AB22: =J22/J$49 -> 0.033333333 | ... AE22: =M22/M$49 -> 0
B23: 35 | F23: 2 | G23: 15 | H23: 20 | I23: 14 | J23: 7 | K23: 1 | N23: =SUM(C23:M23) -> 59 | T23: =B23 -> 35 | U23: =C23/C$49 -> 0 | V23: =D23/D$49 -> 0 | W23: =E23/E$49 -> 0 | X23: =F23/F$49 -> 0.0086580087 | Y23: =G23/G$49 -> 0.044378698 | Z23: =H23/H$49 -> 0.072202166 | AA23: =I23/I$49 -> 0.064814815 | AB23: =J23/J$49 -> 0.033333333 | ... AE23: =M23/M$49 -> 0
B24: 36 | G24: 14 | H24: 22 | I24: 11 | J24: 2 | N24: =SUM(C24:M24) -> 49 | T24: =B24 -> 36 | U24: =C24/C$49 -> 0 | V24: =D24/D$49 -> 0 | W24: =E24/E$49 -> 0 | X24: =F24/F$49 -> 0 | Y24: =G24/G$49 -> 0.041420118 | Z24: =H24/H$49 -> 0.079422383 | AA24: =I24/I$49 -> 0.050925926 | AB24: =J24/J$49 -> 0.0095238095 | ... AE24: =M24/M$49 -> 0
B25: 37 | G25: 1 | H25: 11 | I25: 13 | J25: 19 | K25: 6 | L25: 2 | N25: =SUM(C25:M25) -> 52 | T25: =B25 -> 37 | U25: =C25/C$49 -> 0 | V25: =D25/D$49 -> 0 | W25: =E25/E$49 -> 0 | X25: =F25/F$49 -> 0 | Y25: =G25/G$49 -> 0.0029585799 | Z25: =H25/H$49 -> 0.039711191 | AA25: =I25/I$49 -> 0.060185185 | AB25: =J25/J$49 -> 0.09047619 | ... AE25: =M25/M$49 -> 0
B26: 38 | G26: 9 | H26: 12 | I26: 11 | J26: 12 | K26: 4 | N26: =SUM(C26:M26) -> 48 | T26: =B26 -> 38 | U26: =C26/C$49 -> 0 | V26: =D26/D$49 -> 0 | W26: =E26/E$49 -> 0 | X26: =F26/F$49 -> 0 | Y26: =G26/G$49 -> 0.026627219 | Z26: =H26/H$49 -> 0.0433213 | AA26: =I26/I$49 -> 0.050925926 | AB26: =J26/J$49 -> 0.057142857 | ... AE26: =M26/M$49 -> 0
B27: 39 | G27: 2 | H27: 9 | I27: 15 | J27: 8 | K27: 5 | L27: 1 | N27: =SUM(C27:M27) -> 40 | T27: =B27 -> 39 | U27: =C27/C$49 -> 0 | V27: =D27/D$49 -> 0 | W27: =E27/E$49 -> 0 | X27: =F27/F$49 -> 0 | Y27: =G27/G$49 -> 0.0059171598 | Z27: =H27/H$49 -> 0.032490975 | AA27: =I27/I$49 -> 0.069444444 | AB27: =J27/J$49 -> 0.038095238 | ... AE27: =M27/M$49 -> 0
B28: 40 | G28: 5 | H28: 8 | I28: 19 | J28: 9 | K28: 1 | M28: 1 | N28: =SUM(C28:M28) -> 43 | T28: =B28 -> 40 | U28: =C28/C$49 -> 0 | V28: =D28/D$49 -> 0 | W28: =E28/E$49 -> 0 | X28: =F28/F$49 -> 0 | Y28: =G28/G$49 -> 0.014792899 | Z28: =H28/H$49 -> 0.028880866 | AA28: =I28/I$49 -> 0.087962963 | AB28: =J28/J$49 -> 0.042857143 | ... AE28: =M28/M$49 -> 0.011764706
B29: 41 | H29: 5 | I29: 11 | J29: 18 | K29: 4 | N29: =SUM(C29:M29) -> 38 | T29: =B29 -> 41 | U29: =C29/C$49 -> 0 | V29: =D29/D$49 -> 0 | W29: =E29/E$49 -> 0 | X29: =F29/F$49 -> 0 | Y29: =G29/G$49 -> 0 | Z29: =H29/H$49 -> 0.018050542 | AA29: =I29/I$49 -> 0.050925926 | AB29: =J29/J$49 -> 0.085714286 | ... AE29: =M29/M$49 -> 0
B30: 42 | H30: 8 | I30: 16 | J30: 17 | K30: 1 | L30: 2 | N30: =SUM(C30:M30) -> 44 | T30: =B30 -> 42 | U30: =C30/C$49 -> 0 | V30: =D30/D$49 -> 0 | W30: =E30/E$49 -> 0 | X30: =F30/F$49 -> 0 | Y30: =G30/G$49 -> 0 | Z30: =H30/H$49 -> 0.028880866 | AA30: =I30/I$49 -> 0.074074074 | AB30: =J30/J$49 -> 0.080952381 | ... AE30: =M30/M$49 -> 0
B31: 43 | H31: 2 | I31: 10 | J31: 14 | K31: 8 | L31: 2 | N31: =SUM(C31:M31) -> 36 | T31: =B31 -> 43 | U31: =C31/C$49 -> 0 | V31: =D31/D$49 -> 0 | W31: =E31/E$49 -> 0 | X31: =F31/F$49 -> 0 | Y31: =G31/G$49 -> 0 | Z31: =H31/H$49 -> 0.0072202166 | AA31: =I31/I$49 -> 0.046296296 | AB31: =J31/J$49 -> 0.066666667 | ... AE31: =M31/M$49 -> 0
B32: 44 | I32: 10 | J32: 11 | K32: 6 | L32: 6 | N32: =SUM(C32:M32) -> 33 | T32: =B32 -> 44 | U32: =C32/C$49 -> 0 | V32: =D32/D$49 -> 0 | W32: =E32/E$49 -> 0 | X32: =F32/F$49 -> 0 | Y32: =G32/G$49 -> 0 | Z32: =H32/H$49 -> 0 | AA32: =I32/I$49 -> 0.046296296 | AB32: =J32/J$49 -> 0.052380952 | ... AE32: =M32/M$49 -> 0
B33: 45 | I33: 2 | J33: 12 | K33: 12 | L33: 15 | M33: 8 | N33: =SUM(C33:M33) -> 49 | T33: =B33 -> 45 | U33: =C33/C$49 -> 0 | V33: =D33/D$49 -> 0 | W33: =E33/E$49 -> 0 | X33: =F33/F$49 -> 0 | Y33: =G33/G$49 -> 0 | Z33: =H33/H$49 -> 0 | AA33: =I33/I$49 -> 0.0092592593 | AB33: =J33/J$49 -> 0.057142857 | ... AE33: =M33/M$49 -> 0.094117647
B34: 46 | H34: 3 | I34: 7 | J34: 10 | K34: 13 | L34: 8 | N34: =SUM(C34:M34) -> 41 | T34: =B34 -> 46 | U34: =C34/C$49 -> 0 | V34: =D34/D$49 -> 0 | W34: =E34/E$49 -> 0 | X34: =F34/F$49 -> 0 | Y34: =G34/G$49 -> 0 | Z34: =H34/H$49 -> 0.010830325 | AA34: =I34/I$49 -> 0.032407407 | AB34: =J34/J$49 -> 0.047619048 | ... AE34: =M34/M$49 -> 0
B35: 47 | H35: 1 | I35: 5 | J35: 15 | K35: 18 | L35: 9 | M35: 1 | N35: =SUM(C35:M35) -> 49 | T35: =B35 -> 47 | U35: =C35/C$49 -> 0 | V35: =D35/D$49 -> 0 | W35: =E35/E$49 -> 0 | X35: =F35/F$49 -> 0 | Y35: =G35/G$49 -> 0 | Z35: =H35/H$49 -> 0.0036101083 | AA35: =I35/I$49 -> 0.023148148 | AB35: =J35/J$49 -> 0.071428571 | ... AE35: =M35/M$49 -> 0.011764706
B36: 48 | H36: 1 | I36: 5 | J36: 17 | K36: 8 | L36: 5 | N36: =SUM(C36:M36) -> 36 | T36: =B36 -> 48 | U36: =C36/C$49 -> 0 | V36: =D36/D$49 -> 0 | W36: =E36/E$49 -> 0 | X36: =F36/F$49 -> 0 | Y36: =G36/G$49 -> 0 | Z36: =H36/H$49 -> 0.0036101083 | AA36: =I36/I$49 -> 0.023148148 | AB36: =J36/J$49 -> 0.080952381 | ... AE36: =M36/M$49 -> 0
B37: 49 | I37: 9 | J37: 13 | K37: 10 | L37: 8 | M37: 3 | N37: =SUM(C37:M37) -> 43 | T37: =B37 -> 49 | U37: =C37/C$49 -> 0 | V37: =D37/D$49 -> 0 | W37: =E37/E$49 -> 0 | X37: =F37/F$49 -> 0 | Y37: =G37/G$49 -> 0 | Z37: =H37/H$49 -> 0 | AA37: =I37/I$49 -> 0.041666667 | AB37: =J37/J$49 -> 0.061904762 | ... AE37: =M37/M$49 -> 0.035294118
B38: 50 | I38: 3 | J38: 7 | K38: 7 | L38: 13 | M38: 8 | N38: =SUM(C38:M38) -> 38 | T38: =B38 -> 50 | U38: =C38/C$49 -> 0 | V38: =D38/D$49 -> 0 | W38: =E38/E$49 -> 0 | X38: =F38/F$49 -> 0 | Y38: =G38/G$49 -> 0 | Z38: =H38/H$49 -> 0 | AA38: =I38/I$49 -> 0.013888889 | AB38: =J38/J$49 -> 0.033333333 | ... AE38: =M38/M$49 -> 0.094117647
B39: 51 | I39: 2 | J39: 2 | K39: 6 | L39: 13 | M39: 10 | N39: =SUM(C39:M39) -> 33 | T39: =B39 -> 51 | U39: =C39/C$49 -> 0 | V39: =D39/D$49 -> 0 | W39: =E39/E$49 -> 0 | X39: =F39/F$49 -> 0 | Y39: =G39/G$49 -> 0 | Z39: =H39/H$49 -> 0 | AA39: =I39/I$49 -> 0.0092592593 | AB39: =J39/J$49 -> 0.0095238095 | ... AE39: =M39/M$49 -> 0.11764706
B40: 52 | J40: 3 | K40: 9 | L40: 6 | M40: 12 | N40: =SUM(C40:M40) -> 30 | T40: =B40 -> 52 | U40: =C40/C$49 -> 0 | V40: =D40/D$49 -> 0 | W40: =E40/E$49 -> 0 | X40: =F40/F$49 -> 0 | Y40: =G40/G$49 -> 0 | Z40: =H40/H$49 -> 0 | AA40: =I40/I$49 -> 0 | AB40: =J40/J$49 -> 0.014285714 | ... AE40: =M40/M$49 -> 0.14117647
B41: 53 | J41: 1 | K41: 7 | L41: 11 | M41: 11 | N41: =SUM(C41:M41) -> 30 | T41: =B41 -> 53 | U41: =C41/C$49 -> 0 | V41: =D41/D$49 -> 0 | W41: =E41/E$49 -> 0 | X41: =F41/F$49 -> 0 | Y41: =G41/G$49 -> 0 | Z41: =H41/H$49 -> 0 | AA41: =I41/I$49 -> 0 | AB41: =J41/J$49 -> 0.0047619048 | ... AE41: =M41/M$49 -> 0.12941176
B42: 54 | K42: 3 | L42: 8 | M42: 12 | N42: =SUM(C42:M42) -> 23 | T42: =B42 -> 54 | U42: =C42/C$49 -> 0 | V42: =D42/D$49 -> 0 | W42: =E42/E$49 -> 0 | X42: =F42/F$49 -> 0 | Y42: =G42/G$49 -> 0 | Z42: =H42/H$49 -> 0 | AA42: =I42/I$49 -> 0 | AB42: =J42/J$49 -> 0 | ... AE42: =M42/M$49 -> 0.14117647
B43: 55 | K43: 3 | L43: 8 | M43: 8 | N43: =SUM(C43:M43) -> 19 | T43: =B43 -> 55 | U43: =C43/C$49 -> 0 | V43: =D43/D$49 -> 0 | W43: =E43/E$49 -> 0 | X43: =F43/F$49 -> 0 | Y43: =G43/G$49 -> 0 | Z43: =H43/H$49 -> 0 | AA43: =I43/I$49 -> 0 | AB43: =J43/J$49 -> 0 | ... AE43: =M43/M$49 -> 0.094117647
B44: 56 | K44: 2 | L44: 3 | M44: 4 | N44: =SUM(C44:M44) -> 9 | T44: =B44 -> 56 | U44: =C44/C$49 -> 0 | V44: =D44/D$49 -> 0 | W44: =E44/E$49 -> 0 | X44: =F44/F$49 -> 0 | Y44: =G44/G$49 -> 0 | Z44: =H44/H$49 -> 0 | AA44: =I44/I$49 -> 0 | AB44: =J44/J$49 -> 0 | ... AE44: =M44/M$49 -> 0.047058824
B45: 57 | K45: 1 | M45: 5 | N45: =SUM(C45:M45) -> 6 | T45: =B45 -> 57 | U45: =C45/C$49 -> 0 | V45: =D45/D$49 -> 0 | W45: =E45/E$49 -> 0 | X45: =F45/F$49 -> 0 | Y45: =G45/G$49 -> 0 | Z45: =H45/H$49 -> 0 | AA45: =I45/I$49 -> 0 | AB45: =J45/J$49 -> 0 | ... AE45: =M45/M$49 -> 0.058823529
B46: 58 | K46: 1 | M46: 1 | N46: =SUM(C46:M46) -> 2 | T46: =B46 -> 58 | U46: =C46/C$49 -> 0 | V46: =D46/D$49 -> 0 | W46: =E46/E$49 -> 0 | X46: =F46/F$49 -> 0 | Y46: =G46/G$49 -> 0 | Z46: =H46/H$49 -> 0 | AA46: =I46/I$49 -> 0 | AB46: =J46/J$49 -> 0 | ... AE46: =M46/M$49 -> 0.011764706
B47: 59 | N47: =SUM(C47:M47) -> 0 | T47: =B47 -> 59 | U47: =C47/C$49 -> 0 | V47: =D47/D$49 -> 0 | W47: =E47/E$49 -> 0 | X47: =F47/F$49 -> 0 | Y47: =G47/G$49 -> 0 | Z47: =H47/H$49 -> 0 | AA47: =I47/I$49 -> 0 | AB47: =J47/J$49 -> 0 | ... AE47: =M47/M$49 -> 0
B48: 60 | M48: 1 | N48: =SUM(C48:M48) -> 1 | T48: =B48 -> 60 | U48: =C48/C$49 -> 0 | V48: =D48/D$49 -> 0 | W48: =E48/E$49 -> 0 | X48: =F48/F$49 -> 0 | Y48: =G48/G$49 -> 0 | Z48: =H48/H$49 -> 0 | AA48: =I48/I$49 -> 0 | AB48: =J48/J$49 -> 0 | ... AE48: =M48/M$49 -> 0.011764706
B49: Total | C49: =SUM(C8:C48) -> 1 | D49: =SUM(D8:D48) -> 54 | E49: =SUM(E8:E48) -> 149 | F49: =SUM(F8:F48) -> 231 | G49: =SUM(G8:G48) -> 338 | H49: =SUM(H8:H48) -> 277 | I49: =SUM(I8:I48) -> 216 | J49: =SUM(J8:J48) -> 210 | ... Q49: =SUM(Q8:Q48) -> 0
B50: % | C50: =(C49/$N$49)*100 -> 0.055005501 | D50: =(D49/$N$49)*100 -> 2.970297 | E50: =(E49/$N$49)*100 -> 8.1958196 | F50: =(F49/$N$49)*100 -> 12.706271 | G50: =(G49/$N$49)*100 -> 18.591859 | H50: =(H49/$N$49)*100 -> 15.236524 | I50: =(I49/$N$49)*100 -> 11.881188 | J50: =(J49/$N$49)*100 -> 11.551155 | ... M50: =(M49/$N$49)*100 -> 4.6754675 | N50: =SUM(C50:M50) -> 100
C52: =SUMPRODUCT($B8:$B48,C8:C48)/SUM(C8:C48) -> 23 | D52: =SUMPRODUCT($B8:$B48,D8:D48)/SUM(D8:D48) -> 23.37037 | E52: =SUMPRODUCT($B8:$B48,E8:E48)/SUM(E8:E48) -> 25.765101 | F52: =SUMPRODUCT($B8:$B48,F8:F48)/SUM(F8:F48) -> 28.69697 | G52: =SUMPRODUCT($B8:$B48,G8:G48)/SUM(G8:G48) -> 30.860947 | H52: =SUMPRODUCT($B8:$B48,H8:H48)/SUM(H8:H48) -> 33.595668 | I52: =SUMPRODUCT($B8:$B48,I8:I48)/SUM(I8:I48) -> 38.736111 | J52: =SUMPRODUCT($B8:$B48,J8:J48)/SUM(J8:J48) -> 42.533333 | ... M52: =SUMPRODUCT($B8:$B48,M8:M48)/SUM(M8:M48) -> 52.070588

Sheet 2002
B2: CLAVE EDAD-TALLA JUREL 2002
B4: L.H. | C4: II | D4: III | E4: IV | F4: V | G4: VI | H4: VII | I4: VIII | J4: IX | K4: X | L4: XI | M4: XII | O4: XIII | P4: XIV | Q4: XV | R4: Total | U4: 2 | V4: 3 | W4: 4 | X4: 5 | Y4: 6 | Z4: 7 | AA4: 8 | AB4: 9 | AC4: 10 | AD4: 11 | AE4: 12
B5: 17 | D5: 1 | R5: =SUM(C5:Q5) -> 1 | T5: =B5 -> 17 | U5: =C5/C$49 -> 0 | V5: =D5/D$49 -> 0.0073529412 | W5: =E5/E$49 -> 0 | X5: =F5/F$49 -> 0 | Y5: =G5/G$49 -> 0 | Z5: =H5/H$49 -> 0 | AA5: =I5/I$49 -> 0 | AB5: =J5/J$49 -> 0 | ... AE5: =M5/M$49 -> 0
B6: 18 | D6: 2 | R6: =SUM(C6:Q6) -> 2 | T6: =B6 -> 18 | U6: =C6/C$49 -> 0 | V6: =D6/D$49 -> 0.014705882 | W6: =E6/E$49 -> 0 | X6: =F6/F$49 -> 0 | Y6: =G6/G$49 -> 0 | Z6: =H6/H$49 -> 0 | AA6: =I6/I$49 -> 0 | AB6: =J6/J$49 -> 0 | ... AE6: =M6/M$49 -> 0
B7: 19 | D7: 11 | E7: 8 | F7: 1 | R7: =SUM(C7:Q7) -> 20 | T7: =B7 -> 19 | U7: =C7/C$49 -> 0 | V7: =D7/D$49 -> 0.080882353 | W7: =E7/E$49 -> 0.031496063 | X7: =F7/F$49 -> 0.004 | Y7: =G7/G$49 -> 0 | Z7: =H7/H$49 -> 0 | AA7: =I7/I$49 -> 0 | AB7: =J7/J$49 -> 0 | ... AE7: =M7/M$49 -> 0
B8: 20 | D8: 20 | E8: 18 | F8: 1 | R8: =SUM(C8:Q8) -> 39 | T8: =B8 -> 20 | U8: =C8/C$49 -> 0 | V8: =D8/D$49 -> 0.14705882 | W8: =E8/E$49 -> 0.070866142 | X8: =F8/F$49 -> 0.004 | Y8: =G8/G$49 -> 0 | Z8: =H8/H$49 -> 0 | AA8: =I8/I$49 -> 0 | AB8: =J8/J$49 -> 0 | ... AE8: =M8/M$49 -> 0
B9: 21 | C9: 1 | D9: 19 | E9: 18 | F9: 2 | R9: =SUM(C9:Q9) -> 40 | T9: =B9 -> 21 | U9: =C9/C$49 -> 0.25 | V9: =D9/D$49 -> 0.13970588 | W9: =E9/E$49 -> 0.070866142 | X9: =F9/F$49 -> 0.008 | Y9: =G9/G$49 -> 0 | Z9: =H9/H$49 -> 0 | AA9: =I9/I$49 -> 0 | AB9: =J9/J$49 -> 0 | ... AE9: =M9/M$49 -> 0
B10: 22 | D10: 12 | E10: 13 | F10: 2 | G10: 1 | R10: =SUM(C10:Q10) -> 28 | T10: =B10 -> 22 | U10: =C10/C$49 -> 0 | V10: =D10/D$49 -> 0.088235294 | W10: =E10/E$49 -> 0.051181102 | X10: =F10/F$49 -> 0.008 | Y10: =G10/G$49 -> 0.004048583 | Z10: =H10/H$49 -> 0 | AA10: =I10/I$49 -> 0 | AB10: =J10/J$49 -> 0 | ... AE10: =M10/M$49 -> 0
B11: 23 | D11: 22 | E11: 22 | F11: 14 | G11: 2 | R11: =SUM(C11:Q11) -> 60 | T11: =B11 -> 23 | U11: =C11/C$49 -> 0 | V11: =D11/D$49 -> 0.16176471 | W11: =E11/E$49 -> 0.086614173 | X11: =F11/F$49 -> 0.056 | Y11: =G11/G$49 -> 0.008097166 | Z11: =H11/H$49 -> 0 | AA11: =I11/I$49 -> 0 | AB11: =J11/J$49 -> 0 | ... AE11: =M11/M$49 -> 0
B12: 24 | C12: 3 | D12: 14 | E12: 40 | F12: 10 | G12: 4 | H12: 1 | R12: =SUM(C12:Q12) -> 72 | T12: =B12 -> 24 | U12: =C12/C$49 -> 0.75 | V12: =D12/D$49 -> 0.10294118 | W12: =E12/E$49 -> 0.15748031 | X12: =F12/F$49 -> 0.04 | Y12: =G12/G$49 -> 0.016194332 | Z12: =H12/H$49 -> 0.0043668122 | AA12: =I12/I$49 -> 0 | AB12: =J12/J$49 -> 0 | ... AE12: =M12/M$49 -> 0
B13: 25 | D13: 15 | E13: 36 | F13: 19 | G13: 10 | H13: 2 | R13: =SUM(C13:Q13) -> 82 | T13: =B13 -> 25 | U13: =C13/C$49 -> 0 | V13: =D13/D$49 -> 0.11029412 | W13: =E13/E$49 -> 0.14173228 | X13: =F13/F$49 -> 0.076 | Y13: =G13/G$49 -> 0.04048583 | Z13: =H13/H$49 -> 0.0087336245 | AA13: =I13/I$49 -> 0 | AB13: =J13/J$49 -> 0 | ... AE13: =M13/M$49 -> 0
B14: 26 | D14: 17 | E14: 29 | F14: 21 | G14: 13 | H14: 3 | R14: =SUM(C14:Q14) -> 83 | T14: =B14 -> 26 | U14: =C14/C$49 -> 0 | V14: =D14/D$49 -> 0.125 | W14: =E14/E$49 -> 0.11417323 | X14: =F14/F$49 -> 0.084 | Y14: =G14/G$49 -> 0.052631579 | Z14: =H14/H$49 -> 0.013100437 | AA14: =I14/I$49 -> 0 | AB14: =J14/J$49 -> 0 | ... AE14: =M14/M$49 -> 0
B15: 27 | D15: 2 | E15: 19 | F15: 38 | G15: 18 | H15: 6 | I15: 1 | R15: =SUM(C15:Q15) -> 84 | T15: =B15 -> 27 | U15: =C15/C$49 -> 0 | V15: =D15/D$49 -> 0.014705882 | W15: =E15/E$49 -> 0.07480315 | X15: =F15/F$49 -> 0.152 | Y15: =G15/G$49 -> 0.072874494 | Z15: =H15/H$49 -> 0.026200873 | AA15: =I15/I$49 -> 0.0042918455 | AB15: =J15/J$49 -> 0 | ... AE15: =M15/M$49 -> 0
B16: 28 | D16: 1 | E16: 18 | F16: 33 | G16: 26 | H16: 4 | R16: =SUM(C16:Q16) -> 82 | T16: =B16 -> 28 | U16: =C16/C$49 -> 0 | V16: =D16/D$49 -> 0.0073529412 | W16: =E16/E$49 -> 0.070866142 | X16: =F16/F$49 -> 0.132 | Y16: =G16/G$49 -> 0.10526316 | Z16: =H16/H$49 -> 0.017467249 | AA16: =I16/I$49 -> 0 | AB16: =J16/J$49 -> 0 | ... AE16: =M16/M$49 -> 0
B17: 29 | E17: 15 | F17: 28 | G17: 29 | H17: 12 | I17: 2 | R17: =SUM(C17:Q17) -> 86 | T17: =B17 -> 29 | U17: =C17/C$49 -> 0 | V17: =D17/D$49 -> 0 | W17: =E17/E$49 -> 0.059055118 | X17: =F17/F$49 -> 0.112 | Y17: =G17/G$49 -> 0.11740891 | Z17: =H17/H$49 -> 0.052401747 | AA17: =I17/I$49 -> 0.008583691 | AB17: =J17/J$49 -> 0 | ... AE17: =M17/M$49 -> 0
B18: 30 | E18: 7 | F18: 22 | G18: 32 | H18: 13 | I18: 2 | J18: 1 | R18: =SUM(C18:Q18) -> 77 | T18: =B18 -> 30 | U18: =C18/C$49 -> 0 | V18: =D18/D$49 -> 0 | W18: =E18/E$49 -> 0.027559055 | X18: =F18/F$49 -> 0.088 | Y18: =G18/G$49 -> 0.12955466 | Z18: =H18/H$49 -> 0.056768559 | AA18: =I18/I$49 -> 0.008583691 | AB18: =J18/J$49 -> 0.0045454545 | ... AE18: =M18/M$49 -> 0
B19: 31 | E19: 6 | F19: 16 | G19: 23 | H19: 19 | I19: 7 | J19: 2 | R19: =SUM(C19:Q19) -> 73 | T19: =B19 -> 31 | U19: =C19/C$49 -> 0 | V19: =D19/D$49 -> 0 | W19: =E19/E$49 -> 0.023622047 | X19: =F19/F$49 -> 0.064 | Y19: =G19/G$49 -> 0.093117409 | Z19: =H19/H$49 -> 0.082969432 | AA19: =I19/I$49 -> 0.030042918 | AB19: =J19/J$49 -> 0.0090909091 | ... AE19: =M19/M$49 -> 0
B20: 32 | E20: 3 | F20: 12 | G20: 21 | H20: 22 | I20: 4 | R20: =SUM(C20:Q20) -> 62 | T20: =B20 -> 32 | U20: =C20/C$49 -> 0 | V20: =D20/D$49 -> 0 | W20: =E20/E$49 -> 0.011811024 | X20: =F20/F$49 -> 0.048 | Y20: =G20/G$49 -> 0.085020243 | Z20: =H20/H$49 -> 0.096069869 | AA20: =I20/I$49 -> 0.017167382 | AB20: =J20/J$49 -> 0 | ... AE20: =M20/M$49 -> 0
B21: 33 | E21: 1 | F21: 10 | G21: 15 | H21: 24 | I21: 4 | J21: 1 | R21: =SUM(C21:Q21) -> 55 | T21: =B21 -> 33 | U21: =C21/C$49 -> 0 | V21: =D21/D$49 -> 0 | W21: =E21/E$49 -> 0.0039370079 | X21: =F21/F$49 -> 0.04 | Y21: =G21/G$49 -> 0.060728745 | Z21: =H21/H$49 -> 0.10480349 | AA21: =I21/I$49 -> 0.017167382 | AB21: =J21/J$49 -> 0.0045454545 | ... AE21: =M21/M$49 -> 0
B22: 34 | E22: 1 | F22: 5 | G22: 7 | H22: 19 | I22: 7 | J22: 2 | R22: =SUM(C22:Q22) -> 41 | T22: =B22 -> 34 | U22: =C22/C$49 -> 0 | V22: =D22/D$49 -> 0 | W22: =E22/E$49 -> 0.0039370079 | X22: =F22/F$49 -> 0.02 | Y22: =G22/G$49 -> 0.028340081 | Z22: =H22/H$49 -> 0.082969432 | AA22: =I22/I$49 -> 0.030042918 | AB22: =J22/J$49 -> 0.0090909091 | ... AE22: =M22/M$49 -> 0
B23: 35 | F23: 7 | G23: 16 | H23: 14 | I23: 12 | J23: 2 | K23: 1 | R23: =SUM(C23:Q23) -> 52 | T23: =B23 -> 35 | U23: =C23/C$49 -> 0 | V23: =D23/D$49 -> 0 | W23: =E23/E$49 -> 0 | X23: =F23/F$49 -> 0.028 | Y23: =G23/G$49 -> 0.064777328 | Z23: =H23/H$49 -> 0.061135371 | AA23: =I23/I$49 -> 0.051502146 | AB23: =J23/J$49 -> 0.0090909091 | ... AE23: =M23/M$49 -> 0
B24: 36 | F24: 1 | G24: 11 | H24: 14 | I24: 5 | J24: 4 | K24: 1 | R24: =SUM(C24:Q24) -> 36 | T24: =B24 -> 36 | U24: =C24/C$49 -> 0 | V24: =D24/D$49 -> 0 | W24: =E24/E$49 -> 0 | X24: =F24/F$49 -> 0.004 | Y24: =G24/G$49 -> 0.044534413 | Z24: =H24/H$49 -> 0.061135371 | AA24: =I24/I$49 -> 0.021459227 | AB24: =J24/J$49 -> 0.018181818 | ... AE24: =M24/M$49 -> 0
B25: 37 | F25: 1 | G25: 2 | H25: 10 | I25: 13 | J25: 3 | K25: 1 | L25: 1 | R25: =SUM(C25:Q25) -> 31 | T25: =B25 -> 37 | U25: =C25/C$49 -> 0 | V25: =D25/D$49 -> 0 | W25: =E25/E$49 -> 0 | X25: =F25/F$49 -> 0.004 | Y25: =G25/G$49 -> 0.008097166 | Z25: =H25/H$49 -> 0.043668122 | AA25: =I25/I$49 -> 0.055793991 | AB25: =J25/J$49 -> 0.013636364 | ... AE25: =M25/M$49 -> 0
B26: 38 | F26: 2 | G26: 6 | H26: 10 | I26: 9 | J26: 5 | K26: 3 | L26: 2 | R26: =SUM(C26:Q26) -> 37 | T26: =B26 -> 38 | U26: =C26/C$49 -> 0 | V26: =D26/D$49 -> 0 | W26: =E26/E$49 -> 0 | X26: =F26/F$49 -> 0.008 | Y26: =G26/G$49 -> 0.024291498 | Z26: =H26/H$49 -> 0.043668122 | AA26: =I26/I$49 -> 0.038626609 | AB26: =J26/J$49 -> 0.022727273 | ... AE26: =M26/M$49 -> 0
B27: 39 | G27: 4 | H27: 8 | I27: 13 | J27: 5 | K27: 3 | L27: 1 | R27: =SUM(C27:Q27) -> 34 | T27: =B27 -> 39 | U27: =C27/C$49 -> 0 | V27: =D27/D$49 -> 0 | W27: =E27/E$49 -> 0 | X27: =F27/F$49 -> 0 | Y27: =G27/G$49 -> 0.016194332 | Z27: =H27/H$49 -> 0.034934498 | AA27: =I27/I$49 -> 0.055793991 | AB27: =J27/J$49 -> 0.022727273 | ... AE27: =M27/M$49 -> 0
B28: 40 | F28: 3 | G28: 2 | H28: 7 | I28: 13 | J28: 4 | K28: 4 | R28: =SUM(C28:Q28) -> 33 | T28: =B28 -> 40 | U28: =C28/C$49 -> 0 | V28: =D28/D$49 -> 0 | W28: =E28/E$49 -> 0 | X28: =F28/F$49 -> 0.012 | Y28: =G28/G$49 -> 0.008097166 | Z28: =H28/H$49 -> 0.030567686 | AA28: =I28/I$49 -> 0.055793991 | AB28: =J28/J$49 -> 0.018181818 | ... AE28: =M28/M$49 -> 0
B29: 41 | G29: 2 | H29: 10 | I29: 14 | J29: 8 | K29: 5 | L29: 1 | M29: 1 | R29: =SUM(C29:Q29) -> 41 | T29: =B29 -> 41 | U29: =C29/C$49 -> 0 | V29: =D29/D$49 -> 0 | W29: =E29/E$49 -> 0 | X29: =F29/F$49 -> 0 | Y29: =G29/G$49 -> 0.008097166 | Z29: =H29/H$49 -> 0.043668122 | AA29: =I29/I$49 -> 0.060085837 | AB29: =J29/J$49 -> 0.036363636 | ... AE29: =M29/M$49 -> 0.015151515
B30: 42 | F30: 1 | G30: 1 | H30: 5 | I30: 26 | J30: 7 | K30: 7 | L30: 2 | M30: 1 | R30: =SUM(C30:Q30) -> 50 | T30: =B30 -> 42 | U30: =C30/C$49 -> 0 | V30: =D30/D$49 -> 0 | W30: =E30/E$49 -> 0 | X30: =F30/F$49 -> 0.004 | Y30: =G30/G$49 -> 0.004048583 | Z30: =H30/H$49 -> 0.021834061 | AA30: =I30/I$49 -> 0.11158798 | AB30: =J30/J$49 -> 0.031818182 | ... AE30: =M30/M$49 -> 0.015151515
B31: 43 | F31: 1 | G31: 1 | H31: 11 | I31: 15 | J31: 18 | K31: 15 | L31: 4 | M31: 2 | R31: =SUM(C31:Q31) -> 67 | T31: =B31 -> 43 | U31: =C31/C$49 -> 0 | V31: =D31/D$49 -> 0 | W31: =E31/E$49 -> 0 | X31: =F31/F$49 -> 0.004 | Y31: =G31/G$49 -> 0.004048583 | Z31: =H31/H$49 -> 0.048034934 | AA31: =I31/I$49 -> 0.064377682 | AB31: =J31/J$49 -> 0.081818182 | ... AE31: =M31/M$49 -> 0.03030303
B32: 44 | G32: 1 | H32: 4 | I32: 14 | J32: 21 | K32: 11 | L32: 4 | M32: 2 | R32: =SUM(C32:Q32) -> 57 | T32: =B32 -> 44 | U32: =C32/C$49 -> 0 | V32: =D32/D$49 -> 0 | W32: =E32/E$49 -> 0 | X32: =F32/F$49 -> 0 | Y32: =G32/G$49 -> 0.004048583 | Z32: =H32/H$49 -> 0.017467249 | AA32: =I32/I$49 -> 0.060085837 | AB32: =J32/J$49 -> 0.095454545 | ... AE32: =M32/M$49 -> 0.03030303
B33: 45 | H33: 4 | I33: 16 | J33: 21 | K33: 10 | L33: 11 | M33: 2 | O33: 2 | R33: =SUM(C33:Q33) -> 66 | T33: =B33 -> 45 | U33: =C33/C$49 -> 0 | V33: =D33/D$49 -> 0 | W33: =E33/E$49 -> 0 | X33: =F33/F$49 -> 0 | Y33: =G33/G$49 -> 0 | Z33: =H33/H$49 -> 0.017467249 | AA33: =I33/I$49 -> 0.068669528 | AB33: =J33/J$49 -> 0.095454545 | ... AE33: =M33/M$49 -> 0.03030303
B34: 46 | H34: 1 | I34: 14 | J34: 13 | K34: 19 | L34: 3 | M34: 5 | P34: 1 | R34: =SUM(C34:Q34) -> 56 | T34: =B34 -> 46 | U34: =C34/C$49 -> 0 | V34: =D34/D$49 -> 0 | W34: =E34/E$49 -> 0 | X34: =F34/F$49 -> 0 | Y34: =G34/G$49 -> 0 | Z34: =H34/H$49 -> 0.0043668122 | AA34: =I34/I$49 -> 0.060085837 | AB34: =J34/J$49 -> 0.059090909 | ... AE34: =M34/M$49 -> 0.075757576
B35: 47 | I35: 13 | J35: 24 | K35: 19 | L35: 7 | M35: 2 | O35: 3 | R35: =SUM(C35:Q35) -> 68 | T35: =B35 -> 47 | U35: =C35/C$49 -> 0 | V35: =D35/D$49 -> 0 | W35: =E35/E$49 -> 0 | X35: =F35/F$49 -> 0 | Y35: =G35/G$49 -> 0 | Z35: =H35/H$49 -> 0 | AA35: =I35/I$49 -> 0.055793991 | AB35: =J35/J$49 -> 0.10909091 | ... AE35: =M35/M$49 -> 0.03030303
B36: 48 | H36: 3 | I36: 3 | J36: 20 | K36: 16 | L36: 7 | M36: 4 | P36: 1 | R36: =SUM(C36:Q36) -> 54 | T36: =B36 -> 48 | U36: =C36/C$49 -> 0 | V36: =D36/D$49 -> 0 | W36: =E36/E$49 -> 0 | X36: =F36/F$49 -> 0 | Y36: =G36/G$49 -> 0 | Z36: =H36/H$49 -> 0.013100437 | AA36: =I36/I$49 -> 0.012875536 | AB36: =J36/J$49 -> 0.090909091 | ... AE36: =M36/M$49 -> 0.060606061
B37: 49 | I37: 7 | J37: 22 | K37: 4 | L37: 11 | M37: 2 | R37: =SUM(C37:Q37) -> 46 | T37: =B37 -> 49 | U37: =C37/C$49 -> 0 | V37: =D37/D$49 -> 0 | W37: =E37/E$49 -> 0 | X37: =F37/F$49 -> 0 | Y37: =G37/G$49 -> 0 | Z37: =H37/H$49 -> 0 | AA37: =I37/I$49 -> 0.030042918 | AB37: =J37/J$49 -> 0.1 | ... AE37: =M37/M$49 -> 0.03030303
B38: 50 | H38: 1 | I38: 4 | J38: 5 | K38: 17 | L38: 9 | M38: 3 | O38: 2 | R38: =SUM(C38:Q38) -> 41 | T38: =B38 -> 50 | U38: =C38/C$49 -> 0 | V38: =D38/D$49 -> 0 | W38: =E38/E$49 -> 0 | X38: =F38/F$49 -> 0 | Y38: =G38/G$49 -> 0 | Z38: =H38/H$49 -> 0.0043668122 | AA38: =I38/I$49 -> 0.017167382 | AB38: =J38/J$49 -> 0.022727273 | ... AE38: =M38/M$49 -> 0.045454545
B39: 51 | I39: 5 | J39: 10 | K39: 8 | L39: 5 | M39: 8 | O39: 3 | P39: 1 | R39: =SUM(C39:Q39) -> 40 | T39: =B39 -> 51 | U39: =C39/C$49 -> 0 | V39: =D39/D$49 -> 0 | W39: =E39/E$49 -> 0 | X39: =F39/F$49 -> 0 | Y39: =G39/G$49 -> 0 | Z39: =H39/H$49 -> 0 | AA39: =I39/I$49 -> 0.021459227 | AB39: =J39/J$49 -> 0.045454545 | ... AE39: =M39/M$49 -> 0.12121212
B40: 52 | I40: 2 | J40: 5 | K40: 9 | L40: 13 | M40: 4 | O40: 3 | R40: =SUM(C40:Q40) -> 36 | T40: =B40 -> 52 | U40: =C40/C$49 -> 0 | V40: =D40/D$49 -> 0 | W40: =E40/E$49 -> 0 | X40: =F40/F$49 -> 0 | Y40: =G40/G$49 -> 0 | Z40: =H40/H$49 -> 0 | AA40: =I40/I$49 -> 0.008583691 | AB40: =J40/J$49 -> 0.022727273 | ... AE40: =M40/M$49 -> 0.060606061
B41: 53 | H41: 1 | I41: 2 | J41: 6 | K41: 15 | L41: 10 | M41: 4 | O41: 3 | R41: =SUM(C41:Q41) -> 41 | T41: =B41 -> 53 | U41: =C41/C$49 -> 0 | V41: =D41/D$49 -> 0 | W41: =E41/E$49 -> 0 | X41: =F41/F$49 -> 0 | Y41: =G41/G$49 -> 0 | Z41: =H41/H$49 -> 0.0043668122 | AA41: =I41/I$49 -> 0.008583691 | AB41: =J41/J$49 -> 0.027272727 | ... AE41: =M41/M$49 -> 0.060606061
B42: 54 | H42: 1 | I42: 4 | J42: 1 | K42: 10 | L42: 6 | M42: 8 | O42: 2 | R42: =SUM(C42:Q42) -> 32 | T42: =B42 -> 54 | U42: =C42/C$49 -> 0 | V42: =D42/D$49 -> 0 | W42: =E42/E$49 -> 0 | X42: =F42/F$49 -> 0 | Y42: =G42/G$49 -> 0 | Z42: =H42/H$49 -> 0.0043668122 | AA42: =I42/I$49 -> 0.017167382 | AB42: =J42/J$49 -> 0.0045454545 | ... AE42: =M42/M$49 -> 0.12121212
B43: 55 | J43: 5 | K43: 4 | L43: 10 | M43: 4 | O43: 3 | R43: =SUM(C43:Q43) -> 26 | T43: =B43 -> 55 | U43: =C43/C$49 -> 0 | V43: =D43/D$49 -> 0 | W43: =E43/E$49 -> 0 | X43: =F43/F$49 -> 0 | Y43: =G43/G$49 -> 0 | Z43: =H43/H$49 -> 0 | AA43: =I43/I$49 -> 0 | AB43: =J43/J$49 -> 0.022727273 | ... AE43: =M43/M$49 -> 0.060606061
B44: 56 | I44: 1 | J44: 3 | K44: 4 | L44: 5 | M44: 7 | O44: 3 | P44: 2 | R44: =SUM(C44:Q44) -> 25 | T44: =B44 -> 56 | U44: =C44/C$49 -> 0 | V44: =D44/D$49 -> 0 | W44: =E44/E$49 -> 0 | X44: =F44/F$49 -> 0 | Y44: =G44/G$49 -> 0 | Z44: =H44/H$49 -> 0 | AA44: =I44/I$49 -> 0.0042918455 | AB44: =J44/J$49 -> 0.013636364 | ... AE44: =M44/M$49 -> 0.10606061
B45: 57 | I45: 1 | J45: 2 | K45: 4 | L45: 4 | M45: 3 | O45: 2 | R45: =SUM(C45:Q45) -> 16 | T45: =B45 -> 57 | U45: =C45/C$49 -> 0 | V45: =D45/D$49 -> 0 | W45: =E45/E$49 -> 0 | X45: =F45/F$49 -> 0 | Y45: =G45/G$49 -> 0 | Z45: =H45/H$49 -> 0 | AA45: =I45/I$49 -> 0.0042918455 | AB45: =J45/J$49 -> 0.0090909091 | ... AE45: =M45/M$49 -> 0.045454545
B46: 58 | K46: 4 | L46: 4 | M46: 1 | O46: 2 | R46: =SUM(C46:Q46) -> 11 | T46: =B46 -> 58 | U46: =C46/C$49 -> 0 | V46: =D46/D$49 -> 0 | W46: =E46/E$49 -> 0 | X46: =F46/F$49 -> 0 | Y46: =G46/G$49 -> 0 | Z46: =H46/H$49 -> 0 | AA46: =I46/I$49 -> 0 | AB46: =J46/J$49 -> 0 | ... AE46: =M46/M$49 -> 0.015151515
B47: 59 | K47: 1 | L47: 1 | M47: 2 | O47: 3 | P47: 1 | R47: =SUM(C47:Q47) -> 8 | T47: =B47 -> 59 | U47: =C47/C$49 -> 0 | V47: =D47/D$49 -> 0 | W47: =E47/E$49 -> 0 | X47: =F47/F$49 -> 0 | Y47: =G47/G$49 -> 0 | Z47: =H47/H$49 -> 0 | AA47: =I47/I$49 -> 0 | AB47: =J47/J$49 -> 0 | ... AE47: =M47/M$49 -> 0.03030303
B48: 60 | M48: 1 | N48: 1 | O48: 2 | P48: 2 | Q48: 1 | R48: =SUM(C48:Q48) -> 7 | T48: =B48 -> 60 | U48: =C48/C$49 -> 0 | V48: =D48/D$49 -> 0 | W48: =E48/E$49 -> 0 | X48: =F48/F$49 -> 0 | Y48: =G48/G$49 -> 0 | Z48: =H48/H$49 -> 0 | AA48: =I48/I$49 -> 0 | AB48: =J48/J$49 -> 0 | ... AE48: =M48/M$49 -> 0.015151515
B49: Total | C49: =SUM(C5:C48) -> 4 | D49: =SUM(D5:D48) -> 136 | E49: =SUM(E5:E48) -> 254 | F49: =SUM(F5:F48) -> 250 | G49: =SUM(G5:G48) -> 247 | H49: =SUM(H5:H48) -> 229 | I49: =SUM(I5:I48) -> 233 | J49: =SUM(J5:J48) -> 220 | ... M49: =SUM(M5:M48) -> 66 | O49: =SUM(O5:O48) -> 33 | P49: =SUM(P5:P48) -> 8 | Q49: =SUM(Q5:Q48) -> 1 | R49: =SUM(C49:Q49) -> 1997
B50: % | C50: =(C49/$R$49)*100 -> 0.20030045 | D50: =(D49/$R$49)*100 -> 6.8102153 | E50: =(E49/$R$49)*100 -> 12.719079 | F50: =(F49/$R$49)*100 -> 12.518778 | G50: =(G49/$R$49)*100 -> 12.368553 | H50: =(H49/$R$49)*100 -> 11.467201 | I50: =(I49/$R$49)*100 -> 11.667501 | J50: =(J49/$R$49)*100 -> 11.016525 | ... M50: =(M49/$R$49)*100 -> 3.3049574 | O50: =(O49/$R$49)*100 -> 1.6524787 | P50: =(P49/$R$49)*100 -> 0.4006009 | Q50: =(Q49/$R$49)*100 -> 0.050075113 | R50: =SUM(C50:Q50) -> 100
C52: =SUMPRODUCT($B5:$B48,C5:C48)/SUM(C5:C48) -> 23.25 | D52: =SUMPRODUCT($B5:$B48,D5:D48)/SUM(D5:D48) -> 22.544118 | E52: =SUMPRODUCT($B5:$B48,E5:E48)/SUM(E5:E48) -> 24.830709 | F52: =SUMPRODUCT($B5:$B48,F5:F48)/SUM(F5:F48) -> 28.436 | G52: =SUMPRODUCT($B5:$B48,G5:G48)/SUM(G5:G48) -> 30.728745 | H52: =SUMPRODUCT($B5:$B48,H5:H48)/SUM(H5:H48) -> 35.052402 | I52: =SUMPRODUCT($B5:$B48,I5:I48)/SUM(I5:I48) -> 41.600858 | J52: =SUMPRODUCT($B5:$B48,J5:J48)/SUM(J5:J48) -> 45.640909 | ... M52: =SUMPRODUCT($B5:$B48,M5:M48)/SUM(M5:M48) -> 51.363636 | O52: =SUMPRODUCT($B5:$B48,O5:O48)/SUM(O5:O48) -> 53.545455 | P52: =SUMPRODUCT($B5:$B48,P5:P48)/SUM(P5:P48) -> 54.5

Sheet 2001
D2: CLAVE EDAD-TALLA JUREL 2001
B4: L.H. | E4: II | F4: III | G4: IV | H4: V | I4: VI | J4: VII | K4: VIII | L4: IX | M4: X | N4: XI | O4: XII | P4: XIII | Q4: Total
B5: 20 | C5: - | D5: 21 | E5: 2 | F5: 13 | G5: 1 | Q5: =SUM(E5:P5) -> 16
B6: 22 | C6: - | D6: 23 | E6: 3 | F6: 32 | G6: 8 | Q6: =SUM(E6:P6) -> 43
B7: 24 | C7: - | D7: 25 | F7: 1 | G7: 25 | H7: 28 | I7: 1 | Q7: =SUM(E7:P7) -> 55
B8: 26 | C8: - | D8: 27 | G8: 10 | H8: 42 | I8: 20 | Q8: =SUM(E8:P8) -> 72
B9: 28 | C9: - | D9: 29 | G9: 3 | H9: 27 | I9: 36 | J9: 5 | Q9: =SUM(E9:P9) -> 71
B10: 30 | C10: - | D10: 31 | H10: 15 | I10: 32 | J10: 17 | Q10: =SUM(E10:P10) -> 64
B11: 32 | C11: - | D11: 33 | H11: 7 | I11: 21 | J11: 30 | K11: 8 | Q11: =SUM(E11:P11) -> 66
B12: 34 | C12: - | D12: 35 | I12: 22 | J12: 25 | K12: 17 | L12: 2 | Q12: =SUM(E12:P12) -> 66
B13: 36 | C13: - | D13: 37 | I13: 6 | J13: 29 | K13: 25 | L13: 2 | Q13: =SUM(E13:P13) -> 62
B14: 38 | C14: - | D14: 39 | J14: 15 | K14: 28 | L14: 11 | Q14: =SUM(E14:P14) -> 54
B15: 40 | C15: - | D15: 41 | J15: 9 | K15: 30 | L15: 20 | Q15: =SUM(E15:P15) -> 59
B16: 42 | C16: - | D16: 43 | J16: 11 | K16: 11 | L16: 16 | M16: 3 | Q16: =SUM(E16:P16) -> 41
B17: 44 | C17: - | D17: 45 | J17: 2 | K17: 12 | L17: 22 | M17: 4 | Q17: =SUM(E17:P17) -> 40
B18: 46 | C18: - | D18: 47 | K18: 6 | L18: 17 | M18: 9 | N18: 2 | Q18: =SUM(E18:P18) -> 34
B19: 48 | C19: - | D19: 49 | K19: 4 | L19: 5 | M19: 6 | N19: 7 | Q19: =SUM(E19:P19) -> 22
B20: 50 | C20: - | D20: 51 | K20: 2 | L20: 1 | M20: 1 | N20: 1 | O20: 3 | Q20: =SUM(E20:P20) -> 8
B21: 52 | C21: - | D21: 53 | L21: 4 | M21: 12 | O21: 3 | Q21: =SUM(E21:P21) -> 19
B22: 54 | C22: - | D22: 55 | M22: 2 | N22: 2 | Q22: =SUM(E22:P22) -> 4
B23: 56 | C23: - | D23: 57 | L23: 1 | M23: 1
B24: 58 | D24: 59 | M24: 1 | N24: 1 | O24: 1
B25: Total | E25: =SUM(E5:E24) -> 5 | F25: =SUM(F5:F24) -> 46 | G25: =SUM(G5:G24) -> 47 | H25: =SUM(H5:H24) -> 119 | I25: =SUM(I5:I24) -> 138 | J25: =SUM(J5:J24) -> 143 | K25: =SUM(K5:K24) -> 143 | L25: =SUM(L5:L24) -> 101 | ... P25: =SUM(P5:P24) -> 0 | Q25: =SUM(E25:P25) -> 801
B26: % | E26: =(E25/$Q$25)*100 -> 0.62421973 | F26: =(F25/$Q$25)*100 -> 5.7428215 | G26: =(G25/$Q$25)*100 -> 5.8676654 | H26: =(H25/$Q$25)*100 -> 14.856429 | I26: =(I25/$Q$25)*100 -> 17.228464 | J26: =(J25/$Q$25)*100 -> 17.852684 | K26: =(K25/$Q$25)*100 -> 17.852684 | L26: =(L25/$Q$25)*100 -> 12.609238 | ... P26: =(P25/$Q$25)*100 -> 0 | Q26: =SUM(E26:P26) -> 100
E28: =SUMPRODUCT($B5:$B24,E5:E24)/SUM(E5:E24) -> 21.2 | F28: =SUMPRODUCT($B5:$B24,F5:F24)/SUM(F5:F24) -> 21.478261 | G28: =SUMPRODUCT($B5:$B24,G5:G24)/SUM(G5:G24) -> 24.255319 | H28: =SUMPRODUCT($B5:$B24,H5:H24)/SUM(H5:H24) -> 26.840336 | I28: =SUMPRODUCT($B5:$B24,I5:I24)/SUM(I5:I24) -> 30.057971 | J28: =SUMPRODUCT($B5:$B24,J5:J24)/SUM(J5:J24) -> 34.853147 | K28: =SUMPRODUCT($B5:$B24,K5:K24)/SUM(K5:K24) -> 38.853147 | L28: =SUMPRODUCT($B5:$B24,L5:L24)/SUM(L5:L24) -> 42.910891 | ... O28: =SUMPRODUCT($B5:$B24,O5:O24)/SUM(O5:O24) -> 52

Sheet 2000
B2: CLAVE EDAD-TALLA JUREL 2000
B4: L.H. | C4: II | D4: III | E4: IV | F4: V | G4: VI | H4: VII | I4: VIII | J4: IX | K4: X | L4: XI | M4: XII | O4: XIII | P4: XIV | Q4: XV | R4: Total | U4: 2 | V4: 3 | W4: 4 | X4: 5 | Y4: 6 | Z4: 7 | AA4: 8 | AB4: 9 | AC4: 10 | AD4: 11 | AE4: 12
B5: 17 | T5: =B5 -> 17 | U5: =C5/C$49 -> 0 | V5: =D5/D$49 -> 0 | W5: =E5/E$49 -> 0 | X5: =F5/F$49 -> 0 | Y5: =G5/G$49 -> 0 | Z5: =H5/H$49 -> 0 | AA5: =I5/I$49 -> 0 | AB5: =J5/J$49 -> 0 | ... AE5: =M5/M$49 -> 0
B6: 18 | T6: =B6 -> 18 | U6: =C6/C$49 -> 0 | V6: =D6/D$49 -> 0 | W6: =E6/E$49 -> 0 | X6: =F6/F$49 -> 0 | Y6: =G6/G$49 -> 0 | Z6: =H6/H$49 -> 0 | AA6: =I6/I$49 -> 0 | AB6: =J6/J$49 -> 0 | ... AE6: =M6/M$49 -> 0
B7: 19 | T7: =B7 -> 19 | U7: =C7/C$49 -> 0 | V7: =D7/D$49 -> 0 | W7: =E7/E$49 -> 0 | X7: =F7/F$49 -> 0 | Y7: =G7/G$49 -> 0 | Z7: =H7/H$49 -> 0 | AA7: =I7/I$49 -> 0 | AB7: =J7/J$49 -> 0 | ... AE7: =M7/M$49 -> 0
B8: 20 | T8: =B8 -> 20 | U8: =C8/C$49 -> 0 | V8: =D8/D$49 -> 0 | W8: =E8/E$49 -> 0 | X8: =F8/F$49 -> 0 | Y8: =G8/G$49 -> 0 | Z8: =H8/H$49 -> 0 | AA8: =I8/I$49 -> 0 | AB8: =J8/J$49 -> 0 | ... AE8: =M8/M$49 -> 0
B9: 21 | T9: =B9 -> 21 | U9: =C9/C$49 -> 0 | V9: =D9/D$49 -> 0 | W9: =E9/E$49 -> 0 | X9: =F9/F$49 -> 0 | Y9: =G9/G$49 -> 0 | Z9: =H9/H$49 -> 0 | AA9: =I9/I$49 -> 0 | AB9: =J9/J$49 -> 0 | ... AE9: =M9/M$49 -> 0
B10: 22 | C10: 5 | R10: =SUM(C10:Q10) -> 5 | T10: =B10 -> 22 | U10: =C10/C$49 -> 0.18518519 | V10: =D10/D$49 -> 0 | W10: =E10/E$49 -> 0 | X10: =F10/F$49 -> 0 | Y10: =G10/G$49 -> 0 | Z10: =H10/H$49 -> 0 | AA10: =I10/I$49 -> 0 | AB10: =J10/J$49 -> 0 | ... AE10: =M10/M$49 -> 0
B11: 23 | C11: 7 | D11: 9 | R11: =SUM(C11:Q11) -> 16 | T11: =B11 -> 23 | U11: =C11/C$49 -> 0.25925926 | V11: =D11/D$49 -> 0.1097561 | W11: =E11/E$49 -> 0 | X11: =F11/F$49 -> 0 | Y11: =G11/G$49 -> 0 | Z11: =H11/H$49 -> 0 | AA11: =I11/I$49 -> 0 | AB11: =J11/J$49 -> 0 | ... AE11: =M11/M$49 -> 0
B12: 24 | C12: 5 | D12: 21 | E12: 19 | R12: =SUM(C12:Q12) -> 45 | T12: =B12 -> 24 | U12: =C12/C$49 -> 0.18518519 | V12: =D12/D$49 -> 0.25609756 | W12: =E12/E$49 -> 0.11309524 | X12: =F12/F$49 -> 0 | Y12: =G12/G$49 -> 0 | Z12: =H12/H$49 -> 0 | AA12: =I12/I$49 -> 0 | AB12: =J12/J$49 -> 0 | ... AE12: =M12/M$49 -> 0
B13: 25 | C13: 5 | D13: 18 | E13: 24 | F13: 23 | R13: =SUM(C13:Q13) -> 70 | T13: =B13 -> 25 | U13: =C13/C$49 -> 0.18518519 | V13: =D13/D$49 -> 0.2195122 | W13: =E13/E$49 -> 0.14285714 | X13: =F13/F$49 -> 0.093877551 | Y13: =G13/G$49 -> 0 | Z13: =H13/H$49 -> 0 | AA13: =I13/I$49 -> 0 | AB13: =J13/J$49 -> 0 | ... AE13: =M13/M$49 -> 0
B14: 26 | C14: 3 | D14: 14 | E14: 29 | F14: 30 | G14: 3 | R14: =SUM(C14:Q14) -> 79 | T14: =B14 -> 26 | U14: =C14/C$49 -> 0.11111111 | V14: =D14/D$49 -> 0.17073171 | W14: =E14/E$49 -> 0.17261905 | X14: =F14/F$49 -> 0.12244898 | Y14: =G14/G$49 -> 0.013513514 | Z14: =H14/H$49 -> 0 | AA14: =I14/I$49 -> 0 | AB14: =J14/J$49 -> 0 | ... AE14: =M14/M$49 -> 0
B15: 27 | C15: 1 | D15: 10 | E15: 30 | F15: 25 | G15: 13 | R15: =SUM(C15:Q15) -> 79 | T15: =B15 -> 27 | U15: =C15/C$49 -> 0.037037037 | V15: =D15/D$49 -> 0.12195122 | W15: =E15/E$49 -> 0.17857143 | X15: =F15/F$49 -> 0.10204082 | Y15: =G15/G$49 -> 0.058558559 | Z15: =H15/H$49 -> 0 | AA15: =I15/I$49 -> 0 | AB15: =J15/J$49 -> 0 | ... AE15: =M15/M$49 -> 0
B16: 28 | C16: 1 | D16: 7 | E16: 22 | F16: 28 | G16: 13 | H16: 6 | R16: =SUM(C16:Q16) -> 77 | T16: =B16 -> 28 | U16: =C16/C$49 -> 0.037037037 | V16: =D16/D$49 -> 0.085365854 | W16: =E16/E$49 -> 0.13095238 | X16: =F16/F$49 -> 0.11428571 | Y16: =G16/G$49 -> 0.058558559 | Z16: =H16/H$49 -> 0.024390244 | AA16: =I16/I$49 -> 0 | AB16: =J16/J$49 -> 0 | ... AE16: =M16/M$49 -> 0
B17: 29 | D17: 2 | E17: 15 | F17: 29 | G17: 17 | H17: 13 | R17: =SUM(C17:Q17) -> 76 | T17: =B17 -> 29 | U17: =C17/C$49 -> 0 | V17: =D17/D$49 -> 0.024390244 | W17: =E17/E$49 -> 0.089285714 | X17: =F17/F$49 -> 0.11836735 | Y17: =G17/G$49 -> 0.076576577 | Z17: =H17/H$49 -> 0.052845528 | AA17: =I17/I$49 -> 0 | AB17: =J17/J$49 -> 0 | ... AE17: =M17/M$49 -> 0
B18: 30 | E18: 11 | F18: 31 | G18: 21 | H18: 12 | I18: 6 | R18: =SUM(C18:Q18) -> 81 | T18: =B18 -> 30 | U18: =C18/C$49 -> 0 | V18: =D18/D$49 -> 0 | W18: =E18/E$49 -> 0.06547619 | X18: =F18/F$49 -> 0.12653061 | Y18: =G18/G$49 -> 0.094594595 | Z18: =H18/H$49 -> 0.048780488 | AA18: =I18/I$49 -> 0.030769231 | AB18: =J18/J$49 -> 0 | ... AE18: =M18/M$49 -> 0
B19: 31 | D19: 1 | E19: 3 | F19: 18 | G19: 29 | H19: 21 | I19: 6 | R19: =SUM(C19:Q19) -> 78 | T19: =B19 -> 31 | U19: =C19/C$49 -> 0 | V19: =D19/D$49 -> 0.012195122 | W19: =E19/E$49 -> 0.017857143 | X19: =F19/F$49 -> 0.073469388 | Y19: =G19/G$49 -> 0.13063063 | Z19: =H19/H$49 -> 0.085365854 | AA19: =I19/I$49 -> 0.030769231 | AB19: =J19/J$49 -> 0 | ... AE19: =M19/M$49 -> 0
B20: 32 | E20: 10 | F20: 16 | G20: 19 | H20: 22 | I20: 6 | J20: 4 | R20: =SUM(C20:Q20) -> 77 | T20: =B20 -> 32 | U20: =C20/C$49 -> 0 | V20: =D20/D$49 -> 0 | W20: =E20/E$49 -> 0.05952381 | X20: =F20/F$49 -> 0.065306122 | Y20: =G20/G$49 -> 0.085585586 | Z20: =H20/H$49 -> 0.089430894 | AA20: =I20/I$49 -> 0.030769231 | AB20: =J20/J$49 -> 0.034782609 | ... AE20: =M20/M$49 -> 0
B21: 33 | E21: 3 | F21: 17 | G21: 25 | H21: 21 | I21: 10 | J21: 3 | R21: =SUM(C21:Q21) -> 79 | T21: =B21 -> 33 | U21: =C21/C$49 -> 0 | V21: =D21/D$49 -> 0 | W21: =E21/E$49 -> 0.017857143 | X21: =F21/F$49 -> 0.069387755 | Y21: =G21/G$49 -> 0.11261261 | Z21: =H21/H$49 -> 0.085365854 | AA21: =I21/I$49 -> 0.051282051 | AB21: =J21/J$49 -> 0.026086957 | ... AE21: =M21/M$49 -> 0
B22: 34 | E22: 2 | F22: 8 | G22: 19 | H22: 26 | I22: 16 | J22: 3 | K22: 3 | R22: =SUM(C22:Q22) -> 77 | T22: =B22 -> 34 | U22: =C22/C$49 -> 0 | V22: =D22/D$49 -> 0 | W22: =E22/E$49 -> 0.011904762 | X22: =F22/F$49 -> 0.032653061 | Y22: =G22/G$49 -> 0.085585586 | Z22: =H22/H$49 -> 0.10569106 | AA22: =I22/I$49 -> 0.082051282 | AB22: =J22/J$49 -> 0.026086957 | ... AE22: =M22/M$49 -> 0
B23: 35 | F23: 4 | G23: 18 | H23: 25 | I23: 9 | J23: 5 | K23: 3 | R23: =SUM(C23:Q23) -> 64 | T23: =B23 -> 35 | U23: =C23/C$49 -> 0 | V23: =D23/D$49 -> 0 | W23: =E23/E$49 -> 0 | X23: =F23/F$49 -> 0.016326531 | Y23: =G23/G$49 -> 0.081081081 | Z23: =H23/H$49 -> 0.10162602 | AA23: =I23/I$49 -> 0.046153846 | AB23: =J23/J$49 -> 0.043478261 | ... AE23: =M23/M$49 -> 0
B24: 36 | F24: 9 | G24: 5 | H24: 19 | I24: 24 | J24: 7 | K24: 1 | R24: =SUM(C24:Q24) -> 65 | T24: =B24 -> 36 | U24: =C24/C$49 -> 0 | V24: =D24/D$49 -> 0 | W24: =E24/E$49 -> 0 | X24: =F24/F$49 -> 0.036734694 | Y24: =G24/G$49 -> 0.022522523 | Z24: =H24/H$49 -> 0.077235772 | AA24: =I24/I$49 -> 0.12307692 | AB24: =J24/J$49 -> 0.060869565 | ... AE24: =M24/M$49 -> 0
B25: 37 | F25: 4 | G25: 11 | H25: 17 | I25: 17 | J25: 7 | K25: 6 | R25: =SUM(C25:Q25) -> 62 | T25: =B25 -> 37 | U25: =C25/C$49 -> 0 | V25: =D25/D$49 -> 0 | W25: =E25/E$49 -> 0 | X25: =F25/F$49 -> 0.016326531 | Y25: =G25/G$49 -> 0.04954955 | Z25: =H25/H$49 -> 0.069105691 | AA25: =I25/I$49 -> 0.087179487 | AB25: =J25/J$49 -> 0.060869565 | ... AE25: =M25/M$49 -> 0
B26: 38 | F26: 2 | G26: 6 | H26: 12 | I26: 21 | J26: 6 | K26: 4 | R26: =SUM(C26:Q26) -> 51 | T26: =B26 -> 38 | U26: =C26/C$49 -> 0 | V26: =D26/D$49 -> 0 | W26: =E26/E$49 -> 0 | X26: =F26/F$49 -> 0.0081632653 | Y26: =G26/G$49 -> 0.027027027 | Z26: =H26/H$49 -> 0.048780488 | AA26: =I26/I$49 -> 0.10769231 | AB26: =J26/J$49 -> 0.052173913 | ... AE26: =M26/M$49 -> 0
B27: 39 | F27: 1 | G27: 6 | H27: 12 | I27: 16 | J27: 6 | K27: 4 | R27: =SUM(C27:Q27) -> 45 | T27: =B27 -> 39 | U27: =C27/C$49 -> 0 | V27: =D27/D$49 -> 0 | W27: =E27/E$49 -> 0 | X27: =F27/F$49 -> 0.0040816327 | Y27: =G27/G$49 -> 0.027027027 | Z27: =H27/H$49 -> 0.048780488 | AA27: =I27/I$49 -> 0.082051282 | AB27: =J27/J$49 -> 0.052173913 | ... AE27: =M27/M$49 -> 0
B28: 40 | G28: 6 | H28: 12 | I28: 8 | J28: 4 | K28: 2 | R28: =SUM(C28:Q28) -> 32 | T28: =B28 -> 40 | U28: =C28/C$49 -> 0 | V28: =D28/D$49 -> 0 | W28: =E28/E$49 -> 0 | X28: =F28/F$49 -> 0 | Y28: =G28/G$49 -> 0.027027027 | Z28: =H28/H$49 -> 0.048780488 | AA28: =I28/I$49 -> 0.041025641 | AB28: =J28/J$49 -> 0.034782609 | ... AE28: =M28/M$49 -> 0
B29: 41 | G29: 6 | H29: 6 | I29: 6 | J29: 7 | K29: 3 | R29: =SUM(C29:Q29) -> 28 | T29: =B29 -> 41 | U29: =C29/C$49 -> 0 | V29: =D29/D$49 -> 0 | W29: =E29/E$49 -> 0 | X29: =F29/F$49 -> 0 | Y29: =G29/G$49 -> 0.027027027 | Z29: =H29/H$49 -> 0.024390244 | AA29: =I29/I$49 -> 0.030769231 | AB29: =J29/J$49 -> 0.060869565 | ... AE29: =M29/M$49 -> 0
B30: 42 | G30: 4 | H30: 8 | I30: 9 | J30: 5 | K30: 1 | L30: 3 | R30: =SUM(C30:Q30) -> 30 | T30: =B30 -> 42 | U30: =C30/C$49 -> 0 | V30: =D30/D$49 -> 0 | W30: =E30/E$49 -> 0 | X30: =F30/F$49 -> 0 | Y30: =G30/G$49 -> 0.018018018 | Z30: =H30/H$49 -> 0.032520325 | AA30: =I30/I$49 -> 0.046153846 | AB30: =J30/J$49 -> 0.043478261 | ... AE30: =M30/M$49 -> 0
B31: 43 | G31: 1 | H31: 3 | I31: 10 | J31: 7 | K31: 3 | R31: =SUM(C31:Q31) -> 24 | T31: =B31 -> 43 | U31: =C31/C$49 -> 0 | V31: =D31/D$49 -> 0 | W31: =E31/E$49 -> 0 | X31: =F31/F$49 -> 0 | Y31: =G31/G$49 -> 0.0045045045 | Z31: =H31/H$49 -> 0.012195122 | AA31: =I31/I$49 -> 0.051282051 | AB31: =J31/J$49 -> 0.060869565 | ... AE31: =M31/M$49 -> 0
B32: 44 | H32: 3 | I32: 6 | J32: 9 | K32: 4 | L32: 2 | R32: =SUM(C32:Q32) -> 24 | T32: =B32 -> 44 | U32: =C32/C$49 -> 0 | V32: =D32/D$49 -> 0 | W32: =E32/E$49 -> 0 | X32: =F32/F$49 -> 0 | Y32: =G32/G$49 -> 0 | Z32: =H32/H$49 -> 0.012195122 | AA32: =I32/I$49 -> 0.030769231 | AB32: =J32/J$49 -> 0.07826087 | ... AE32: =M32/M$49 -> 0
B33: 45 | H33: 2 | I33: 2 | J33: 8 | K33: 12 | L33: 1 | M33: 1 | R33: =SUM(C33:Q33) -> 26 | T33: =B33 -> 45 | U33: =C33/C$49 -> 0 | V33: =D33/D$49 -> 0 | W33: =E33/E$49 -> 0 | X33: =F33/F$49 -> 0 | Y33: =G33/G$49 -> 0 | Z33: =H33/H$49 -> 0.0081300813 | AA33: =I33/I$49 -> 0.01025641 | AB33: =J33/J$49 -> 0.069565217 | ... AE33: =M33/M$49 -> 0.045454545
B34: 46 | I34: 4 | J34: 9 | K34: 8 | L34: 5 | M34: 1 | O34: 1 | R34: =SUM(C34:Q34) -> 28 | T34: =B34 -> 46 | U34: =C34/C$49 -> 0 | V34: =D34/D$49 -> 0 | W34: =E34/E$49 -> 0 | X34: =F34/F$49 -> 0 | Y34: =G34/G$49 -> 0 | Z34: =H34/H$49 -> 0 | AA34: =I34/I$49 -> 0.020512821 | AB34: =J34/J$49 -> 0.07826087 | ... AE34: =M34/M$49 -> 0.045454545
B35: 47 | H35: 2 | I35: 3 | J35: 7 | K35: 7 | L35: 7 | M35: 1 | R35: =SUM(C35:Q35) -> 27 | T35: =B35 -> 47 | U35: =C35/C$49 -> 0 | V35: =D35/D$49 -> 0 | W35: =E35/E$49 -> 0 | X35: =F35/F$49 -> 0 | Y35: =G35/G$49 -> 0 | Z35: =H35/H$49 -> 0.0081300813 | AA35: =I35/I$49 -> 0.015384615 | AB35: =J35/J$49 -> 0.060869565 | ... AE35: =M35/M$49 -> 0.045454545
B36: 48 | H36: 2 | I36: 7 | J36: 4 | K36: 5 | L36: 6 | M36: 1 | R36: =SUM(C36:Q36) -> 25 | T36: =B36 -> 48 | U36: =C36/C$49 -> 0 | V36: =D36/D$49 -> 0 | W36: =E36/E$49 -> 0 | X36: =F36/F$49 -> 0 | Y36: =G36/G$49 -> 0 | Z36: =H36/H$49 -> 0.0081300813 | AA36: =I36/I$49 -> 0.035897436 | AB36: =J36/J$49 -> 0.034782609 | ... AE36: =M36/M$49 -> 0.045454545
B37: 49 | H37: 2 | I37: 3 | J37: 4 | K37: 9 | L37: 3 | M37: 1 | O37: 2 | R37: =SUM(C37:Q37) -> 24 | T37: =B37 -> 49 | U37: =C37/C$49 -> 0 | V37: =D37/D$49 -> 0 | W37: =E37/E$49 -> 0 | X37: =F37/F$49 -> 0 | Y37: =G37/G$49 -> 0 | Z37: =H37/H$49 -> 0.0081300813 | AA37: =I37/I$49 -> 0.015384615 | AB37: =J37/J$49 -> 0.034782609 | ... AE37: =M37/M$49 -> 0.045454545
B38: 50 | I38: 2 | J38: 5 | K38: 9 | L38: 5 | M38: 2 | O38: 1 | R38: =SUM(C38:Q38) -> 24 | T38: =B38 -> 50 | U38: =C38/C$49 -> 0 | V38: =D38/D$49 -> 0 | W38: =E38/E$49 -> 0 | X38: =F38/F$49 -> 0 | Y38: =G38/G$49 -> 0 | Z38: =H38/H$49 -> 0 | AA38: =I38/I$49 -> 0.01025641 | AB38: =J38/J$49 -> 0.043478261 | ... AE38: =M38/M$49 -> 0.090909091
B39: 51 | I39: 2 | J39: 1 | K39: 5 | L39: 7 | M39: 4 | O39: 2 | R39: =SUM(C39:Q39) -> 21 | T39: =B39 -> 51 | U39: =C39/C$49 -> 0 | V39: =D39/D$49 -> 0 | W39: =E39/E$49 -> 0 | X39: =F39/F$49 -> 0 | Y39: =G39/G$49 -> 0 | Z39: =H39/H$49 -> 0 | AA39: =I39/I$49 -> 0.01025641 | AB39: =J39/J$49 -> 0.0086956522 | ... AE39: =M39/M$49 -> 0.18181818
B40: 52 | I40: 2 | J40: 2 | K40: 4 | L40: 3 | M40: 3 | O40: 2 | R40: =SUM(C40:Q40) -> 16 | T40: =B40 -> 52 | U40: =C40/C$49 -> 0 | V40: =D40/D$49 -> 0 | W40: =E40/E$49 -> 0 | X40: =F40/F$49 -> 0 | Y40: =G40/G$49 -> 0 | Z40: =H40/H$49 -> 0 | AA40: =I40/I$49 -> 0.01025641 | AB40: =J40/J$49 -> 0.017391304 | ... AE40: =M40/M$49 -> 0.13636364
B41: 53 | J41: 2 | K41: 8 | M41: 1 | O41: 2 | R41: =SUM(C41:Q41) -> 13 | T41: =B41 -> 53 | U41: =C41/C$49 -> 0 | V41: =D41/D$49 -> 0 | W41: =E41/E$49 -> 0 | X41: =F41/F$49 -> 0 | Y41: =G41/G$49 -> 0 | Z41: =H41/H$49 -> 0 | AA41: =I41/I$49 -> 0 | AB41: =J41/J$49 -> 0.017391304 | ... AE41: =M41/M$49 -> 0.045454545
B42: 54 | K42: 2 | L42: 2 | M42: 3 | O42: 2 | P42: 1 | R42: =SUM(C42:Q42) -> 10 | T42: =B42 -> 54 | U42: =C42/C$49 -> 0 | V42: =D42/D$49 -> 0 | W42: =E42/E$49 -> 0 | X42: =F42/F$49 -> 0 | Y42: =G42/G$49 -> 0 | Z42: =H42/H$49 -> 0 | AA42: =I42/I$49 -> 0 | AB42: =J42/J$49 -> 0 | ... AE42: =M42/M$49 -> 0.13636364
B43: 55 | M43: 2 | O43: 2 | P43: 1 | R43: =SUM(C43:Q43) -> 5 | T43: =B43 -> 55 | U43: =C43/C$49 -> 0 | V43: =D43/D$49 -> 0 | W43: =E43/E$49 -> 0 | X43: =F43/F$49 -> 0 | Y43: =G43/G$49 -> 0 | Z43: =H43/H$49 -> 0 | AA43: =I43/I$49 -> 0 | AB43: =J43/J$49 -> 0 | ... AE43: =M43/M$49 -> 0.090909091
B44: 56 | K44: 2 | L44: 2 | M44: 1 | R44: =SUM(C44:Q44) -> 5 | T44: =B44 -> 56 | U44: =C44/C$49 -> 0 | V44: =D44/D$49 -> 0 | W44: =E44/E$49 -> 0 | X44: =F44/F$49 -> 0 | Y44: =G44/G$49 -> 0 | Z44: =H44/H$49 -> 0 | AA44: =I44/I$49 -> 0 | AB44: =J44/J$49 -> 0 | ... AE44: =M44/M$49 -> 0.045454545
B45: 57 | L45: 1 | O45: 1 | R45: =SUM(C45:Q45) -> 2 | T45: =B45 -> 57 | U45: =C45/C$49 -> 0 | V45: =D45/D$49 -> 0 | W45: =E45/E$49 -> 0 | X45: =F45/F$49 -> 0 | Y45: =G45/G$49 -> 0 | Z45: =H45/H$49 -> 0 | AA45: =I45/I$49 -> 0 | AB45: =J45/J$49 -> 0 | ... AE45: =M45/M$49 -> 0
B46: 58 | M46: 1 | R46: =SUM(C46:Q46) -> 1 | T46: =B46 -> 58 | U46: =C46/C$49 -> 0 | V46: =D46/D$49 -> 0 | W46: =E46/E$49 -> 0 | X46: =F46/F$49 -> 0 | Y46: =G46/G$49 -> 0 | Z46: =H46/H$49 -> 0 | AA46: =I46/I$49 -> 0 | AB46: =J46/J$49 -> 0 | ... AE46: =M46/M$49 -> 0.045454545
B47: 59 | R47: =SUM(C47:Q47) -> 0 | T47: =B47 -> 59 | U47: =C47/C$49 -> 0 | V47: =D47/D$49 -> 0 | W47: =E47/E$49 -> 0 | X47: =F47/F$49 -> 0 | Y47: =G47/G$49 -> 0 | Z47: =H47/H$49 -> 0 | AA47: =I47/I$49 -> 0 | AB47: =J47/J$49 -> 0 | ... AE47: =M47/M$49 -> 0
B48: 60 | P48: 1 | R48: =SUM(C48:Q48) -> 1 | T48: =B48 -> 60 | U48: =C48/C$49 -> 0 | V48: =D48/D$49 -> 0 | W48: =E48/E$49 -> 0 | X48: =F48/F$49 -> 0 | Y48: =G48/G$49 -> 0 | Z48: =H48/H$49 -> 0 | AA48: =I48/I$49 -> 0 | AB48: =J48/J$49 -> 0 | ... AE48: =M48/M$49 -> 0
B49: Total | C49: =SUM(C10:C48) -> 27 | D49: =SUM(D10:D48) -> 82 | E49: =SUM(E10:E48) -> 168 | F49: =SUM(F10:F48) -> 245 | G49: =SUM(G10:G48) -> 222 | H49: =SUM(H10:H48) -> 246 | I49: =SUM(I10:I48) -> 195 | J49: =SUM(J10:J48) -> 115 | ... Q49: =SUM(Q10:Q48) -> 0 | R49: =SUM(C49:O49) -> 1489
B50: % | C50: =(C49/$R$49)*100 -> 1.8132975 | D50: =(D49/$R$49)*100 -> 5.5070517 | E50: =(E49/$R$49)*100 -> 11.28274 | F50: =(F49/$R$49)*100 -> 16.453996 | G50: =(G49/$R$49)*100 -> 14.909335 | H50: =(H49/$R$49)*100 -> 16.521155 | I50: =(I49/$R$49)*100 -> 13.096038 | J50: =(J49/$R$49)*100 -> 7.7233042 | ... M50: =(M49/$R$49)*100 -> 1.4775017 | O50: =(O49/$R$49)*100 -> 1.0073875 | P50: =(P49/$R$49)*100 -> 0.2014775 | Q50: =(Q49/$R$49)*100 -> 0 | R50: =SUM(C50:O50) -> 100
C52: =SUMPRODUCT($B10:$B48,C10:C48)/SUM(C10:C48) -> 24.037037 | D52: =SUMPRODUCT($B10:$B48,D10:D48)/SUM(D10:D48) -> 25.365854 | E52: =SUMPRODUCT($B10:$B48,E10:E48)/SUM(E10:E48) -> 27.267857 | F52: =SUMPRODUCT($B10:$B48,F10:F48)/SUM(F10:F48) -> 29.44898 | G52: =SUMPRODUCT($B10:$B48,G10:G48)/SUM(G10:G48) -> 32.747748 | H52: =SUMPRODUCT($B10:$B48,H10:H48)/SUM(H10:H48) -> 35.162602 | I52: =SUMPRODUCT($B10:$B48,I10:I48)/SUM(I10:I48) -> 38.482051 | J52: =SUMPRODUCT($B10:$B48,J10:J48)/SUM(J10:J48) -> 42.026087 | ... M52: =SUMPRODUCT($B10:$B48,M10:M48)/SUM(M10:M48) -> 51.545455 | O52: =SUMPRODUCT($B10:$B48,O10:O48)/SUM(O10:O48) -> 52.066667 | P52: =SUMPRODUCT($B10:$B48,P10:P48)/SUM(P10:P48) -> 56.333333
