Workbook

Sheet New CPUE
A1: 1960.7331 | B1: 1819.9704 | C1: 1201.5288 | D1: 939.6086 | E1: 594.2446 | F1: 559.7124 | G1: 502.3036 | H1: 563.0264 | I1: 474.1695 | J1: 686.8446 | K1: 596.5552
A2: =$A$5*A1 -> 392.14662 | B2: =$A$5*B1 -> 363.99408 | C2: =$A$5*C1 -> 240.30576 | D2: =$A$5*D1 -> 187.92172 | E2: =$A$5*E1 -> 118.84892 | F2: =$A$5*F1 -> 111.94248 | G2: =$A$5*G1 -> 100.46072 | H2: =$A$5*H1 -> 112.60528 | ... K2: =$A$5*K1 -> 119.31104
A5: 0.2

Sheet Mod1.0
B1: #years
B2: 1970
B3: 2017
B4: #ages
B5: 1
B6: 12
B7: #nbins
B8: 41
B9: #lengthbin
B10: 10 | C10: 11 | D10: 12 | E10: 13 | F10: 14 | G10: 15 | H10: 16 | I10: 17 | J10: 18 | K10: 19 | L10: 20 | M10: 21 | N10: 22 | O10: 23 | P10: 24 | Q10: 25 | R10: 26 | S10: 27 | T10: 28 | U10: 29 | V10: 30 | W10: 31 | X10: 32 | Y10: 33 | Z10: 34 | AA10: 35 | AB10: 36 | AC10: 37 | AD10: 38 | AE10: 39 | AF10: 40 | AG10: 41 | AH10: 42 | AI10: 43 | AJ10: 44 | AK10: 45 | AL10: 46 | AM10: 47 | AN10: 48 | AO10: 49 | AP10: 50
B11: #Fnum
B12: 4
B13: #Fnames
B14: N_Chile%SC_Chile_PS%FarNorth%Offshore_Trawl
B15: #Fcaton
B16: 101.69 | C16: 143.45 | D16: 64.46 | E16: 83.2 | F16: 164.76 | G16: 207.33 | H16: 257.7 | I16: 226.23 | J16: 398.41 | K16: 344.05 | L16: 288.81 | M16: 474.82 | N16: 789.91 | O16: 301.93 | P16: 727 | Q16: 511.15 | R16: 55.21 | S16: 313.31 | T16: 325.46 | U16: 338.6 | V16: 323.09 | W16: 346.25 | X16: 304.24 | Y16: 379.47 | Z16: 222.25 | AA16: 230.18 | AB16: 278.44 | AC16: 104.2 | AD16: 30.27 | AE16: 55.65 | AF16: 118.73 | AG16: 248.1 | AH16: 108.73 | AI16: 143.28 | AJ16: 158.66 | AK16: 165.63 | AL16: 155.26 | AM16: 172.701 | AN16: 167.258 | AO16: 134.022 | AP16: 169.012 | AQ16: 30.825 | AR16: 13.256 | AS16: 16.361 | AT16: 18.219 | AU16: 34.886 | AV16: 24.657 | AW16: 35.002
B17: 10.31 | C17: 14.99 | D17: 22.55 | E17: 38.39 | F17: 28.75 | G17: 53.88 | H17: 84.57 | I17: 114.57 | J17: 188.27 | K17: 253.46 | L17: 273.45 | M17: 586.09 | N17: 704.77 | O17: 563.34 | P17: 699.3 | Q17: 945.84 | R17: 1129.11 | S17: 1456.73 | T17: 1812.79 | U17: 2051.52 | V17: 2148.79 | W17: 2674.27 | X17: 2907.82 | Y17: 2856.78 | Z17: 3819.19 | AA17: 4174.02 | AB17: 3604.89 | AC17: 2812.87 | AD17: 1582.64 | AE17: 1164.04 | AF17: 1115.57 | AG17: 1401.84 | AH17: 1410.27 | AI17: 1278.02 | AJ17: 1292.94 | AK17: 1264.81 | AL17: 1224.69 | AM17: 1130.083 | AN17: 728.85 | AO17: 700.905 | AP17: 295.796 | AQ17: 216.47 | AR17: 214.204 | AS17: 214.999 | AT17: 254.295 | AU17: 250.327 | AV17: 295.16 | AW17: 311.863
B18: 4.71 | C18: 9.19 | D18: 18.78 | E18: 42.78 | F18: 129.21 | G18: 37.9 | H18: 54.15 | I18: 504.99 | J18: 386.79 | K18: 333.81 | L18: 414.3 | M18: 445.64 | N18: 143.72 | O18: 110.69 | P18: 200.67 | Q18: 114.62 | R18: 51.03 | S18: 46.3 | T18: 244.23 | U18: 316.25 | V18: 370.82 | W18: 213.45 | X18: 111.68 | Y18: 133.35 | Z18: 233.35 | AA18: 550.99 | AB18: 495.52 | AC18: 680.05 | AD18: 412.85 | AE18: 203.75 | AF18: 303.7 | AG18: 857.74 | AH18: 154.82 | AI18: 217.73 | AJ18: 187.37 | AK18: 80.66 | AL18: 277.57 | AM18: 255.36 | AN18: 169.537 | AO18: 76.629 | AP18: 22.172 | AQ18: 326.394 | AR18: 187.396 | AS18: 80.586 | AT18: 74.532 | AU18: 22.447 | AV18: 15.088 | AW18: 5.186
B19: 0 | C19: 0 | D19: 5.5 | E19: 0 | F19: 0 | G19: 0 | H19: 0.04 | I19: 2.27 | J19: 51.29 | K19: 370.29 | L19: 339.8 | M19: 438.12 | N19: 733.2 | O19: 894.3 | P19: 1059.93 | Q19: 799.32 | R19: 837.5 | S19: 863.42 | T19: 863.22 | U19: 875.82 | V19: 872.06 | W19: 543.66 | X19: 37.93 | Y19: 0 | Z19: 0 | AA19: 0 | AB19: 0 | AC19: 0 | AD19: 0 | AE19: 0.01 | AF19: 2.32 | AG19: 20.09 | AH19: 76.26 | AI19: 158.2 | AJ19: 295.44 | AK19: 243.58 | AL19: 362.63 | AM19: 438.8306 | AN19: 406.9864 | AO19: 371.9176 | AP19: 239.593 | AQ19: 60.89131 | AR19: 39.91786 | AS19: 41.177 | AT19: 63.652 | AU19: 86.717 | AV19: 53.671 | AW19: 50
B20: #Fcatonerr
B21: 0.05 | C21: 0.05 | D21: 0.05 | E21: 0.05 | F21: 0.05 | G21: 0.05 | H21: 0.05 | I21: 0.05 | J21: 0.05 | K21: 0.05 | L21: 0.05 | M21: 0.05 | N21: 0.05 | O21: 0.05 | P21: 0.05 | Q21: 0.05 | R21: 0.05 | S21: 0.05 | T21: 0.05 | U21: 0.05 | V21: 0.05 | W21: 0.05 | X21: 0.05 | Y21: 0.05 | Z21: 0.05 | AA21: 0.05 | AB21: 0.05 | AC21: 0.05 | AD21: 0.05 | AE21: 0.05 | AF21: 0.05 | AG21: 0.05 | AH21: 0.05 | AI21: 0.05 | AJ21: 0.05 | AK21: 0.05 | AL21: 0.05 | AM21: 0.05 | AN21: 0.05 | AO21: 0.05 | AP21: 0.05 | AQ21: 0.05 | AR21: 0.05 | AS21: 0.05 | AT21: 0.05 | AU21: 0.05 | AV21: 0.05 | AW21: 0.05
B22: 0.05 | C22: 0.05 | D22: 0.05 | E22: 0.05 | F22: 0.05 | G22: 0.05 | H22: 0.05 | I22: 0.05 | J22: 0.05 | K22: 0.05 | L22: 0.05 | M22: 0.05 | N22: 0.05 | O22: 0.05 | P22: 0.05 | Q22: 0.05 | R22: 0.05 | S22: 0.05 | T22: 0.05 | U22: 0.05 | V22: 0.05 | W22: 0.05 | X22: 0.05 | Y22: 0.05 | Z22: 0.05 | AA22: 0.05 | AB22: 0.05 | AC22: 0.05 | AD22: 0.05 | AE22: 0.05 | AF22: 0.05 | AG22: 0.05 | AH22: 0.05 | AI22: 0.05 | AJ22: 0.05 | AK22: 0.05 | AL22: 0.05 | AM22: 0.05 | AN22: 0.05 | AO22: 0.05 | AP22: 0.05 | AQ22: 0.05 | AR22: 0.05 | AS22: 0.05 | AT22: 0.05 | AU22: 0.05 | AV22: 0.05 | AW22: 0.05
B23: 0.05 | C23: 0.05 | D23: 0.05 | E23: 0.05 | F23: 0.05 | G23: 0.05 | H23: 0.05 | I23: 0.05 | J23: 0.05 | K23: 0.05 | L23: 0.05 | M23: 0.05 | N23: 0.05 | O23: 0.05 | P23: 0.05 | Q23: 0.05 | R23: 0.05 | S23: 0.05 | T23: 0.05 | U23: 0.05 | V23: 0.05 | W23: 0.05 | X23: 0.05 | Y23: 0.05 | Z23: 0.05 | AA23: 0.05 | AB23: 0.05 | AC23: 0.05 | AD23: 0.05 | AE23: 0.05 | AF23: 0.05 | AG23: 0.05 | AH23: 0.05 | AI23: 0.05 | AJ23: 0.05 | AK23: 0.05 | AL23: 0.05 | AM23: 0.05 | AN23: 0.05 | AO23: 0.05 | AP23: 0.05 | AQ23: 0.05 | AR23: 0.05 | AS23: 0.05 | AT23: 0.05 | AU23: 0.05 | AV23: 0.05 | AW23: 0.05
B24: 0.05 | C24: 0.05 | D24: 0.05 | E24: 0.05 | F24: 0.05 | G24: 0.05 | H24: 0.05 | I24: 0.05 | J24: 0.05 | K24: 0.05 | L24: 0.05 | M24: 0.05 | N24: 0.05 | O24: 0.05 | P24: 0.05 | Q24: 0.05 | R24: 0.05 | S24: 0.05 | T24: 0.05 | U24: 0.05 | V24: 0.05 | W24: 0.05 | X24: 0.05 | Y24: 0.05 | Z24: 0.05 | AA24: 0.05 | AB24: 0.05 | AC24: 0.05 | AD24: 0.05 | AE24: 0.05 | AF24: 0.05 | AG24: 0.05 | AH24: 0.05 | AI24: 0.05 | AJ24: 0.05 | AK24: 0.05 | AL24: 0.05 | AM24: 0.05 | AN24: 0.05 | AO24: 0.05 | AP24: 0.05 | AQ24: 0.05 | AR24: 0.05 | AS24: 0.05 | AT24: 0.05 | AU24: 0.05 | AV24: 0.05 | AW24: 0.05
B25: #FnumyearsA
B26: 42 # 43
B27: 43
B28: 0
B29: 28 # 29
B30: #FnumyearsL
B31: 0
B32: 0
B33: 37
B34: 0
B35: #Fageyears
B36: 1975 | C36: 1976 | D36: 1977 | E36: 1978 | F36: 1979 | G36: 1980 | H36: 1981 | I36: 1982 | J36: 1983 | K36: 1984 | L36: 1985 | M36: 1986 | N36: 1987 | O36: 1988 | P36: 1989 | Q36: 1990 | R36: 1991 | S36: 1992 | T36: 1993 | U36: 1994 | V36: 1995 | W36: 1996 | X36: 1997 | Y36: 1998 | Z36: 1999 | AA36: 2000 | AB36: 2001 | AC36: 2002 | AD36: 2003 | AE36: 2004 | AF36: 2005 | AG36: 2006 | AH36: 2007 | AI36: 2008 | AJ36: 2009 | AK36: 2010 | AL36: 2011 | AM36: 2012 | AN36: 2013 | AO36: 2014 | AP36: 2015 | AQ36: 2016 | AR36: # 2017
B37: 1975 | C37: 1976 | D37: 1977 | E37: 1978 | F37: 1979 | G37: 1980 | H37: 1981 | I37: 1982 | J37: 1983 | K37: 1984 | L37: 1985 | M37: 1986 | N37: 1987 | O37: 1988 | P37: 1989 | Q37: 1990 | R37: 1991 | S37: 1992 | T37: 1993 | U37: 1994 | V37: 1995 | W37: 1996 | X37: 1997 | Y37: 1998 | Z37: 1999 | AA37: 2000 | AB37: 2001 | AC37: 2002 | AD37: 2003 | AE37: 2004 | AF37: 2005 | AG37: 2006 | AH37: 2007 | AI37: 2008 | AJ37: 2009 | AK37: 2010 | AL37: 2011 | AM37: 2012 | AN37: 2013 | AO37: 2014 | AP37: 2015 | AQ37: 2016 | AR37: 2017
B38: 1979 | C38: 1980 | D38: 1981 | E38: 1982 | F38: 1983 | G38: 1984 | H38: 1985 | I38: 1986 | J38: 1987 | K38: 1988 | L38: 1989 | M38: 1990 | N38: 1991 | O38: 2000 | P38: 2001 | Q38: 2002 | R38: 2003 | S38: 2006 | T38: 2007 | U38: 2008 | V38: 2009 | W38: 2010 | X38: 2011 | Y38: 2012 | Z38: 2013 | AA38: 2014 | AB38: 2015 | AC38: 2016 | AD38: # 2017
B39: #Flengthyears
B40: 1980 | C40: 1981 | D40: 1982 | E40: 1983 | F40: 1984 | G40: 1985 | H40: 1986 | I40: 1987 | J40: 1988 | K40: 1989 | L40: 1990 | M40: 1991 | N40: 1992 | O40: 1993 | P40: 1994 | Q40: 1995 | R40: 1996 | S40: 1997 | T40: 1998 | U40: 1999 | V40: 2000 | W40: 2001 | X40: 2002 | Y40: 2003 | Z40: 2004 | AA40: 2005 | AB40: 2006 | AC40: 2007 | AD40: 2008 | AE40: 2009 | AF40: 2010 | AG40: 2011 | AH40: 2012 | AI40: 2013 | AJ40: 2014 | AK40: 2015 | AL40: 2016
B41: #Fagesample
B42: 20 | C42: 20 | D42: 20 | E42: 20 | F42: 20 | G42: 20 | H42: 20 | I42: 20 | J42: 20 | K42: 20 | L42: 20 | M42: 20 | N42: 20 | O42: 20 | P42: 20 | Q42: 20 | R42: 20 | S42: 20 | T42: 20 | U42: 20 | V42: 20 | W42: 20 | X42: 20 | Y42: 20 | Z42: 20 | AA42: 20 | AB42: 20 | AC42: 20 | AD42: 20 | AE42: 20 | AF42: 20 | AG42: 20 | AH42: 20 | AI42: 20 | AJ42: 20 | AK42: 20 | AL42: 20 | AM42: 20 | AN42: 20 | AO42: 20 | AP42: 20 | AQ42: 20 | AR42: # 20
B43: 50 | C43: 50 | D43: 50 | E43: 50 | F43: 50 | G43: 50 | H43: 50 | I43: 50 | J43: 50 | K43: 50 | L43: 50 | M43: 50 | N43: 50 | O43: 50 | P43: 50 | Q43: 50 | R43: 50 | S43: 50 | T43: 50 | U43: 50 | V43: 50 | W43: 50 | X43: 50 | Y43: 50 | Z43: 50 | AA43: 50 | AB43: 50 | AC43: 50 | AD43: 50 | AE43: 50 | AF43: 50 | AG43: 50 | AH43: 50 | AI43: 50 | AJ43: 50 | AK43: 50 | AL43: 50 | AM43: 50 | AN43: 50 | AO43: 50 | AP43: 50 | AQ43: 50 | AR43: 5
B44: 50 | C44: 50 | D44: 50 | E44: 50 | F44: 50 | G44: 50 | H44: 50 | I44: 50 | J44: 50 | K44: 50 | L44: 50 | M44: 50 | N44: 50 | O44: 30 | P44: 30 | Q44: 30 | R44: 30 | S44: 30 | T44: 30 | U44: 30 | V44: 30 | W44: 30 | X44: 30 | Y44: 30 | Z44: 30 | AA44: 30 | AB44: 30 | AC44: 30 | AD44: # 30
B45: #Flengthsample
B46: 30 | C46: 30 | D46: 30 | E46: 30 | F46: 30 | G46: 30 | H46: 30 | I46: 30 | J46: 30 | K46: 30 | L46: 30 | M46: 30 | N46: 30 | O46: 30 | P46: 30 | Q46: 30 | R46: 30 | S46: 30 | T46: 30 | U46: 30 | V46: 30 | W46: 30 | X46: 30 | Y46: 30 | Z46: 30 | AA46: 30 | AB46: 30 | AC46: 30 | AD46: 30 | AE46: 30 | AF46: 30 | AG46: 30 | AH46: 30 | AI46: 30 | AJ46: 30 | AK46: 30 | AL46: 30
B47: #Fagecomp
B48: 0 | C48: 4073 | D48: 13776 | E48: 44143 | F48: 60659 | G48: 166146 | H48: 171002 | I48: 81053 | J48: 29641 | K48: 8253 | L48: 4552 | M48: 1070
B49: 0 | C49: 27 | D49: 1676 | E49: 10342 | F49: 62211 | G49: 190616 | H49: 229530 | I49: 109553 | J49: 17356 | K49: 4612 | L49: 104 | M49: 0
B50: 122 | C50: 12767 | D50: 20036 | E50: 48155 | F50: 149760 | G50: 239459 | H50: 184136 | I50: 68069 | J50: 10018 | K50: 155 | L50: 0 | M50: 0
B51: 0 | C51: 5910 | D51: 92821 | E51: 171908 | F51: 149947 | G51: 99992 | H51: 274829 | I51: 227407 | J51: 75025 | K51: 11649 | L51: 99 | M51: 0
B52: 0 | C52: 0 | D52: 40320 | E52: 104406 | F52: 202313 | G52: 247236 | H52: 261704 | I52: 212251 | J52: 72124 | K52: 7503 | L52: 87 | M52: 0
B53: 0 | C53: 5663 | D53: 19209 | E53: 39611 | F53: 120365 | G53: 158767 | H53: 188736 | I53: 133955 | J53: 25201 | K53: 792 | L53: 0 | M53: 0
B54: 0 | C54: 0 | D54: 17592 | E54: 107026 | F54: 226852 | G54: 272757 | H54: 332572 | I54: 167387 | J54: 32014 | K54: 4135 | L54: 31 | M54: 0
B55: 0 | C55: 1674 | D55: 29021 | E55: 332623 | F55: 362536 | G55: 484944 | H55: 639872 | I55: 367034 | J55: 127157 | K55: 21795 | L55: 225 | M55: 0
B56: 0 | C56: 102 | D56: 1966 | E56: 49812 | F56: 151839 | G56: 222327 | H56: 205704 | I56: 103468 | J56: 21178 | K56: 556 | L56: 27 | M56: 0
B57: 0 | C57: 4148 | D57: 232259 | E57: 599923 | F57: 284517 | G57: 284809 | H57: 377052 | I57: 318705 | J57: 67881 | K57: 4009 | L57: 0 | M57: 0
B58: 0 | C58: 886 | D58: 53397 | E58: 255301 | F58: 400091 | G58: 427340 | H58: 252577 | I58: 73876 | J58: 12239 | K58: 1256 | L58: 0 | M58: 0
B59: 4646 | C59: 15143 | D59: 14153 | E59: 8069 | F59: 9791 | G59: 17324 | H59: 26790 | I59: 15727 | J59: 6358 | K59: 1078 | L59: 0 | M59: 0
... B89: 0 | C89: 0 | D89: 0.11949623 | E89: 0.19185401 | F89: 0.12836256 | G89: 0.21069755 | H89: 0.15136514 | I89: 0.081497641 | J89: 0.075119213 | K89: 0.026336113 | L89: 0.009888114 | M89: 0.005383425
B90: # 0 | C90: 0 | D90: 0.11953631 | E90: 0.19191836 | F90: 0.12840562 | G90: 0.21076822 | H90: 0.15141591 | I90: 0.081524975 | J90: 0.075144408 | K90: 0.026344946 | L90: 0.00989143 | M90: 0.005049835
B91: 0 | C91: 0 | D91: 355 | E91: 633 | F91: 2259 | G91: 7108 | H91: 11305 | I91: 10032 | J91: 5551 | K91: 1867 | L91: 999 | M91: 190
B92: 0 | C92: 1272 | D92: 364 | E92: 353 | F92: 1550 | G92: 17545 | H92: 45885 | I92: 38920 | J92: 18306 | K92: 2707 | L92: 37 | M92: 0
B93: 1 | C93: 223 | D93: 462 | E93: 5493 | F93: 19717 | G93: 34341 | H93: 61594 | I93: 47567 | J93: 7128 | K93: 684 | L93: 70 | M93: 4
B94: 0 | C94: 595 | D94: 4226 | E94: 20574 | F94: 70250 | G94: 115605 | H94: 96857 | I94: 45404 | J94: 12171 | K94: 1330 | L94: 0 | M94: 0
B95: 0 | C95: 20 | D95: 13439 | E95: 147552 | F95: 206176 | G95: 210012 | H95: 208192 | I95: 180490 | J95: 120831 | K95: 48163 | L95: 4206 | M95: 904
B96: 2152 | C96: 3996 | D96: 8314 | E96: 128820 | F96: 322829 | G96: 356395 | H96: 311998 | I96: 166713 | J96: 78325 | K96: 17706 | L96: 686 | M96: 995
B97: 0 | C97: 2419 | D97: 8973 | E97: 83655 | F97: 392031 | G97: 696981 | H97: 627159 | I97: 326988 | J97: 99193 | K97: 23220 | L97: 3581 | M97: 800
B98: 1324 | C98: 4221 | D98: 8889 | E98: 118067 | F98: 618244 | G98: 826235 | H98: 877968 | I98: 626789 | J98: 224844 | K98: 57471 | L98: 10391 | M98: 13914
B99: 1624 | C99: 98937 | D99: 191076 | E99: 314984 | F99: 749070 | G99: 1084641 | H99: 1113032 | I99: 548218 | J99: 207964 | K99: 30697 | L99: 3760 | M99: 1259
B100: 98 | C100: 7977 | D100: 190091 | E100: 357918 | F100: 447250 | G100: 985396 | H100: 1175198 | I100: 851961 | J100: 292315 | K100: 38931 | L100: 7977 | M100: 394
B101: 53 | C101: 889 | D101: 39763 | E101: 372792 | F101: 621888 | G101: 1131123 | H101: 1405139 | I101: 725890 | J101: 182303 | K101: 21926 | L101: 2839 | M101: 2111
B102: 7703 | C102: 32892 | D102: 50408 | E102: 254334 | F102: 720436 | G102: 1125301 | H102: 1563727 | I102: 833125 | J102: 141461 | K102: 12640 | L102: 1048 | M102: 651
... B161: 0 | C161: 0.017012139 | D161: 0.13048412 | E161: 0.20502442 | F161: 0.23870457 | G161: 0.17149799 | H161: 0.113947 | I161: 0.058575553 | J161: 0.033933892 | K161: 0.021002765 | L161: 0.002922093 | M161: 0.006895466
B162: # 0 | C162: 0 | D162: 0.014051333 | E162: 0.14690046 | F162: 0.18530098 | G162: 0.19901178 | H162: 0.10051017 | I162: 0.091748253 | J162: 0.089864284 | K162: 0.079140051 | L162: 0.059299454 | M162: 0.034173237
B163: #Flengthcomp
B164: 44 | C164: 59 | D164: 71 | E164: 59 | F164: 126 | G164: 67 | H164: 184 | I164: 105 | J164: 67 | K164: 50 | L164: 0 | M164: 0 | N164: 0 | O164: 33 | P164: 46 | Q164: 25 | R164: 9 | S164: 9 | T164: 50 | U164: 101 | V164: 134 | W164: 209 | X164: 318 | Y164: 471 | Z164: 419 | AA164: 343 | AB164: 251 | AC164: 184 | AD164: 134 | AE164: 84 | AF164: 50 | AG164: 33 | AH164: 33 | AI164: 29 | AJ164: 17 | AK164: 9 | AL164: 9 | AM164: 0 | AN164: 0 | AO164: 0 | AP164: 0
B165: 0 | C165: 0 | D165: 0 | E165: 0 | F165: 0 | G165: 0 | H165: 0 | I165: 0 | J165: 0 | K165: 0 | L165: 0 | M165: 0 | N165: 0 | O165: 0 | P165: 0 | Q165: 0 | R165: 6 | S165: 14 | T165: 28 | U165: 101 | V165: 129 | W165: 105 | X165: 109 | Y165: 112 | Z165: 105 | AA165: 87 | AB165: 78 | AC165: 62 | AD165: 50 | AE165: 36 | AF165: 34 | AG165: 22 | AH165: 20 | AI165: 17 | AJ165: 8 | AK165: 3 | AL165: 1 | AM165: 0 | AN165: 0 | AO165: 0 | AP165: 0
B166: 0 | C166: 23 | D166: 91 | E166: 272 | F166: 545 | G166: 545 | H166: 523 | I166: 477 | J166: 409 | K166: 432 | L166: 545 | M166: 364 | N166: 68 | O166: 23 | P166: 0 | Q166: 0 | R166: 0 | S166: 0 | T166: 45 | U166: 91 | V166: 136 | W166: 409 | X166: 795 | Y166: 1136 | Z166: 840 | AA166: 545 | AB166: 296 | AC166: 227 | AD166: 181 | AE166: 159 | AF166: 136 | AG166: 113 | AH166: 23 | AI166: 0 | AJ166: 0 | AK166: 0 | AL166: 0 | AM166: 0 | AN166: 0 | AO166: 0 | AP166: 0
B167: 0 | C167: 0 | D167: 0 | E167: 0 | F167: 0 | G167: 0 | H167: 0 | I167: 0 | J167: 0 | K167: 0 | L167: 0 | M167: 0 | N167: 0 | O167: 0 | P167: 0 | Q167: 22 | R167: 114 | S167: 137 | T167: 182 | U167: 206 | V167: 297 | W167: 707 | X167: 1426 | Y167: 1711 | Z167: 1426 | AA167: 1254 | AB167: 707 | AC167: 502 | AD167: 297 | AE167: 228 | AF167: 114 | AG167: 69 | AH167: 137 | AI167: 69 | AJ167: 22 | AK167: 46 | AL167: 22 | AM167: 0 | AN167: 0 | AO167: 0 | AP167: 0
B168: 0 | C168: 0 | D168: 0 | E168: 0 | F168: 0 | G168: 8 | H168: 16 | I168: 8 | J168: 4 | K168: 0 | L168: 4 | M168: 8 | N168: 41 | O168: 90 | P168: 160 | Q168: 340 | R168: 872 | S168: 1743 | T168: 2472 | U168: 3355 | V168: 3441 | W168: 3270 | X168: 4325 | Y168: 4657 | Z168: 4153 | AA168: 3245 | AB168: 2545 | AC168: 1731 | AD168: 1166 | AE168: 777 | AF168: 585 | AG168: 401 | AH168: 274 | AI168: 258 | AJ168: 209 | AK168: 147 | AL168: 217 | AM168: 147 | AN168: 123 | AO168: 45 | AP168: 0
B169: 0 | C169: 0 | D169: 0 | E169: 0 | F169: 0 | G169: 0 | H169: 0 | I169: 3 | J169: 6 | K169: 8 | L169: 16 | M169: 16 | N169: 19 | O169: 19 | P169: 22 | Q169: 31 | R169: 62 | S169: 136 | T169: 215 | U169: 399 | V169: 535 | W169: 615 | X169: 818 | Y169: 848 | Z169: 949 | AA169: 987 | AB169: 888 | AC169: 906 | AD169: 822 | AE169: 821 | AF169: 725 | AG169: 585 | AH169: 439 | AI169: 353 | AJ169: 277 | AK169: 259 | AL169: 242 | AM169: 179 | AN169: 199 | AO169: 150 | AP169: 0
B170: 3 | C170: 8 | D170: 18 | E170: 13 | F170: 13 | G170: 27 | H170: 39 | I170: 29 | J170: 14 | K170: 17 | L170: 24 | M170: 36 | N170: 51 | O170: 63 | P170: 64 | Q170: 67 | R170: 57 | S170: 37 | T170: 23 | U170: 17 | V170: 30 | W170: 53 | X170: 165 | Y170: 397 | Z170: 691 | AA170: 1066 | AB170: 1337 | AC170: 1260 | AD170: 1255 | AE170: 896 | AF170: 637 | AG170: 478 | AH170: 369 | AI170: 287 | AJ170: 257 | AK170: 207 | AL170: 195 | AM170: 141 | AN170: 140 | AO170: 109 | AP170: 0
B171: 2 | C171: 6 | D171: 8 | E171: 10 | F171: 6 | G171: 21 | H171: 52 | I171: 61 | J171: 43 | K171: 44 | L171: 74 | M171: 95 | N171: 106 | O171: 169 | P171: 254 | Q171: 395 | R171: 533 | S171: 830 | T171: 1110 | U171: 1215 | V171: 1071 | W171: 861 | X171: 537 | Y171: 337 | Z171: 249 | AA171: 308 | AB171: 376 | AC171: 408 | AD171: 335 | AE171: 213 | AF171: 200 | AG171: 160 | AH171: 130 | AI171: 92 | AJ171: 61 | AK171: 44 | AL171: 19 | AM171: 10 | AN171: 7 | AO171: 8 | AP171: 0
B172: 0 | C172: 0 | D172: 0 | E172: 0 | F172: 0 | G172: 0 | H172: 0 | I172: 4 | J172: 22 | K172: 60 | L172: 73 | M172: 95 | N172: 186 | O172: 354 | P172: 739 | Q172: 1663 | R172: 2985 | S172: 3961 | T172: 4250 | U172: 3615 | V172: 2985 | W172: 2134 | X172: 1559 | Y172: 1378 | Z172: 1309 | AA172: 1304 | AB172: 1266 | AC172: 1136 | AD172: 981 | AE172: 1019 | AF172: 972 | AG172: 1149 | AH172: 1058 | AI172: 1045 | AJ172: 1088 | AK172: 1145 | AL172: 1045 | AM172: 747 | AN172: 596 | AO172: 354 | AP172: 0
B173: 0 | C173: 0 | D173: 0 | E173: 0 | F173: 0 | G173: 0 | H173: 0 | I173: 0 | J173: 0 | K173: 7 | L173: 179 | M173: 365 | N173: 3204 | O173: 4837 | P173: 2294 | Q173: 2723 | R173: 1988 | S173: 1212 | T173: 877 | U173: 1009 | V173: 1157 | W173: 1309 | X173: 2110 | Y173: 2874 | Z173: 3570 | AA173: 3979 | AB173: 3959 | AC173: 2848 | AD173: 2080 | AE173: 1295 | AF173: 705 | AG173: 498 | AH173: 386 | AI173: 297 | AJ173: 260 | AK173: 251 | AL173: 260 | AM173: 237 | AN173: 191 | AO173: 185 | AP173: 0
B174: 0 | C174: 0 | D174: 0 | E174: 0 | F174: 0 | G174: 0 | H174: 0 | I174: 0 | J174: 0 | K174: 0 | L174: 22 | M174: 45 | N174: 90 | O174: 90 | P174: 127 | Q174: 187 | R174: 247 | S174: 284 | T174: 486 | U174: 860 | V174: 1533 | W174: 2326 | X174: 3373 | Y174: 4548 | Z174: 5221 | AA174: 6769 | AB174: 8579 | AC174: 9410 | AD174: 7353 | AE174: 6119 | AF174: 4473 | AG174: 3194 | AH174: 2409 | AI174: 1855 | AJ174: 1279 | AK174: 808 | AL174: 554 | AM174: 292 | AN174: 202 | AO174: 90 | AP174: 0
B175: 0 | C175: 0 | D175: 0 | E175: 3 | F175: 0 | G175: 13 | H175: 62 | I175: 112 | J175: 85 | K175: 102 | L175: 131 | M175: 99 | N175: 118 | O175: 927 | P175: 2308 | Q175: 1107 | R175: 686 | S175: 628 | T175: 658 | U175: 813 | V175: 1134 | W175: 1749 | X175: 2249 | Y175: 2786 | Z175: 2851 | AA175: 3441 | AB175: 4354 | AC175: 4262 | AD175: 3939 | AE175: 3496 | AF175: 2993 | AG175: 1877 | AH175: 1405 | AI175: 1469 | AJ175: 1237 | AK175: 1167 | AL175: 1130 | AM175: 864 | AN175: 687 | AO175: 616 | AP175: 504
... B200: 0 | C200: 0 | D200: 0 | E200: 0 | F200: 0 | G200: 0 | H200: 0 | I200: 3.9603821 | J200: 41.79291 | K200: 63.592828 | L200: 172.9608 | M200: 438.05057 | N200: 1094.57 | O200: 2353.8653 | P200: 2871.8253 | Q200: 2719.8594 | R200: 2936.9743 | S200: 3425.417 | T200: 3244.0167 | U200: 3366.1927 | V200: 3408.4992 | W200: 3683.6381 | X200: 3378.7434 | Y200: 3121.8507 | Z200: 2803.6438 | AA200: 2203.72 | AB200: 1289.14 | AC200: 711.14531 | AD200: 416.94473 | AE200: 214.03756 | AF200: 189.81496 | AG200: 136.12373 | AH200: 31.61674 | AI200: 18.428505 | AJ200: 7.5271921 | AK200: 5.6703593 | AL200: 9.5748193 | AM200: 5.6064344 | AN200: 0.57712668 | AO200: 0 | AP200: 0
B201: #Fwtatage
B202: 0.05 | C202: 0.089 | D202: 0.129 | E202: 0.189 | F202: 0.248 | G202: 0.313 | H202: 0.396 | I202: 0.488 | J202: 0.584 | K202: 0.728 | L202: 0.88 | M202: 1.115
B203: 0.05 | C203: 0.089 | D203: 0.129 | E203: 0.189 | F203: 0.248 | G203: 0.313 | H203: 0.396 | I203: 0.488 | J203: 0.584 | K203: 0.728 | L203: 0.88 | M203: 1.115
B204: 0.05 | C204: 0.089 | D204: 0.129 | E204: 0.189 | F204: 0.248 | G204: 0.313 | H204: 0.396 | I204: 0.488 | J204: 0.584 | K204: 0.728 | L204: 0.88 | M204: 1.115
B205: 0.05 | C205: 0.089 | D205: 0.129 | E205: 0.189 | F205: 0.248 | G205: 0.313 | H205: 0.396 | I205: 0.488 | J205: 0.584 | K205: 0.728 | L205: 0.88 | M205: 1.115
B206: 0.05 | C206: 0.089 | D206: 0.129 | E206: 0.189 | F206: 0.248 | G206: 0.313 | H206: 0.396 | I206: 0.488 | J206: 0.584 | K206: 0.728 | L206: 0.88 | M206: 1.115
B207: 0.05 | C207: 0.089 | D207: 0.129 | E207: 0.189 | F207: 0.248 | G207: 0.313 | H207: 0.396 | I207: 0.488 | J207: 0.584 | K207: 0.728 | L207: 0.88 | M207: 1.115
B208: 0.05 | C208: 0.089 | D208: 0.129 | E208: 0.189 | F208: 0.248 | G208: 0.313 | H208: 0.396 | I208: 0.488 | J208: 0.584 | K208: 0.728 | L208: 0.88 | M208: 1.115
B209: 0.05 | C209: 0.089 | D209: 0.129 | E209: 0.189 | F209: 0.248 | G209: 0.313 | H209: 0.396 | I209: 0.488 | J209: 0.584 | K209: 0.728 | L209: 0.88 | M209: 1.115
B210: 0.05 | C210: 0.105 | D210: 0.124 | E210: 0.163 | F210: 0.204 | G210: 0.314 | H210: 0.369 | I210: 0.405 | J210: 0.434 | K210: 0.453 | L210: 0.59 | M210: 1.115
B211: 0.05 | C211: 0.108 | D211: 0.163 | E211: 0.179 | F211: 0.217 | G211: 0.274 | H211: 0.37 | I211: 0.42 | J211: 0.474 | K211: 0.629 | L211: 0.633 | M211: 1.115
...

Sheet Mod1.5.dat
B1: #years Data file w/ new offshore CPUE (GAM) and downweighted Russian CPUE
B2: 1970
B3: 2017
B4: #ages
B5: 1
B6: 12
B7: #nbins
B8: 41
B9: #lengthbin
B10: 10 | C10: 11 | D10: 12 | E10: 13 | F10: 14 | G10: 15 | H10: 16 | I10: 17 | J10: 18 | K10: 19 | L10: 20 | M10: 21 | N10: 22 | O10: 23 | P10: 24 | Q10: 25 | R10: 26 | S10: 27 | T10: 28 | U10: 29 | V10: 30 | W10: 31 | X10: 32 | Y10: 33 | Z10: 34 | AA10: 35 | AB10: 36 | AC10: 37 | AD10: 38 | AE10: 39 | AF10: 40 | AG10: 41 | AH10: 42 | AI10: 43 | AJ10: 44 | AK10: 45 | AL10: 46 | AM10: 47 | AN10: 48 | AO10: 49 | AP10: 50
B11: #Fnum
B12: 4
B13: #Fnames
B14: N_Chile%SC_Chile_PS%FarNorth%Offshore_Trawl
B15: #Fcaton
B16: 101.69 | C16: 143.45 | D16: 64.46 | E16: 83.2 | F16: 164.76 | G16: 207.33 | H16: 257.7 | I16: 226.23 | J16: 398.41 | K16: 344.05 | L16: 288.81 | M16: 474.82 | N16: 789.91 | O16: 301.93 | P16: 727 | Q16: 511.15 | R16: 55.21 | S16: 313.31 | T16: 325.46 | U16: 338.6 | V16: 323.09 | W16: 346.25 | X16: 304.24 | Y16: 379.47 | Z16: 222.25 | AA16: 230.18 | AB16: 278.44 | AC16: 104.2 | AD16: 30.27 | AE16: 55.65 | AF16: 118.73 | AG16: 248.1 | AH16: 108.73 | AI16: 143.28 | AJ16: 158.66 | AK16: 165.63 | AL16: 155.26 | AM16: 172.701 | AN16: 167.258 | AO16: 134.022 | AP16: 169.012 | AQ16: 30.825 | AR16: 13.256 | AS16: 16.361 | AT16: 18.219 | AU16: 34.886 | AV16: 24.657 | AW16: 35.002
B17: 10.31 | C17: 14.99 | D17: 22.55 | E17: 38.39 | F17: 28.75 | G17: 53.88 | H17: 84.57 | I17: 114.57 | J17: 188.27 | K17: 253.46 | L17: 273.45 | M17: 586.09 | N17: 704.77 | O17: 563.34 | P17: 699.3 | Q17: 945.84 | R17: 1129.11 | S17: 1456.73 | T17: 1812.79 | U17: 2051.52 | V17: 2148.79 | W17: 2674.27 | X17: 2907.82 | Y17: 2856.78 | Z17: 3819.19 | AA17: 4174.02 | AB17: 3604.89 | AC17: 2812.87 | AD17: 1582.64 | AE17: 1164.04 | AF17: 1115.57 | AG17: 1401.84 | AH17: 1410.27 | AI17: 1278.02 | AJ17: 1292.94 | AK17: 1264.81 | AL17: 1224.69 | AM17: 1130.083 | AN17: 728.85 | AO17: 700.905 | AP17: 295.796 | AQ17: 216.47 | AR17: 214.204 | AS17: 214.999 | AT17: 254.295 | AU17: 250.327 | AV17: 295.16 | AW17: 311.863
B18: 4.71 | C18: 9.19 | D18: 18.78 | E18: 42.78 | F18: 129.21 | G18: 37.9 | H18: 54.15 | I18: 504.99 | J18: 386.79 | K18: 333.81 | L18: 414.3 | M18: 445.64 | N18: 143.72 | O18: 110.69 | P18: 200.67 | Q18: 114.62 | R18: 51.03 | S18: 46.3 | T18: 244.23 | U18: 316.25 | V18: 370.82 | W18: 213.45 | X18: 111.68 | Y18: 133.35 | Z18: 233.35 | AA18: 550.99 | AB18: 495.52 | AC18: 680.05 | AD18: 412.85 | AE18: 203.75 | AF18: 303.7 | AG18: 857.74 | AH18: 154.82 | AI18: 217.73 | AJ18: 187.37 | AK18: 80.66 | AL18: 277.57 | AM18: 255.36 | AN18: 169.537 | AO18: 76.629 | AP18: 22.172 | AQ18: 326.394 | AR18: 187.396 | AS18: 80.586 | AT18: 74.532 | AU18: 22.447 | AV18: 15.088 | AW18: 5.186
B19: 0 | C19: 0 | D19: 5.5 | E19: 0 | F19: 0 | G19: 0 | H19: 0.04 | I19: 2.27 | J19: 51.29 | K19: 370.29 | L19: 339.8 | M19: 438.12 | N19: 733.2 | O19: 894.3 | P19: 1059.93 | Q19: 799.32 | R19: 837.5 | S19: 863.42 | T19: 863.22 | U19: 875.82 | V19: 872.06 | W19: 543.66 | X19: 37.93 | Y19: 0 | Z19: 0 | AA19: 0 | AB19: 0 | AC19: 0 | AD19: 0 | AE19: 0.01 | AF19: 2.32 | AG19: 20.09 | AH19: 76.26 | AI19: 158.2 | AJ19: 295.44 | AK19: 243.58 | AL19: 362.63 | AM19: 438.8306 | AN19: 406.9864 | AO19: 371.9176 | AP19: 239.593 | AQ19: 60.89131 | AR19: 39.91786 | AS19: 41.177 | AT19: 63.652 | AU19: 86.717 | AV19: 53.671 | AW19: 50
B20: #Fcatonerr
B21: 0.05 | C21: 0.05 | D21: 0.05 | E21: 0.05 | F21: 0.05 | G21: 0.05 | H21: 0.05 | I21: 0.05 | J21: 0.05 | K21: 0.05 | L21: 0.05 | M21: 0.05 | N21: 0.05 | O21: 0.05 | P21: 0.05 | Q21: 0.05 | R21: 0.05 | S21: 0.05 | T21: 0.05 | U21: 0.05 | V21: 0.05 | W21: 0.05 | X21: 0.05 | Y21: 0.05 | Z21: 0.05 | AA21: 0.05 | AB21: 0.05 | AC21: 0.05 | AD21: 0.05 | AE21: 0.05 | AF21: 0.05 | AG21: 0.05 | AH21: 0.05 | AI21: 0.05 | AJ21: 0.05 | AK21: 0.05 | AL21: 0.05 | AM21: 0.05 | AN21: 0.05 | AO21: 0.05 | AP21: 0.05 | AQ21: 0.05 | AR21: 0.05 | AS21: 0.05 | AT21: 0.05 | AU21: 0.05 | AV21: 0.05 | AW21: 0.05
B22: 0.05 | C22: 0.05 | D22: 0.05 | E22: 0.05 | F22: 0.05 | G22: 0.05 | H22: 0.05 | I22: 0.05 | J22: 0.05 | K22: 0.05 | L22: 0.05 | M22: 0.05 | N22: 0.05 | O22: 0.05 | P22: 0.05 | Q22: 0.05 | R22: 0.05 | S22: 0.05 | T22: 0.05 | U22: 0.05 | V22: 0.05 | W22: 0.05 | X22: 0.05 | Y22: 0.05 | Z22: 0.05 | AA22: 0.05 | AB22: 0.05 | AC22: 0.05 | AD22: 0.05 | AE22: 0.05 | AF22: 0.05 | AG22: 0.05 | AH22: 0.05 | AI22: 0.05 | AJ22: 0.05 | AK22: 0.05 | AL22: 0.05 | AM22: 0.05 | AN22: 0.05 | AO22: 0.05 | AP22: 0.05 | AQ22: 0.05 | AR22: 0.05 | AS22: 0.05 | AT22: 0.05 | AU22: 0.05 | AV22: 0.05 | AW22: 0.05
B23: 0.05 | C23: 0.05 | D23: 0.05 | E23: 0.05 | F23: 0.05 | G23: 0.05 | H23: 0.05 | I23: 0.05 | J23: 0.05 | K23: 0.05 | L23: 0.05 | M23: 0.05 | N23: 0.05 | O23: 0.05 | P23: 0.05 | Q23: 0.05 | R23: 0.05 | S23: 0.05 | T23: 0.05 | U23: 0.05 | V23: 0.05 | W23: 0.05 | X23: 0.05 | Y23: 0.05 | Z23: 0.05 | AA23: 0.05 | AB23: 0.05 | AC23: 0.05 | AD23: 0.05 | AE23: 0.05 | AF23: 0.05 | AG23: 0.05 | AH23: 0.05 | AI23: 0.05 | AJ23: 0.05 | AK23: 0.05 | AL23: 0.05 | AM23: 0.05 | AN23: 0.05 | AO23: 0.05 | AP23: 0.05 | AQ23: 0.05 | AR23: 0.05 | AS23: 0.05 | AT23: 0.05 | AU23: 0.05 | AV23: 0.05 | AW23: 0.05
B24: 0.05 | C24: 0.05 | D24: 0.05 | E24: 0.05 | F24: 0.05 | G24: 0.05 | H24: 0.05 | I24: 0.05 | J24: 0.05 | K24: 0.05 | L24: 0.05 | M24: 0.05 | N24: 0.05 | O24: 0.05 | P24: 0.05 | Q24: 0.05 | R24: 0.05 | S24: 0.05 | T24: 0.05 | U24: 0.05 | V24: 0.05 | W24: 0.05 | X24: 0.05 | Y24: 0.05 | Z24: 0.05 | AA24: 0.05 | AB24: 0.05 | AC24: 0.05 | AD24: 0.05 | AE24: 0.05 | AF24: 0.05 | AG24: 0.05 | AH24: 0.05 | AI24: 0.05 | AJ24: 0.05 | AK24: 0.05 | AL24: 0.05 | AM24: 0.05 | AN24: 0.05 | AO24: 0.05 | AP24: 0.05 | AQ24: 0.05 | AR24: 0.05 | AS24: 0.05 | AT24: 0.05 | AU24: 0.05 | AV24: 0.05 | AW24: 0.05
B25: #FnumyearsA
B26: 42 # 43
B27: 43
B28: 0
B29: 28 # 29
B30: #FnumyearsL
B31: 0
B32: 0
B33: 37
B34: 0
B35: #Fageyears
B36: 1975 | C36: 1976 | D36: 1977 | E36: 1978 | F36: 1979 | G36: 1980 | H36: 1981 | I36: 1982 | J36: 1983 | K36: 1984 | L36: 1985 | M36: 1986 | N36: 1987 | O36: 1988 | P36: 1989 | Q36: 1990 | R36: 1991 | S36: 1992 | T36: 1993 | U36: 1994 | V36: 1995 | W36: 1996 | X36: 1997 | Y36: 1998 | Z36: 1999 | AA36: 2000 | AB36: 2001 | AC36: 2002 | AD36: 2003 | AE36: 2004 | AF36: 2005 | AG36: 2006 | AH36: 2007 | AI36: 2008 | AJ36: 2009 | AK36: 2010 | AL36: 2011 | AM36: 2012 | AN36: 2013 | AO36: 2014 | AP36: 2015 | AQ36: 2016 | AR36: # 2017
B37: 1975 | C37: 1976 | D37: 1977 | E37: 1978 | F37: 1979 | G37: 1980 | H37: 1981 | I37: 1982 | J37: 1983 | K37: 1984 | L37: 1985 | M37: 1986 | N37: 1987 | O37: 1988 | P37: 1989 | Q37: 1990 | R37: 1991 | S37: 1992 | T37: 1993 | U37: 1994 | V37: 1995 | W37: 1996 | X37: 1997 | Y37: 1998 | Z37: 1999 | AA37: 2000 | AB37: 2001 | AC37: 2002 | AD37: 2003 | AE37: 2004 | AF37: 2005 | AG37: 2006 | AH37: 2007 | AI37: 2008 | AJ37: 2009 | AK37: 2010 | AL37: 2011 | AM37: 2012 | AN37: 2013 | AO37: 2014 | AP37: 2015 | AQ37: 2016 | AR37: 2017
B38: 1979 | C38: 1980 | D38: 1981 | E38: 1982 | F38: 1983 | G38: 1984 | H38: 1985 | I38: 1986 | J38: 1987 | K38: 1988 | L38: 1989 | M38: 1990 | N38: 1991 | O38: 2000 | P38: 2001 | Q38: 2002 | R38: 2003 | S38: 2006 | T38: 2007 | U38: 2008 | V38: 2009 | W38: 2010 | X38: 2011 | Y38: 2012 | Z38: 2013 | AA38: 2014 | AB38: 2015 | AC38: 2016 | AD38: # 2017
B39: #Flengthyears
B40: 1980 | C40: 1981 | D40: 1982 | E40: 1983 | F40: 1984 | G40: 1985 | H40: 1986 | I40: 1987 | J40: 1988 | K40: 1989 | L40: 1990 | M40: 1991 | N40: 1992 | O40: 1993 | P40: 1994 | Q40: 1995 | R40: 1996 | S40: 1997 | T40: 1998 | U40: 1999 | V40: 2000 | W40: 2001 | X40: 2002 | Y40: 2003 | Z40: 2004 | AA40: 2005 | AB40: 2006 | AC40: 2007 | AD40: 2008 | AE40: 2009 | AF40: 2010 | AG40: 2011 | AH40: 2012 | AI40: 2013 | AJ40: 2014 | AK40: 2015 | AL40: 2016
B41: #Fagesample
B42: 20 | C42: 20 | D42: 20 | E42: 20 | F42: 20 | G42: 20 | H42: 20 | I42: 20 | J42: 20 | K42: 20 | L42: 20 | M42: 20 | N42: 20 | O42: 20 | P42: 20 | Q42: 20 | R42: 20 | S42: 20 | T42: 20 | U42: 20 | V42: 20 | W42: 20 | X42: 20 | Y42: 20 | Z42: 20 | AA42: 20 | AB42: 20 | AC42: 20 | AD42: 20 | AE42: 20 | AF42: 20 | AG42: 20 | AH42: 20 | AI42: 20 | AJ42: 20 | AK42: 20 | AL42: 20 | AM42: 20 | AN42: 20 | AO42: 20 | AP42: 20 | AQ42: 20 | AR42: # 20
B43: 50 | C43: 50 | D43: 50 | E43: 50 | F43: 50 | G43: 50 | H43: 50 | I43: 50 | J43: 50 | K43: 50 | L43: 50 | M43: 50 | N43: 50 | O43: 50 | P43: 50 | Q43: 50 | R43: 50 | S43: 50 | T43: 50 | U43: 50 | V43: 50 | W43: 50 | X43: 50 | Y43: 50 | Z43: 50 | AA43: 50 | AB43: 50 | AC43: 50 | AD43: 50 | AE43: 50 | AF43: 50 | AG43: 50 | AH43: 50 | AI43: 50 | AJ43: 50 | AK43: 50 | AL43: 50 | AM43: 50 | AN43: 50 | AO43: 50 | AP43: 50 | AQ43: 50 | AR43: 5
B44: 50 | C44: 50 | D44: 50 | E44: 50 | F44: 50 | G44: 50 | H44: 50 | I44: 50 | J44: 50 | K44: 50 | L44: 50 | M44: 50 | N44: 50 | O44: 30 | P44: 30 | Q44: 30 | R44: 30 | S44: 30 | T44: 30 | U44: 30 | V44: 30 | W44: 30 | X44: 30 | Y44: 30 | Z44: 30 | AA44: 30 | AB44: 30 | AC44: 30 | AD44: # 30
B45: #Flengthsample
B46: 30 | C46: 30 | D46: 30 | E46: 30 | F46: 30 | G46: 30 | H46: 30 | I46: 30 | J46: 30 | K46: 30 | L46: 30 | M46: 30 | N46: 30 | O46: 30 | P46: 30 | Q46: 30 | R46: 30 | S46: 30 | T46: 30 | U46: 30 | V46: 30 | W46: 30 | X46: 30 | Y46: 30 | Z46: 30 | AA46: 30 | AB46: 30 | AC46: 30 | AD46: 30 | AE46: 30 | AF46: 30 | AG46: 30 | AH46: 30 | AI46: 30 | AJ46: 30 | AK46: 30 | AL46: 30
B47: #Fagecomp
B48: 0 | C48: 4073 | D48: 13776 | E48: 44143 | F48: 60659 | G48: 166146 | H48: 171002 | I48: 81053 | J48: 29641 | K48: 8253 | L48: 4552 | M48: 1070
B49: 0 | C49: 27 | D49: 1676 | E49: 10342 | F49: 62211 | G49: 190616 | H49: 229530 | I49: 109553 | J49: 17356 | K49: 4612 | L49: 104 | M49: 0
B50: 122 | C50: 12767 | D50: 20036 | E50: 48155 | F50: 149760 | G50: 239459 | H50: 184136 | I50: 68069 | J50: 10018 | K50: 155 | L50: 0 | M50: 0
B51: 0 | C51: 5910 | D51: 92821 | E51: 171908 | F51: 149947 | G51: 99992 | H51: 274829 | I51: 227407 | J51: 75025 | K51: 11649 | L51: 99 | M51: 0
B52: 0 | C52: 0 | D52: 40320 | E52: 104406 | F52: 202313 | G52: 247236 | H52: 261704 | I52: 212251 | J52: 72124 | K52: 7503 | L52: 87 | M52: 0
B53: 0 | C53: 5663 | D53: 19209 | E53: 39611 | F53: 120365 | G53: 158767 | H53: 188736 | I53: 133955 | J53: 25201 | K53: 792 | L53: 0 | M53: 0
B54: 0 | C54: 0 | D54: 17592 | E54: 107026 | F54: 226852 | G54: 272757 | H54: 332572 | I54: 167387 | J54: 32014 | K54: 4135 | L54: 31 | M54: 0
B55: 0 | C55: 1674 | D55: 29021 | E55: 332623 | F55: 362536 | G55: 484944 | H55: 639872 | I55: 367034 | J55: 127157 | K55: 21795 | L55: 225 | M55: 0
B56: 0 | C56: 102 | D56: 1966 | E56: 49812 | F56: 151839 | G56: 222327 | H56: 205704 | I56: 103468 | J56: 21178 | K56: 556 | L56: 27 | M56: 0
B57: 0 | C57: 4148 | D57: 232259 | E57: 599923 | F57: 284517 | G57: 284809 | H57: 377052 | I57: 318705 | J57: 67881 | K57: 4009 | L57: 0 | M57: 0
B58: 0 | C58: 886 | D58: 53397 | E58: 255301 | F58: 400091 | G58: 427340 | H58: 252577 | I58: 73876 | J58: 12239 | K58: 1256 | L58: 0 | M58: 0
B59: 4646 | C59: 15143 | D59: 14153 | E59: 8069 | F59: 9791 | G59: 17324 | H59: 26790 | I59: 15727 | J59: 6358 | K59: 1078 | L59: 0 | M59: 0
... B89: 0 | C89: 0 | D89: 0.11949623 | E89: 0.19185401 | F89: 0.12836256 | G89: 0.21069755 | H89: 0.15136514 | I89: 0.081497641 | J89: 0.075119213 | K89: 0.026336113 | L89: 0.009888114 | M89: 0.005383425
B90: # 0 | C90: 0 | D90: 0.11953631 | E90: 0.19191836 | F90: 0.12840562 | G90: 0.21076822 | H90: 0.15141591 | I90: 0.081524975 | J90: 0.075144408 | K90: 0.026344946 | L90: 0.00989143 | M90: 0.005049835
B91: 0 | C91: 0 | D91: 355 | E91: 633 | F91: 2259 | G91: 7108 | H91: 11305 | I91: 10032 | J91: 5551 | K91: 1867 | L91: 999 | M91: 190
B92: 0 | C92: 1272 | D92: 364 | E92: 353 | F92: 1550 | G92: 17545 | H92: 45885 | I92: 38920 | J92: 18306 | K92: 2707 | L92: 37 | M92: 0
B93: 1 | C93: 223 | D93: 462 | E93: 5493 | F93: 19717 | G93: 34341 | H93: 61594 | I93: 47567 | J93: 7128 | K93: 684 | L93: 70 | M93: 4
B94: 0 | C94: 595 | D94: 4226 | E94: 20574 | F94: 70250 | G94: 115605 | H94: 96857 | I94: 45404 | J94: 12171 | K94: 1330 | L94: 0 | M94: 0
B95: 0 | C95: 20 | D95: 13439 | E95: 147552 | F95: 206176 | G95: 210012 | H95: 208192 | I95: 180490 | J95: 120831 | K95: 48163 | L95: 4206 | M95: 904
B96: 2152 | C96: 3996 | D96: 8314 | E96: 128820 | F96: 322829 | G96: 356395 | H96: 311998 | I96: 166713 | J96: 78325 | K96: 17706 | L96: 686 | M96: 995
B97: 0 | C97: 2419 | D97: 8973 | E97: 83655 | F97: 392031 | G97: 696981 | H97: 627159 | I97: 326988 | J97: 99193 | K97: 23220 | L97: 3581 | M97: 800
B98: 1324 | C98: 4221 | D98: 8889 | E98: 118067 | F98: 618244 | G98: 826235 | H98: 877968 | I98: 626789 | J98: 224844 | K98: 57471 | L98: 10391 | M98: 13914
B99: 1624 | C99: 98937 | D99: 191076 | E99: 314984 | F99: 749070 | G99: 1084641 | H99: 1113032 | I99: 548218 | J99: 207964 | K99: 30697 | L99: 3760 | M99: 1259
B100: 98 | C100: 7977 | D100: 190091 | E100: 357918 | F100: 447250 | G100: 985396 | H100: 1175198 | I100: 851961 | J100: 292315 | K100: 38931 | L100: 7977 | M100: 394
B101: 53 | C101: 889 | D101: 39763 | E101: 372792 | F101: 621888 | G101: 1131123 | H101: 1405139 | I101: 725890 | J101: 182303 | K101: 21926 | L101: 2839 | M101: 2111
B102: 7703 | C102: 32892 | D102: 50408 | E102: 254334 | F102: 720436 | G102: 1125301 | H102: 1563727 | I102: 833125 | J102: 141461 | K102: 12640 | L102: 1048 | M102: 651
... B161: 0 | C161: 0.017012139 | D161: 0.13048412 | E161: 0.20502442 | F161: 0.23870457 | G161: 0.17149799 | H161: 0.113947 | I161: 0.058575553 | J161: 0.033933892 | K161: 0.021002765 | L161: 0.002922093 | M161: 0.006895466
B162: # 0 | C162: 0 | D162: 0.014051333 | E162: 0.14690046 | F162: 0.18530098 | G162: 0.19901178 | H162: 0.10051017 | I162: 0.091748253 | J162: 0.089864284 | K162: 0.079140051 | L162: 0.059299454 | M162: 0.034173237
B163: #Flengthcomp
B164: 44 | C164: 59 | D164: 71 | E164: 59 | F164: 126 | G164: 67 | H164: 184 | I164: 105 | J164: 67 | K164: 50 | L164: 0 | M164: 0 | N164: 0 | O164: 33 | P164: 46 | Q164: 25 | R164: 9 | S164: 9 | T164: 50 | U164: 101 | V164: 134 | W164: 209 | X164: 318 | Y164: 471 | Z164: 419 | AA164: 343 | AB164: 251 | AC164: 184 | AD164: 134 | AE164: 84 | AF164: 50 | AG164: 33 | AH164: 33 | AI164: 29 | AJ164: 17 | AK164: 9 | AL164: 9 | AM164: 0 | AN164: 0 | AO164: 0 | AP164: 0
B165: 0 | C165: 0 | D165: 0 | E165: 0 | F165: 0 | G165: 0 | H165: 0 | I165: 0 | J165: 0 | K165: 0 | L165: 0 | M165: 0 | N165: 0 | O165: 0 | P165: 0 | Q165: 0 | R165: 6 | S165: 14 | T165: 28 | U165: 101 | V165: 129 | W165: 105 | X165: 109 | Y165: 112 | Z165: 105 | AA165: 87 | AB165: 78 | AC165: 62 | AD165: 50 | AE165: 36 | AF165: 34 | AG165: 22 | AH165: 20 | AI165: 17 | AJ165: 8 | AK165: 3 | AL165: 1 | AM165: 0 | AN165: 0 | AO165: 0 | AP165: 0
B166: 0 | C166: 23 | D166: 91 | E166: 272 | F166: 545 | G166: 545 | H166: 523 | I166: 477 | J166: 409 | K166: 432 | L166: 545 | M166: 364 | N166: 68 | O166: 23 | P166: 0 | Q166: 0 | R166: 0 | S166: 0 | T166: 45 | U166: 91 | V166: 136 | W166: 409 | X166: 795 | Y166: 1136 | Z166: 840 | AA166: 545 | AB166: 296 | AC166: 227 | AD166: 181 | AE166: 159 | AF166: 136 | AG166: 113 | AH166: 23 | AI166: 0 | AJ166: 0 | AK166: 0 | AL166: 0 | AM166: 0 | AN166: 0 | AO166: 0 | AP166: 0
B167: 0 | C167: 0 | D167: 0 | E167: 0 | F167: 0 | G167: 0 | H167: 0 | I167: 0 | J167: 0 | K167: 0 | L167: 0 | M167: 0 | N167: 0 | O167: 0 | P167: 0 | Q167: 22 | R167: 114 | S167: 137 | T167: 182 | U167: 206 | V167: 297 | W167: 707 | X167: 1426 | Y167: 1711 | Z167: 1426 | AA167: 1254 | AB167: 707 | AC167: 502 | AD167: 297 | AE167: 228 | AF167: 114 | AG167: 69 | AH167: 137 | AI167: 69 | AJ167: 22 | AK167: 46 | AL167: 22 | AM167: 0 | AN167: 0 | AO167: 0 | AP167: 0
B168: 0 | C168: 0 | D168: 0 | E168: 0 | F168: 0 | G168: 8 | H168: 16 | I168: 8 | J168: 4 | K168: 0 | L168: 4 | M168: 8 | N168: 41 | O168: 90 | P168: 160 | Q168: 340 | R168: 872 | S168: 1743 | T168: 2472 | U168: 3355 | V168: 3441 | W168: 3270 | X168: 4325 | Y168: 4657 | Z168: 4153 | AA168: 3245 | AB168: 2545 | AC168: 1731 | AD168: 1166 | AE168: 777 | AF168: 585 | AG168: 401 | AH168: 274 | AI168: 258 | AJ168: 209 | AK168: 147 | AL168: 217 | AM168: 147 | AN168: 123 | AO168: 45 | AP168: 0
B169: 0 | C169: 0 | D169: 0 | E169: 0 | F169: 0 | G169: 0 | H169: 0 | I169: 3 | J169: 6 | K169: 8 | L169: 16 | M169: 16 | N169: 19 | O169: 19 | P169: 22 | Q169: 31 | R169: 62 | S169: 136 | T169: 215 | U169: 399 | V169: 535 | W169: 615 | X169: 818 | Y169: 848 | Z169: 949 | AA169: 987 | AB169: 888 | AC169: 906 | AD169: 822 | AE169: 821 | AF169: 725 | AG169: 585 | AH169: 439 | AI169: 353 | AJ169: 277 | AK169: 259 | AL169: 242 | AM169: 179 | AN169: 199 | AO169: 150 | AP169: 0
B170: 3 | C170: 8 | D170: 18 | E170: 13 | F170: 13 | G170: 27 | H170: 39 | I170: 29 | J170: 14 | K170: 17 | L170: 24 | M170: 36 | N170: 51 | O170: 63 | P170: 64 | Q170: 67 | R170: 57 | S170: 37 | T170: 23 | U170: 17 | V170: 30 | W170: 53 | X170: 165 | Y170: 397 | Z170: 691 | AA170: 1066 | AB170: 1337 | AC170: 1260 | AD170: 1255 | AE170: 896 | AF170: 637 | AG170: 478 | AH170: 369 | AI170: 287 | AJ170: 257 | AK170: 207 | AL170: 195 | AM170: 141 | AN170: 140 | AO170: 109 | AP170: 0
B171: 2 | C171: 6 | D171: 8 | E171: 10 | F171: 6 | G171: 21 | H171: 52 | I171: 61 | J171: 43 | K171: 44 | L171: 74 | M171: 95 | N171: 106 | O171: 169 | P171: 254 | Q171: 395 | R171: 533 | S171: 830 | T171: 1110 | U171: 1215 | V171: 1071 | W171: 861 | X171: 537 | Y171: 337 | Z171: 249 | AA171: 308 | AB171: 376 | AC171: 408 | AD171: 335 | AE171: 213 | AF171: 200 | AG171: 160 | AH171: 130 | AI171: 92 | AJ171: 61 | AK171: 44 | AL171: 19 | AM171: 10 | AN171: 7 | AO171: 8 | AP171: 0
B172: 0 | C172: 0 | D172: 0 | E172: 0 | F172: 0 | G172: 0 | H172: 0 | I172: 4 | J172: 22 | K172: 60 | L172: 73 | M172: 95 | N172: 186 | O172: 354 | P172: 739 | Q172: 1663 | R172: 2985 | S172: 3961 | T172: 4250 | U172: 3615 | V172: 2985 | W172: 2134 | X172: 1559 | Y172: 1378 | Z172: 1309 | AA172: 1304 | AB172: 1266 | AC172: 1136 | AD172: 981 | AE172: 1019 | AF172: 972 | AG172: 1149 | AH172: 1058 | AI172: 1045 | AJ172: 1088 | AK172: 1145 | AL172: 1045 | AM172: 747 | AN172: 596 | AO172: 354 | AP172: 0
B173: 0 | C173: 0 | D173: 0 | E173: 0 | F173: 0 | G173: 0 | H173: 0 | I173: 0 | J173: 0 | K173: 7 | L173: 179 | M173: 365 | N173: 3204 | O173: 4837 | P173: 2294 | Q173: 2723 | R173: 1988 | S173: 1212 | T173: 877 | U173: 1009 | V173: 1157 | W173: 1309 | X173: 2110 | Y173: 2874 | Z173: 3570 | AA173: 3979 | AB173: 3959 | AC173: 2848 | AD173: 2080 | AE173: 1295 | AF173: 705 | AG173: 498 | AH173: 386 | AI173: 297 | AJ173: 260 | AK173: 251 | AL173: 260 | AM173: 237 | AN173: 191 | AO173: 185 | AP173: 0
B174: 0 | C174: 0 | D174: 0 | E174: 0 | F174: 0 | G174: 0 | H174: 0 | I174: 0 | J174: 0 | K174: 0 | L174: 22 | M174: 45 | N174: 90 | O174: 90 | P174: 127 | Q174: 187 | R174: 247 | S174: 284 | T174: 486 | U174: 860 | V174: 1533 | W174: 2326 | X174: 3373 | Y174: 4548 | Z174: 5221 | AA174: 6769 | AB174: 8579 | AC174: 9410 | AD174: 7353 | AE174: 6119 | AF174: 4473 | AG174: 3194 | AH174: 2409 | AI174: 1855 | AJ174: 1279 | AK174: 808 | AL174: 554 | AM174: 292 | AN174: 202 | AO174: 90 | AP174: 0
B175: 0 | C175: 0 | D175: 0 | E175: 3 | F175: 0 | G175: 13 | H175: 62 | I175: 112 | J175: 85 | K175: 102 | L175: 131 | M175: 99 | N175: 118 | O175: 927 | P175: 2308 | Q175: 1107 | R175: 686 | S175: 628 | T175: 658 | U175: 813 | V175: 1134 | W175: 1749 | X175: 2249 | Y175: 2786 | Z175: 2851 | AA175: 3441 | AB175: 4354 | AC175: 4262 | AD175: 3939 | AE175: 3496 | AF175: 2993 | AG175: 1877 | AH175: 1405 | AI175: 1469 | AJ175: 1237 | AK175: 1167 | AL175: 1130 | AM175: 864 | AN175: 687 | AO175: 616 | AP175: 504
... B200: 0 | C200: 0 | D200: 0 | E200: 0 | F200: 0 | G200: 0 | H200: 0 | I200: 3.9603821 | J200: 41.79291 | K200: 63.592828 | L200: 172.9608 | M200: 438.05057 | N200: 1094.57 | O200: 2353.8653 | P200: 2871.8253 | Q200: 2719.8594 | R200: 2936.9743 | S200: 3425.417 | T200: 3244.0167 | U200: 3366.1927 | V200: 3408.4992 | W200: 3683.6381 | X200: 3378.7434 | Y200: 3121.8507 | Z200: 2803.6438 | AA200: 2203.72 | AB200: 1289.14 | AC200: 711.14531 | AD200: 416.94473 | AE200: 214.03756 | AF200: 189.81496 | AG200: 136.12373 | AH200: 31.61674 | AI200: 18.428505 | AJ200: 7.5271921 | AK200: 5.6703593 | AL200: 9.5748193 | AM200: 5.6064344 | AN200: 0.57712668 | AO200: 0 | AP200: 0
B201: #Fwtatage
B202: 0.05 | C202: 0.089 | D202: 0.129 | E202: 0.189 | F202: 0.248 | G202: 0.313 | H202: 0.396 | I202: 0.488 | J202: 0.584 | K202: 0.728 | L202: 0.88 | M202: 1.115
B203: 0.05 | C203: 0.089 | D203: 0.129 | E203: 0.189 | F203: 0.248 | G203: 0.313 | H203: 0.396 | I203: 0.488 | J203: 0.584 | K203: 0.728 | L203: 0.88 | M203: 1.115
B204: 0.05 | C204: 0.089 | D204: 0.129 | E204: 0.189 | F204: 0.248 | G204: 0.313 | H204: 0.396 | I204: 0.488 | J204: 0.584 | K204: 0.728 | L204: 0.88 | M204: 1.115
B205: 0.05 | C205: 0.089 | D205: 0.129 | E205: 0.189 | F205: 0.248 | G205: 0.313 | H205: 0.396 | I205: 0.488 | J205: 0.584 | K205: 0.728 | L205: 0.88 | M205: 1.115
B206: 0.05 | C206: 0.089 | D206: 0.129 | E206: 0.189 | F206: 0.248 | G206: 0.313 | H206: 0.396 | I206: 0.488 | J206: 0.584 | K206: 0.728 | L206: 0.88 | M206: 1.115
B207: 0.05 | C207: 0.089 | D207: 0.129 | E207: 0.189 | F207: 0.248 | G207: 0.313 | H207: 0.396 | I207: 0.488 | J207: 0.584 | K207: 0.728 | L207: 0.88 | M207: 1.115
B208: 0.05 | C208: 0.089 | D208: 0.129 | E208: 0.189 | F208: 0.248 | G208: 0.313 | H208: 0.396 | I208: 0.488 | J208: 0.584 | K208: 0.728 | L208: 0.88 | M208: 1.115
B209: 0.05 | C209: 0.089 | D209: 0.129 | E209: 0.189 | F209: 0.248 | G209: 0.313 | H209: 0.396 | I209: 0.488 | J209: 0.584 | K209: 0.728 | L209: 0.88 | M209: 1.115
B210: 0.05 | C210: 0.105 | D210: 0.124 | E210: 0.163 | F210: 0.204 | G210: 0.314 | H210: 0.369 | I210: 0.405 | J210: 0.434 | K210: 0.453 | L210: 0.59 | M210: 1.115
B211: 0.05 | C211: 0.108 | D211: 0.163 | E211: 0.179 | F211: 0.217 | G211: 0.274 | H211: 0.37 | I211: 0.42 | J211: 0.474 | K211: 0.629 | L211: 0.633 | M211: 1.115
...

Sheet Mod1.6.dat
B1: #years Data file w/ new offshore CPUE (GAM) and downweighted Russian CPUE
B2: 1970
B3: 2017
B4: #ages
B5: 1
B6: 12
B7: #nbins
B8: 41
B9: #lengthbin
B10: 10 | C10: 11 | D10: 12 | E10: 13 | F10: 14 | G10: 15 | H10: 16 | I10: 17 | J10: 18 | K10: 19 | L10: 20 | M10: 21 | N10: 22 | O10: 23 | P10: 24 | Q10: 25 | R10: 26 | S10: 27 | T10: 28 | U10: 29 | V10: 30 | W10: 31 | X10: 32 | Y10: 33 | Z10: 34 | AA10: 35 | AB10: 36 | AC10: 37 | AD10: 38 | AE10: 39 | AF10: 40 | AG10: 41 | AH10: 42 | AI10: 43 | AJ10: 44 | AK10: 45 | AL10: 46 | AM10: 47 | AN10: 48 | AO10: 49 | AP10: 50
B11: #Fnum
B12: 4
B13: #Fnames
B14: N_Chile%SC_Chile_PS%FarNorth%Offshore_Trawl
B15: #Fcaton
B16: 101.69 | C16: 143.45 | D16: 64.46 | E16: 83.2 | F16: 164.76 | G16: 207.33 | H16: 257.7 | I16: 226.23 | J16: 398.41 | K16: 344.05 | L16: 288.81 | M16: 474.82 | N16: 789.91 | O16: 301.93 | P16: 727 | Q16: 511.15 | R16: 55.21 | S16: 313.31 | T16: 325.46 | U16: 338.6 | V16: 323.09 | W16: 346.25 | X16: 304.24 | Y16: 379.47 | Z16: 222.25 | AA16: 230.18 | AB16: 278.44 | AC16: 104.2 | AD16: 30.27 | AE16: 55.65 | AF16: 118.73 | AG16: 248.1 | AH16: 108.73 | AI16: 143.28 | AJ16: 158.66 | AK16: 165.63 | AL16: 155.26 | AM16: 172.701 | AN16: 167.258 | AO16: 134.022 | AP16: 169.012 | AQ16: 30.825 | AR16: 13.256 | AS16: 16.361 | AT16: 18.219 | AU16: 34.886 | AV16: 24.657 | AW16: 35.002
B17: 10.31 | C17: 14.99 | D17: 22.55 | E17: 38.39 | F17: 28.75 | G17: 53.88 | H17: 84.57 | I17: 114.57 | J17: 188.27 | K17: 253.46 | L17: 273.45 | M17: 586.09 | N17: 704.77 | O17: 563.34 | P17: 699.3 | Q17: 945.84 | R17: 1129.11 | S17: 1456.73 | T17: 1812.79 | U17: 2051.52 | V17: 2148.79 | W17: 2674.27 | X17: 2907.82 | Y17: 2856.78 | Z17: 3819.19 | AA17: 4174.02 | AB17: 3604.89 | AC17: 2812.87 | AD17: 1582.64 | AE17: 1164.04 | AF17: 1115.57 | AG17: 1401.84 | AH17: 1410.27 | AI17: 1278.02 | AJ17: 1292.94 | AK17: 1264.81 | AL17: 1224.69 | AM17: 1130.083 | AN17: 728.85 | AO17: 700.905 | AP17: 295.796 | AQ17: 216.47 | AR17: 214.204 | AS17: 214.999 | AT17: 254.295 | AU17: 250.327 | AV17: 295.16 | AW17: 311.863
B18: 4.71 | C18: 9.19 | D18: 18.78 | E18: 42.78 | F18: 129.21 | G18: 37.9 | H18: 54.15 | I18: 504.99 | J18: 386.79 | K18: 333.81 | L18: 414.3 | M18: 445.64 | N18: 143.72 | O18: 110.69 | P18: 200.67 | Q18: 114.62 | R18: 51.03 | S18: 46.3 | T18: 244.23 | U18: 316.25 | V18: 370.82 | W18: 213.45 | X18: 111.68 | Y18: 133.35 | Z18: 233.35 | AA18: 550.99 | AB18: 495.52 | AC18: 680.05 | AD18: 412.85 | AE18: 203.75 | AF18: 303.7 | AG18: 857.74 | AH18: 154.82 | AI18: 217.73 | AJ18: 187.37 | AK18: 80.66 | AL18: 277.57 | AM18: 255.36 | AN18: 169.537 | AO18: 76.629 | AP18: 22.172 | AQ18: 326.394 | AR18: 187.396 | AS18: 80.586 | AT18: 74.532 | AU18: 22.447 | AV18: 15.088 | AW18: 5.186
B19: 0 | C19: 0 | D19: 5.5 | E19: 0 | F19: 0 | G19: 0 | H19: 0.04 | I19: 2.27 | J19: 51.29 | K19: 370.29 | L19: 339.8 | M19: 438.12 | N19: 733.2 | O19: 894.3 | P19: 1059.93 | Q19: 799.32 | R19: 837.5 | S19: 863.42 | T19: 863.22 | U19: 875.82 | V19: 872.06 | W19: 543.66 | X19: 37.93 | Y19: 0 | Z19: 0 | AA19: 0 | AB19: 0 | AC19: 0 | AD19: 0 | AE19: 0.01 | AF19: 2.32 | AG19: 20.09 | AH19: 76.26 | AI19: 158.2 | AJ19: 295.44 | AK19: 243.58 | AL19: 362.63 | AM19: 438.8306 | AN19: 406.9864 | AO19: 371.9176 | AP19: 239.593 | AQ19: 60.89131 | AR19: 39.91786 | AS19: 41.177 | AT19: 63.652 | AU19: 86.717 | AV19: 53.671 | AW19: 50
B20: #Fcatonerr
B21: 0.05 | C21: 0.05 | D21: 0.05 | E21: 0.05 | F21: 0.05 | G21: 0.05 | H21: 0.05 | I21: 0.05 | J21: 0.05 | K21: 0.05 | L21: 0.05 | M21: 0.05 | N21: 0.05 | O21: 0.05 | P21: 0.05 | Q21: 0.05 | R21: 0.05 | S21: 0.05 | T21: 0.05 | U21: 0.05 | V21: 0.05 | W21: 0.05 | X21: 0.05 | Y21: 0.05 | Z21: 0.05 | AA21: 0.05 | AB21: 0.05 | AC21: 0.05 | AD21: 0.05 | AE21: 0.05 | AF21: 0.05 | AG21: 0.05 | AH21: 0.05 | AI21: 0.05 | AJ21: 0.05 | AK21: 0.05 | AL21: 0.05 | AM21: 0.05 | AN21: 0.05 | AO21: 0.05 | AP21: 0.05 | AQ21: 0.05 | AR21: 0.05 | AS21: 0.05 | AT21: 0.05 | AU21: 0.05 | AV21: 0.05 | AW21: 0.05
B22: 0.05 | C22: 0.05 | D22: 0.05 | E22: 0.05 | F22: 0.05 | G22: 0.05 | H22: 0.05 | I22: 0.05 | J22: 0.05 | K22: 0.05 | L22: 0.05 | M22: 0.05 | N22: 0.05 | O22: 0.05 | P22: 0.05 | Q22: 0.05 | R22: 0.05 | S22: 0.05 | T22: 0.05 | U22: 0.05 | V22: 0.05 | W22: 0.05 | X22: 0.05 | Y22: 0.05 | Z22: 0.05 | AA22: 0.05 | AB22: 0.05 | AC22: 0.05 | AD22: 0.05 | AE22: 0.05 | AF22: 0.05 | AG22: 0.05 | AH22: 0.05 | AI22: 0.05 | AJ22: 0.05 | AK22: 0.05 | AL22: 0.05 | AM22: 0.05 | AN22: 0.05 | AO22: 0.05 | AP22: 0.05 | AQ22: 0.05 | AR22: 0.05 | AS22: 0.05 | AT22: 0.05 | AU22: 0.05 | AV22: 0.05 | AW22: 0.05
B23: 0.05 | C23: 0.05 | D23: 0.05 | E23: 0.05 | F23: 0.05 | G23: 0.05 | H23: 0.05 | I23: 0.05 | J23: 0.05 | K23: 0.05 | L23: 0.05 | M23: 0.05 | N23: 0.05 | O23: 0.05 | P23: 0.05 | Q23: 0.05 | R23: 0.05 | S23: 0.05 | T23: 0.05 | U23: 0.05 | V23: 0.05 | W23: 0.05 | X23: 0.05 | Y23: 0.05 | Z23: 0.05 | AA23: 0.05 | AB23: 0.05 | AC23: 0.05 | AD23: 0.05 | AE23: 0.05 | AF23: 0.05 | AG23: 0.05 | AH23: 0.05 | AI23: 0.05 | AJ23: 0.05 | AK23: 0.05 | AL23: 0.05 | AM23: 0.05 | AN23: 0.05 | AO23: 0.05 | AP23: 0.05 | AQ23: 0.05 | AR23: 0.05 | AS23: 0.05 | AT23: 0.05 | AU23: 0.05 | AV23: 0.05 | AW23: 0.05
B24: 0.05 | C24: 0.05 | D24: 0.05 | E24: 0.05 | F24: 0.05 | G24: 0.05 | H24: 0.05 | I24: 0.05 | J24: 0.05 | K24: 0.05 | L24: 0.05 | M24: 0.05 | N24: 0.05 | O24: 0.05 | P24: 0.05 | Q24: 0.05 | R24: 0.05 | S24: 0.05 | T24: 0.05 | U24: 0.05 | V24: 0.05 | W24: 0.05 | X24: 0.05 | Y24: 0.05 | Z24: 0.05 | AA24: 0.05 | AB24: 0.05 | AC24: 0.05 | AD24: 0.05 | AE24: 0.05 | AF24: 0.05 | AG24: 0.05 | AH24: 0.05 | AI24: 0.05 | AJ24: 0.05 | AK24: 0.05 | AL24: 0.05 | AM24: 0.05 | AN24: 0.05 | AO24: 0.05 | AP24: 0.05 | AQ24: 0.05 | AR24: 0.05 | AS24: 0.05 | AT24: 0.05 | AU24: 0.05 | AV24: 0.05 | AW24: 0.05
B25: #FnumyearsA
B26: 42 # 43
B27: 43
B28: 0
B29: 28 # 29
B30: #FnumyearsL
B31: 0
B32: 0
B33: 37
B34: 0
B35: #Fageyears
B36: 1975 | C36: 1976 | D36: 1977 | E36: 1978 | F36: 1979 | G36: 1980 | H36: 1981 | I36: 1982 | J36: 1983 | K36: 1984 | L36: 1985 | M36: 1986 | N36: 1987 | O36: 1988 | P36: 1989 | Q36: 1990 | R36: 1991 | S36: 1992 | T36: 1993 | U36: 1994 | V36: 1995 | W36: 1996 | X36: 1997 | Y36: 1998 | Z36: 1999 | AA36: 2000 | AB36: 2001 | AC36: 2002 | AD36: 2003 | AE36: 2004 | AF36: 2005 | AG36: 2006 | AH36: 2007 | AI36: 2008 | AJ36: 2009 | AK36: 2010 | AL36: 2011 | AM36: 2012 | AN36: 2013 | AO36: 2014 | AP36: 2015 | AQ36: 2016 | AR36: # 2017
B37: 1975 | C37: 1976 | D37: 1977 | E37: 1978 | F37: 1979 | G37: 1980 | H37: 1981 | I37: 1982 | J37: 1983 | K37: 1984 | L37: 1985 | M37: 1986 | N37: 1987 | O37: 1988 | P37: 1989 | Q37: 1990 | R37: 1991 | S37: 1992 | T37: 1993 | U37: 1994 | V37: 1995 | W37: 1996 | X37: 1997 | Y37: 1998 | Z37: 1999 | AA37: 2000 | AB37: 2001 | AC37: 2002 | AD37: 2003 | AE37: 2004 | AF37: 2005 | AG37: 2006 | AH37: 2007 | AI37: 2008 | AJ37: 2009 | AK37: 2010 | AL37: 2011 | AM37: 2012 | AN37: 2013 | AO37: 2014 | AP37: 2015 | AQ37: 2016 | AR37: 2017
B38: 1979 | C38: 1980 | D38: 1981 | E38: 1982 | F38: 1983 | G38: 1984 | H38: 1985 | I38: 1986 | J38: 1987 | K38: 1988 | L38: 1989 | M38: 1990 | N38: 1991 | O38: 2000 | P38: 2001 | Q38: 2002 | R38: 2003 | S38: 2006 | T38: 2007 | U38: 2008 | V38: 2009 | W38: 2010 | X38: 2011 | Y38: 2012 | Z38: 2013 | AA38: 2014 | AB38: 2015 | AC38: 2016 | AD38: # 2017
B39: #Flengthyears
B40: 1980 | C40: 1981 | D40: 1982 | E40: 1983 | F40: 1984 | G40: 1985 | H40: 1986 | I40: 1987 | J40: 1988 | K40: 1989 | L40: 1990 | M40: 1991 | N40: 1992 | O40: 1993 | P40: 1994 | Q40: 1995 | R40: 1996 | S40: 1997 | T40: 1998 | U40: 1999 | V40: 2000 | W40: 2001 | X40: 2002 | Y40: 2003 | Z40: 2004 | AA40: 2005 | AB40: 2006 | AC40: 2007 | AD40: 2008 | AE40: 2009 | AF40: 2010 | AG40: 2011 | AH40: 2012 | AI40: 2013 | AJ40: 2014 | AK40: 2015 | AL40: 2016
B41: #Fagesample
B42: 20 | C42: 20 | D42: 20 | E42: 20 | F42: 20 | G42: 20 | H42: 20 | I42: 20 | J42: 20 | K42: 20 | L42: 20 | M42: 20 | N42: 20 | O42: 20 | P42: 20 | Q42: 20 | R42: 20 | S42: 20 | T42: 20 | U42: 20 | V42: 20 | W42: 20 | X42: 20 | Y42: 20 | Z42: 20 | AA42: 20 | AB42: 20 | AC42: 20 | AD42: 20 | AE42: 20 | AF42: 20 | AG42: 20 | AH42: 20 | AI42: 20 | AJ42: 20 | AK42: 20 | AL42: 20 | AM42: 20 | AN42: 20 | AO42: 20 | AP42: 20 | AQ42: 20 | AR42: # 20
B43: 50 | C43: 50 | D43: 50 | E43: 50 | F43: 50 | G43: 50 | H43: 50 | I43: 50 | J43: 50 | K43: 50 | L43: 50 | M43: 50 | N43: 50 | O43: 50 | P43: 50 | Q43: 50 | R43: 50 | S43: 50 | T43: 50 | U43: 50 | V43: 50 | W43: 50 | X43: 50 | Y43: 50 | Z43: 50 | AA43: 50 | AB43: 50 | AC43: 50 | AD43: 50 | AE43: 50 | AF43: 50 | AG43: 50 | AH43: 50 | AI43: 50 | AJ43: 50 | AK43: 50 | AL43: 50 | AM43: 50 | AN43: 50 | AO43: 50 | AP43: 50 | AQ43: 50 | AR43: 5
B44: 50 | C44: 50 | D44: 50 | E44: 50 | F44: 50 | G44: 50 | H44: 50 | I44: 50 | J44: 50 | K44: 50 | L44: 50 | M44: 50 | N44: 50 | O44: 30 | P44: 30 | Q44: 30 | R44: 30 | S44: 30 | T44: 30 | U44: 30 | V44: 30 | W44: 30 | X44: 30 | Y44: 30 | Z44: 30 | AA44: 30 | AB44: 30 | AC44: 30 | AD44: # 30
B45: #Flengthsample
B46: 30 | C46: 30 | D46: 30 | E46: 30 | F46: 30 | G46: 30 | H46: 30 | I46: 30 | J46: 30 | K46: 30 | L46: 30 | M46: 30 | N46: 30 | O46: 30 | P46: 30 | Q46: 30 | R46: 30 | S46: 30 | T46: 30 | U46: 30 | V46: 30 | W46: 30 | X46: 30 | Y46: 30 | Z46: 30 | AA46: 30 | AB46: 30 | AC46: 30 | AD46: 30 | AE46: 30 | AF46: 30 | AG46: 30 | AH46: 30 | AI46: 30 | AJ46: 30 | AK46: 30 | AL46: 30
B47: #Fagecomp
B48: 0 | C48: 4073 | D48: 13776 | E48: 44143 | F48: 60659 | G48: 166146 | H48: 171002 | I48: 81053 | J48: 29641 | K48: 8253 | L48: 4552 | M48: 1070
B49: 0 | C49: 27 | D49: 1676 | E49: 10342 | F49: 62211 | G49: 190616 | H49: 229530 | I49: 109553 | J49: 17356 | K49: 4612 | L49: 104 | M49: 0
B50: 122 | C50: 12767 | D50: 20036 | E50: 48155 | F50: 149760 | G50: 239459 | H50: 184136 | I50: 68069 | J50: 10018 | K50: 155 | L50: 0 | M50: 0
B51: 0 | C51: 5910 | D51: 92821 | E51: 171908 | F51: 149947 | G51: 99992 | H51: 274829 | I51: 227407 | J51: 75025 | K51: 11649 | L51: 99 | M51: 0
B52: 0 | C52: 0 | D52: 40320 | E52: 104406 | F52: 202313 | G52: 247236 | H52: 261704 | I52: 212251 | J52: 72124 | K52: 7503 | L52: 87 | M52: 0
B53: 0 | C53: 5663 | D53: 19209 | E53: 39611 | F53: 120365 | G53: 158767 | H53: 188736 | I53: 133955 | J53: 25201 | K53: 792 | L53: 0 | M53: 0
B54: 0 | C54: 0 | D54: 17592 | E54: 107026 | F54: 226852 | G54: 272757 | H54: 332572 | I54: 167387 | J54: 32014 | K54: 4135 | L54: 31 | M54: 0
B55: 0 | C55: 1674 | D55: 29021 | E55: 332623 | F55: 362536 | G55: 484944 | H55: 639872 | I55: 367034 | J55: 127157 | K55: 21795 | L55: 225 | M55: 0
B56: 0 | C56: 102 | D56: 1966 | E56: 49812 | F56: 151839 | G56: 222327 | H56: 205704 | I56: 103468 | J56: 21178 | K56: 556 | L56: 27 | M56: 0
B57: 0 | C57: 4148 | D57: 232259 | E57: 599923 | F57: 284517 | G57: 284809 | H57: 377052 | I57: 318705 | J57: 67881 | K57: 4009 | L57: 0 | M57: 0
B58: 0 | C58: 886 | D58: 53397 | E58: 255301 | F58: 400091 | G58: 427340 | H58: 252577 | I58: 73876 | J58: 12239 | K58: 1256 | L58: 0 | M58: 0
B59: 4646 | C59: 15143 | D59: 14153 | E59: 8069 | F59: 9791 | G59: 17324 | H59: 26790 | I59: 15727 | J59: 6358 | K59: 1078 | L59: 0 | M59: 0
... B89: 0 | C89: 0 | D89: 0.11949623 | E89: 0.19185401 | F89: 0.12836256 | G89: 0.21069755 | H89: 0.15136514 | I89: 0.081497641 | J89: 0.075119213 | K89: 0.026336113 | L89: 0.009888114 | M89: 0.005383425
B90: # 0 | C90: 0 | D90: 0.11953631 | E90: 0.19191836 | F90: 0.12840562 | G90: 0.21076822 | H90: 0.15141591 | I90: 0.081524975 | J90: 0.075144408 | K90: 0.026344946 | L90: 0.00989143 | M90: 0.005049835
B91: 0 | C91: 0 | D91: 355 | E91: 633 | F91: 2259 | G91: 7108 | H91: 11305 | I91: 10032 | J91: 5551 | K91: 1867 | L91: 999 | M91: 190
B92: 0 | C92: 1272 | D92: 364 | E92: 353 | F92: 1550 | G92: 17545 | H92: 45885 | I92: 38920 | J92: 18306 | K92: 2707 | L92: 37 | M92: 0
B93: 1 | C93: 223 | D93: 462 | E93: 5493 | F93: 19717 | G93: 34341 | H93: 61594 | I93: 47567 | J93: 7128 | K93: 684 | L93: 70 | M93: 4
B94: 0 | C94: 595 | D94: 4226 | E94: 20574 | F94: 70250 | G94: 115605 | H94: 96857 | I94: 45404 | J94: 12171 | K94: 1330 | L94: 0 | M94: 0
B95: 0 | C95: 20 | D95: 13439 | E95: 147552 | F95: 206176 | G95: 210012 | H95: 208192 | I95: 180490 | J95: 120831 | K95: 48163 | L95: 4206 | M95: 904
B96: 2152 | C96: 3996 | D96: 8314 | E96: 128820 | F96: 322829 | G96: 356395 | H96: 311998 | I96: 166713 | J96: 78325 | K96: 17706 | L96: 686 | M96: 995
B97: 0 | C97: 2419 | D97: 8973 | E97: 83655 | F97: 392031 | G97: 696981 | H97: 627159 | I97: 326988 | J97: 99193 | K97: 23220 | L97: 3581 | M97: 800
B98: 1324 | C98: 4221 | D98: 8889 | E98: 118067 | F98: 618244 | G98: 826235 | H98: 877968 | I98: 626789 | J98: 224844 | K98: 57471 | L98: 10391 | M98: 13914
B99: 1624 | C99: 98937 | D99: 191076 | E99: 314984 | F99: 749070 | G99: 1084641 | H99: 1113032 | I99: 548218 | J99: 207964 | K99: 30697 | L99: 3760 | M99: 1259
B100: 98 | C100: 7977 | D100: 190091 | E100: 357918 | F100: 447250 | G100: 985396 | H100: 1175198 | I100: 851961 | J100: 292315 | K100: 38931 | L100: 7977 | M100: 394
B101: 53 | C101: 889 | D101: 39763 | E101: 372792 | F101: 621888 | G101: 1131123 | H101: 1405139 | I101: 725890 | J101: 182303 | K101: 21926 | L101: 2839 | M101: 2111
B102: 7703 | C102: 32892 | D102: 50408 | E102: 254334 | F102: 720436 | G102: 1125301 | H102: 1563727 | I102: 833125 | J102: 141461 | K102: 12640 | L102: 1048 | M102: 651
... B161: 0 | C161: 0.017012139 | D161: 0.13048412 | E161: 0.20502442 | F161: 0.23870457 | G161: 0.17149799 | H161: 0.113947 | I161: 0.058575553 | J161: 0.033933892 | K161: 0.021002765 | L161: 0.002922093 | M161: 0.006895466
B162: # 0 | C162: 0 | D162: 0.014051333 | E162: 0.14690046 | F162: 0.18530098 | G162: 0.19901178 | H162: 0.10051017 | I162: 0.091748253 | J162: 0.089864284 | K162: 0.079140051 | L162: 0.059299454 | M162: 0.034173237
B163: #Flengthcomp
B164: 44 | C164: 59 | D164: 71 | E164: 59 | F164: 126 | G164: 67 | H164: 184 | I164: 105 | J164: 67 | K164: 50 | L164: 0 | M164: 0 | N164: 0 | O164: 33 | P164: 46 | Q164: 25 | R164: 9 | S164: 9 | T164: 50 | U164: 101 | V164: 134 | W164: 209 | X164: 318 | Y164: 471 | Z164: 419 | AA164: 343 | AB164: 251 | AC164: 184 | AD164: 134 | AE164: 84 | AF164: 50 | AG164: 33 | AH164: 33 | AI164: 29 | AJ164: 17 | AK164: 9 | AL164: 9 | AM164: 0 | AN164: 0 | AO164: 0 | AP164: 0
B165: 0 | C165: 0 | D165: 0 | E165: 0 | F165: 0 | G165: 0 | H165: 0 | I165: 0 | J165: 0 | K165: 0 | L165: 0 | M165: 0 | N165: 0 | O165: 0 | P165: 0 | Q165: 0 | R165: 6 | S165: 14 | T165: 28 | U165: 101 | V165: 129 | W165: 105 | X165: 109 | Y165: 112 | Z165: 105 | AA165: 87 | AB165: 78 | AC165: 62 | AD165: 50 | AE165: 36 | AF165: 34 | AG165: 22 | AH165: 20 | AI165: 17 | AJ165: 8 | AK165: 3 | AL165: 1 | AM165: 0 | AN165: 0 | AO165: 0 | AP165: 0
B166: 0 | C166: 23 | D166: 91 | E166: 272 | F166: 545 | G166: 545 | H166: 523 | I166: 477 | J166: 409 | K166: 432 | L166: 545 | M166: 364 | N166: 68 | O166: 23 | P166: 0 | Q166: 0 | R166: 0 | S166: 0 | T166: 45 | U166: 91 | V166: 136 | W166: 409 | X166: 795 | Y166: 1136 | Z166: 840 | AA166: 545 | AB166: 296 | AC166: 227 | AD166: 181 | AE166: 159 | AF166: 136 | AG166: 113 | AH166: 23 | AI166: 0 | AJ166: 0 | AK166: 0 | AL166: 0 | AM166: 0 | AN166: 0 | AO166: 0 | AP166: 0
B167: 0 | C167: 0 | D167: 0 | E167: 0 | F167: 0 | G167: 0 | H167: 0 | I167: 0 | J167: 0 | K167: 0 | L167: 0 | M167: 0 | N167: 0 | O167: 0 | P167: 0 | Q167: 22 | R167: 114 | S167: 137 | T167: 182 | U167: 206 | V167: 297 | W167: 707 | X167: 1426 | Y167: 1711 | Z167: 1426 | AA167: 1254 | AB167: 707 | AC167: 502 | AD167: 297 | AE167: 228 | AF167: 114 | AG167: 69 | AH167: 137 | AI167: 69 | AJ167: 22 | AK167: 46 | AL167: 22 | AM167: 0 | AN167: 0 | AO167: 0 | AP167: 0
B168: 0 | C168: 0 | D168: 0 | E168: 0 | F168: 0 | G168: 8 | H168: 16 | I168: 8 | J168: 4 | K168: 0 | L168: 4 | M168: 8 | N168: 41 | O168: 90 | P168: 160 | Q168: 340 | R168: 872 | S168: 1743 | T168: 2472 | U168: 3355 | V168: 3441 | W168: 3270 | X168: 4325 | Y168: 4657 | Z168: 4153 | AA168: 3245 | AB168: 2545 | AC168: 1731 | AD168: 1166 | AE168: 777 | AF168: 585 | AG168: 401 | AH168: 274 | AI168: 258 | AJ168: 209 | AK168: 147 | AL168: 217 | AM168: 147 | AN168: 123 | AO168: 45 | AP168: 0
B169: 0 | C169: 0 | D169: 0 | E169: 0 | F169: 0 | G169: 0 | H169: 0 | I169: 3 | J169: 6 | K169: 8 | L169: 16 | M169: 16 | N169: 19 | O169: 19 | P169: 22 | Q169: 31 | R169: 62 | S169: 136 | T169: 215 | U169: 399 | V169: 535 | W169: 615 | X169: 818 | Y169: 848 | Z169: 949 | AA169: 987 | AB169: 888 | AC169: 906 | AD169: 822 | AE169: 821 | AF169: 725 | AG169: 585 | AH169: 439 | AI169: 353 | AJ169: 277 | AK169: 259 | AL169: 242 | AM169: 179 | AN169: 199 | AO169: 150 | AP169: 0
B170: 3 | C170: 8 | D170: 18 | E170: 13 | F170: 13 | G170: 27 | H170: 39 | I170: 29 | J170: 14 | K170: 17 | L170: 24 | M170: 36 | N170: 51 | O170: 63 | P170: 64 | Q170: 67 | R170: 57 | S170: 37 | T170: 23 | U170: 17 | V170: 30 | W170: 53 | X170: 165 | Y170: 397 | Z170: 691 | AA170: 1066 | AB170: 1337 | AC170: 1260 | AD170: 1255 | AE170: 896 | AF170: 637 | AG170: 478 | AH170: 369 | AI170: 287 | AJ170: 257 | AK170: 207 | AL170: 195 | AM170: 141 | AN170: 140 | AO170: 109 | AP170: 0
B171: 2 | C171: 6 | D171: 8 | E171: 10 | F171: 6 | G171: 21 | H171: 52 | I171: 61 | J171: 43 | K171: 44 | L171: 74 | M171: 95 | N171: 106 | O171: 169 | P171: 254 | Q171: 395 | R171: 533 | S171: 830 | T171: 1110 | U171: 1215 | V171: 1071 | W171: 861 | X171: 537 | Y171: 337 | Z171: 249 | AA171: 308 | AB171: 376 | AC171: 408 | AD171: 335 | AE171: 213 | AF171: 200 | AG171: 160 | AH171: 130 | AI171: 92 | AJ171: 61 | AK171: 44 | AL171: 19 | AM171: 10 | AN171: 7 | AO171: 8 | AP171: 0
B172: 0 | C172: 0 | D172: 0 | E172: 0 | F172: 0 | G172: 0 | H172: 0 | I172: 4 | J172: 22 | K172: 60 | L172: 73 | M172: 95 | N172: 186 | O172: 354 | P172: 739 | Q172: 1663 | R172: 2985 | S172: 3961 | T172: 4250 | U172: 3615 | V172: 2985 | W172: 2134 | X172: 1559 | Y172: 1378 | Z172: 1309 | AA172: 1304 | AB172: 1266 | AC172: 1136 | AD172: 981 | AE172: 1019 | AF172: 972 | AG172: 1149 | AH172: 1058 | AI172: 1045 | AJ172: 1088 | AK172: 1145 | AL172: 1045 | AM172: 747 | AN172: 596 | AO172: 354 | AP172: 0
B173: 0 | C173: 0 | D173: 0 | E173: 0 | F173: 0 | G173: 0 | H173: 0 | I173: 0 | J173: 0 | K173: 7 | L173: 179 | M173: 365 | N173: 3204 | O173: 4837 | P173: 2294 | Q173: 2723 | R173: 1988 | S173: 1212 | T173: 877 | U173: 1009 | V173: 1157 | W173: 1309 | X173: 2110 | Y173: 2874 | Z173: 3570 | AA173: 3979 | AB173: 3959 | AC173: 2848 | AD173: 2080 | AE173: 1295 | AF173: 705 | AG173: 498 | AH173: 386 | AI173: 297 | AJ173: 260 | AK173: 251 | AL173: 260 | AM173: 237 | AN173: 191 | AO173: 185 | AP173: 0
B174: 0 | C174: 0 | D174: 0 | E174: 0 | F174: 0 | G174: 0 | H174: 0 | I174: 0 | J174: 0 | K174: 0 | L174: 22 | M174: 45 | N174: 90 | O174: 90 | P174: 127 | Q174: 187 | R174: 247 | S174: 284 | T174: 486 | U174: 860 | V174: 1533 | W174: 2326 | X174: 3373 | Y174: 4548 | Z174: 5221 | AA174: 6769 | AB174: 8579 | AC174: 9410 | AD174: 7353 | AE174: 6119 | AF174: 4473 | AG174: 3194 | AH174: 2409 | AI174: 1855 | AJ174: 1279 | AK174: 808 | AL174: 554 | AM174: 292 | AN174: 202 | AO174: 90 | AP174: 0
B175: 0 | C175: 0 | D175: 0 | E175: 3 | F175: 0 | G175: 13 | H175: 62 | I175: 112 | J175: 85 | K175: 102 | L175: 131 | M175: 99 | N175: 118 | O175: 927 | P175: 2308 | Q175: 1107 | R175: 686 | S175: 628 | T175: 658 | U175: 813 | V175: 1134 | W175: 1749 | X175: 2249 | Y175: 2786 | Z175: 2851 | AA175: 3441 | AB175: 4354 | AC175: 4262 | AD175: 3939 | AE175: 3496 | AF175: 2993 | AG175: 1877 | AH175: 1405 | AI175: 1469 | AJ175: 1237 | AK175: 1167 | AL175: 1130 | AM175: 864 | AN175: 687 | AO175: 616 | AP175: 504
... B200: 0 | C200: 0 | D200: 0 | E200: 0 | F200: 0 | G200: 0 | H200: 0 | I200: 3.9603821 | J200: 41.79291 | K200: 63.592828 | L200: 172.9608 | M200: 438.05057 | N200: 1094.57 | O200: 2353.8653 | P200: 2871.8253 | Q200: 2719.8594 | R200: 2936.9743 | S200: 3425.417 | T200: 3244.0167 | U200: 3366.1927 | V200: 3408.4992 | W200: 3683.6381 | X200: 3378.7434 | Y200: 3121.8507 | Z200: 2803.6438 | AA200: 2203.72 | AB200: 1289.14 | AC200: 711.14531 | AD200: 416.94473 | AE200: 214.03756 | AF200: 189.81496 | AG200: 136.12373 | AH200: 31.61674 | AI200: 18.428505 | AJ200: 7.5271921 | AK200: 5.6703593 | AL200: 9.5748193 | AM200: 5.6064344 | AN200: 0.57712668 | AO200: 0 | AP200: 0
B201: #Fwtatage
B202: 0.05 | C202: 0.089 | D202: 0.129 | E202: 0.189 | F202: 0.248 | G202: 0.313 | H202: 0.396 | I202: 0.488 | J202: 0.584 | K202: 0.728 | L202: 0.88 | M202: 1.115
B203: 0.05 | C203: 0.089 | D203: 0.129 | E203: 0.189 | F203: 0.248 | G203: 0.313 | H203: 0.396 | I203: 0.488 | J203: 0.584 | K203: 0.728 | L203: 0.88 | M203: 1.115
B204: 0.05 | C204: 0.089 | D204: 0.129 | E204: 0.189 | F204: 0.248 | G204: 0.313 | H204: 0.396 | I204: 0.488 | J204: 0.584 | K204: 0.728 | L204: 0.88 | M204: 1.115
B205: 0.05 | C205: 0.089 | D205: 0.129 | E205: 0.189 | F205: 0.248 | G205: 0.313 | H205: 0.396 | I205: 0.488 | J205: 0.584 | K205: 0.728 | L205: 0.88 | M205: 1.115
B206: 0.05 | C206: 0.089 | D206: 0.129 | E206: 0.189 | F206: 0.248 | G206: 0.313 | H206: 0.396 | I206: 0.488 | J206: 0.584 | K206: 0.728 | L206: 0.88 | M206: 1.115
B207: 0.05 | C207: 0.089 | D207: 0.129 | E207: 0.189 | F207: 0.248 | G207: 0.313 | H207: 0.396 | I207: 0.488 | J207: 0.584 | K207: 0.728 | L207: 0.88 | M207: 1.115
B208: 0.05 | C208: 0.089 | D208: 0.129 | E208: 0.189 | F208: 0.248 | G208: 0.313 | H208: 0.396 | I208: 0.488 | J208: 0.584 | K208: 0.728 | L208: 0.88 | M208: 1.115
B209: 0.05 | C209: 0.089 | D209: 0.129 | E209: 0.189 | F209: 0.248 | G209: 0.313 | H209: 0.396 | I209: 0.488 | J209: 0.584 | K209: 0.728 | L209: 0.88 | M209: 1.115
B210: 0.05 | C210: 0.105 | D210: 0.124 | E210: 0.163 | F210: 0.204 | G210: 0.314 | H210: 0.369 | I210: 0.405 | J210: 0.434 | K210: 0.453 | L210: 0.59 | M210: 1.115
B211: 0.05 | C211: 0.108 | D211: 0.163 | E211: 0.179 | F211: 0.217 | G211: 0.274 | H211: 0.37 | I211: 0.42 | J211: 0.474 | K211: 0.629 | L211: 0.633 | M211: 1.115
...

Sheet Mod1.7.dat
B1: #years Data file w/ new offshore CPUE (GAM) and downweighted Russian CPUE
B2: 1970
B3: 2017
B4: #ages
B5: 1
B6: 12
B7: #nbins
B8: 41
B9: #lengthbin
B10: 10 | C10: 11 | D10: 12 | E10: 13 | F10: 14 | G10: 15 | H10: 16 | I10: 17 | J10: 18 | K10: 19 | L10: 20 | M10: 21 | N10: 22 | O10: 23 | P10: 24 | Q10: 25 | R10: 26 | S10: 27 | T10: 28 | U10: 29 | V10: 30 | W10: 31 | X10: 32 | Y10: 33 | Z10: 34 | AA10: 35 | AB10: 36 | AC10: 37 | AD10: 38 | AE10: 39 | AF10: 40 | AG10: 41 | AH10: 42 | AI10: 43 | AJ10: 44 | AK10: 45 | AL10: 46 | AM10: 47 | AN10: 48 | AO10: 49 | AP10: 50
B11: #Fnum
B12: 4
B13: #Fnames
B14: N_Chile%SC_Chile_PS%FarNorth%Offshore_Trawl
B15: #Fcaton
B16: 101.69 | C16: 143.45 | D16: 64.46 | E16: 83.2 | F16: 164.76 | G16: 207.33 | H16: 257.7 | I16: 226.23 | J16: 398.41 | K16: 344.05 | L16: 288.81 | M16: 474.82 | N16: 789.91 | O16: 301.93 | P16: 727 | Q16: 511.15 | R16: 55.21 | S16: 313.31 | T16: 325.46 | U16: 338.6 | V16: 323.09 | W16: 346.25 | X16: 304.24 | Y16: 379.47 | Z16: 222.25 | AA16: 230.18 | AB16: 278.44 | AC16: 104.2 | AD16: 30.27 | AE16: 55.65 | AF16: 118.73 | AG16: 248.1 | AH16: 108.73 | AI16: 143.28 | AJ16: 158.66 | AK16: 165.63 | AL16: 155.26 | AM16: 172.701 | AN16: 167.258 | AO16: 134.022 | AP16: 169.012 | AQ16: 30.825 | AR16: 13.256 | AS16: 16.361 | AT16: 18.219 | AU16: 34.886 | AV16: 24.657 | AW16: 35.002
B17: 10.31 | C17: 14.99 | D17: 22.55 | E17: 38.39 | F17: 28.75 | G17: 53.88 | H17: 84.57 | I17: 114.57 | J17: 188.27 | K17: 253.46 | L17: 273.45 | M17: 586.09 | N17: 704.77 | O17: 563.34 | P17: 699.3 | Q17: 945.84 | R17: 1129.11 | S17: 1456.73 | T17: 1812.79 | U17: 2051.52 | V17: 2148.79 | W17: 2674.27 | X17: 2907.82 | Y17: 2856.78 | Z17: 3819.19 | AA17: 4174.02 | AB17: 3604.89 | AC17: 2812.87 | AD17: 1582.64 | AE17: 1164.04 | AF17: 1115.57 | AG17: 1401.84 | AH17: 1410.27 | AI17: 1278.02 | AJ17: 1292.94 | AK17: 1264.81 | AL17: 1224.69 | AM17: 1130.083 | AN17: 728.85 | AO17: 700.905 | AP17: 295.796 | AQ17: 216.47 | AR17: 214.204 | AS17: 214.999 | AT17: 254.295 | AU17: 250.327 | AV17: 295.16 | AW17: 311.863
B18: 4.71 | C18: 9.19 | D18: 18.78 | E18: 42.78 | F18: 129.21 | G18: 37.9 | H18: 54.15 | I18: 504.99 | J18: 386.79 | K18: 333.81 | L18: 414.3 | M18: 445.64 | N18: 143.72 | O18: 110.69 | P18: 200.67 | Q18: 114.62 | R18: 51.03 | S18: 46.3 | T18: 244.23 | U18: 316.25 | V18: 370.82 | W18: 213.45 | X18: 111.68 | Y18: 133.35 | Z18: 233.35 | AA18: 550.99 | AB18: 495.52 | AC18: 680.05 | AD18: 412.85 | AE18: 203.75 | AF18: 303.7 | AG18: 857.74 | AH18: 154.82 | AI18: 217.73 | AJ18: 187.37 | AK18: 80.66 | AL18: 277.57 | AM18: 255.36 | AN18: 169.537 | AO18: 76.629 | AP18: 22.172 | AQ18: 326.394 | AR18: 187.396 | AS18: 80.586 | AT18: 74.532 | AU18: 22.447 | AV18: 15.088 | AW18: 5.186
B19: 0 | C19: 0 | D19: 5.5 | E19: 0 | F19: 0 | G19: 0 | H19: 0.04 | I19: 2.27 | J19: 51.29 | K19: 370.29 | L19: 339.8 | M19: 438.12 | N19: 733.2 | O19: 894.3 | P19: 1059.93 | Q19: 799.32 | R19: 837.5 | S19: 863.42 | T19: 863.22 | U19: 875.82 | V19: 872.06 | W19: 543.66 | X19: 37.93 | Y19: 0 | Z19: 0 | AA19: 0 | AB19: 0 | AC19: 0 | AD19: 0 | AE19: 0.01 | AF19: 2.32 | AG19: 20.09 | AH19: 76.26 | AI19: 158.2 | AJ19: 295.44 | AK19: 243.58 | AL19: 362.63 | AM19: 438.8306 | AN19: 406.9864 | AO19: 371.9176 | AP19: 239.593 | AQ19: 60.89131 | AR19: 39.91786 | AS19: 41.177 | AT19: 63.652 | AU19: 86.717 | AV19: 53.671 | AW19: 50
B20: #Fcatonerr
B21: 0.05 | C21: 0.05 | D21: 0.05 | E21: 0.05 | F21: 0.05 | G21: 0.05 | H21: 0.05 | I21: 0.05 | J21: 0.05 | K21: 0.05 | L21: 0.05 | M21: 0.05 | N21: 0.05 | O21: 0.05 | P21: 0.05 | Q21: 0.05 | R21: 0.05 | S21: 0.05 | T21: 0.05 | U21: 0.05 | V21: 0.05 | W21: 0.05 | X21: 0.05 | Y21: 0.05 | Z21: 0.05 | AA21: 0.05 | AB21: 0.05 | AC21: 0.05 | AD21: 0.05 | AE21: 0.05 | AF21: 0.05 | AG21: 0.05 | AH21: 0.05 | AI21: 0.05 | AJ21: 0.05 | AK21: 0.05 | AL21: 0.05 | AM21: 0.05 | AN21: 0.05 | AO21: 0.05 | AP21: 0.05 | AQ21: 0.05 | AR21: 0.05 | AS21: 0.05 | AT21: 0.05 | AU21: 0.05 | AV21: 0.05 | AW21: 0.05
B22: 0.05 | C22: 0.05 | D22: 0.05 | E22: 0.05 | F22: 0.05 | G22: 0.05 | H22: 0.05 | I22: 0.05 | J22: 0.05 | K22: 0.05 | L22: 0.05 | M22: 0.05 | N22: 0.05 | O22: 0.05 | P22: 0.05 | Q22: 0.05 | R22: 0.05 | S22: 0.05 | T22: 0.05 | U22: 0.05 | V22: 0.05 | W22: 0.05 | X22: 0.05 | Y22: 0.05 | Z22: 0.05 | AA22: 0.05 | AB22: 0.05 | AC22: 0.05 | AD22: 0.05 | AE22: 0.05 | AF22: 0.05 | AG22: 0.05 | AH22: 0.05 | AI22: 0.05 | AJ22: 0.05 | AK22: 0.05 | AL22: 0.05 | AM22: 0.05 | AN22: 0.05 | AO22: 0.05 | AP22: 0.05 | AQ22: 0.05 | AR22: 0.05 | AS22: 0.05 | AT22: 0.05 | AU22: 0.05 | AV22: 0.05 | AW22: 0.05
B23: 0.05 | C23: 0.05 | D23: 0.05 | E23: 0.05 | F23: 0.05 | G23: 0.05 | H23: 0.05 | I23: 0.05 | J23: 0.05 | K23: 0.05 | L23: 0.05 | M23: 0.05 | N23: 0.05 | O23: 0.05 | P23: 0.05 | Q23: 0.05 | R23: 0.05 | S23: 0.05 | T23: 0.05 | U23: 0.05 | V23: 0.05 | W23: 0.05 | X23: 0.05 | Y23: 0.05 | Z23: 0.05 | AA23: 0.05 | AB23: 0.05 | AC23: 0.05 | AD23: 0.05 | AE23: 0.05 | AF23: 0.05 | AG23: 0.05 | AH23: 0.05 | AI23: 0.05 | AJ23: 0.05 | AK23: 0.05 | AL23: 0.05 | AM23: 0.05 | AN23: 0.05 | AO23: 0.05 | AP23: 0.05 | AQ23: 0.05 | AR23: 0.05 | AS23: 0.05 | AT23: 0.05 | AU23: 0.05 | AV23: 0.05 | AW23: 0.05
B24: 0.05 | C24: 0.05 | D24: 0.05 | E24: 0.05 | F24: 0.05 | G24: 0.05 | H24: 0.05 | I24: 0.05 | J24: 0.05 | K24: 0.05 | L24: 0.05 | M24: 0.05 | N24: 0.05 | O24: 0.05 | P24: 0.05 | Q24: 0.05 | R24: 0.05 | S24: 0.05 | T24: 0.05 | U24: 0.05 | V24: 0.05 | W24: 0.05 | X24: 0.05 | Y24: 0.05 | Z24: 0.05 | AA24: 0.05 | AB24: 0.05 | AC24: 0.05 | AD24: 0.05 | AE24: 0.05 | AF24: 0.05 | AG24: 0.05 | AH24: 0.05 | AI24: 0.05 | AJ24: 0.05 | AK24: 0.05 | AL24: 0.05 | AM24: 0.05 | AN24: 0.05 | AO24: 0.05 | AP24: 0.05 | AQ24: 0.05 | AR24: 0.05 | AS24: 0.05 | AT24: 0.05 | AU24: 0.05 | AV24: 0.05 | AW24: 0.05
B25: #FnumyearsA
B26: 42 # 43
B27: 43
B28: 0
B29: 28 # 29
B30: #FnumyearsL
B31: 0
B32: 0
B33: 37
B34: 0
B35: #Fageyears
B36: 1975 | C36: 1976 | D36: 1977 | E36: 1978 | F36: 1979 | G36: 1980 | H36: 1981 | I36: 1982 | J36: 1983 | K36: 1984 | L36: 1985 | M36: 1986 | N36: 1987 | O36: 1988 | P36: 1989 | Q36: 1990 | R36: 1991 | S36: 1992 | T36: 1993 | U36: 1994 | V36: 1995 | W36: 1996 | X36: 1997 | Y36: 1998 | Z36: 1999 | AA36: 2000 | AB36: 2001 | AC36: 2002 | AD36: 2003 | AE36: 2004 | AF36: 2005 | AG36: 2006 | AH36: 2007 | AI36: 2008 | AJ36: 2009 | AK36: 2010 | AL36: 2011 | AM36: 2012 | AN36: 2013 | AO36: 2014 | AP36: 2015 | AQ36: 2016 | AR36: # 2017
B37: 1975 | C37: 1976 | D37: 1977 | E37: 1978 | F37: 1979 | G37: 1980 | H37: 1981 | I37: 1982 | J37: 1983 | K37: 1984 | L37: 1985 | M37: 1986 | N37: 1987 | O37: 1988 | P37: 1989 | Q37: 1990 | R37: 1991 | S37: 1992 | T37: 1993 | U37: 1994 | V37: 1995 | W37: 1996 | X37: 1997 | Y37: 1998 | Z37: 1999 | AA37: 2000 | AB37: 2001 | AC37: 2002 | AD37: 2003 | AE37: 2004 | AF37: 2005 | AG37: 2006 | AH37: 2007 | AI37: 2008 | AJ37: 2009 | AK37: 2010 | AL37: 2011 | AM37: 2012 | AN37: 2013 | AO37: 2014 | AP37: 2015 | AQ37: 2016 | AR37: 2017
B38: 1979 | C38: 1980 | D38: 1981 | E38: 1982 | F38: 1983 | G38: 1984 | H38: 1985 | I38: 1986 | J38: 1987 | K38: 1988 | L38: 1989 | M38: 1990 | N38: 1991 | O38: 2000 | P38: 2001 | Q38: 2002 | R38: 2003 | S38: 2006 | T38: 2007 | U38: 2008 | V38: 2009 | W38: 2010 | X38: 2011 | Y38: 2012 | Z38: 2013 | AA38: 2014 | AB38: 2015 | AC38: 2016 | AD38: # 2017
B39: #Flengthyears
B40: 1980 | C40: 1981 | D40: 1982 | E40: 1983 | F40: 1984 | G40: 1985 | H40: 1986 | I40: 1987 | J40: 1988 | K40: 1989 | L40: 1990 | M40: 1991 | N40: 1992 | O40: 1993 | P40: 1994 | Q40: 1995 | R40: 1996 | S40: 1997 | T40: 1998 | U40: 1999 | V40: 2000 | W40: 2001 | X40: 2002 | Y40: 2003 | Z40: 2004 | AA40: 2005 | AB40: 2006 | AC40: 2007 | AD40: 2008 | AE40: 2009 | AF40: 2010 | AG40: 2011 | AH40: 2012 | AI40: 2013 | AJ40: 2014 | AK40: 2015 | AL40: 2016
B41: #Fagesample
B42: 20 | C42: 20 | D42: 20 | E42: 20 | F42: 20 | G42: 20 | H42: 20 | I42: 20 | J42: 20 | K42: 20 | L42: 20 | M42: 20 | N42: 20 | O42: 20 | P42: 20 | Q42: 20 | R42: 20 | S42: 20 | T42: 20 | U42: 20 | V42: 20 | W42: 20 | X42: 20 | Y42: 20 | Z42: 20 | AA42: 20 | AB42: 20 | AC42: 20 | AD42: 20 | AE42: 20 | AF42: 20 | AG42: 20 | AH42: 20 | AI42: 20 | AJ42: 20 | AK42: 20 | AL42: 20 | AM42: 20 | AN42: 20 | AO42: 20 | AP42: 20 | AQ42: 20 | AR42: # 20
B43: 50 | C43: 50 | D43: 50 | E43: 50 | F43: 50 | G43: 50 | H43: 50 | I43: 50 | J43: 50 | K43: 50 | L43: 50 | M43: 50 | N43: 50 | O43: 50 | P43: 50 | Q43: 50 | R43: 50 | S43: 50 | T43: 50 | U43: 50 | V43: 50 | W43: 50 | X43: 50 | Y43: 50 | Z43: 50 | AA43: 50 | AB43: 50 | AC43: 50 | AD43: 50 | AE43: 50 | AF43: 50 | AG43: 50 | AH43: 50 | AI43: 50 | AJ43: 50 | AK43: 50 | AL43: 50 | AM43: 50 | AN43: 50 | AO43: 50 | AP43: 50 | AQ43: 50 | AR43: 5
B44: 50 | C44: 50 | D44: 50 | E44: 50 | F44: 50 | G44: 50 | H44: 50 | I44: 50 | J44: 50 | K44: 50 | L44: 50 | M44: 50 | N44: 50 | O44: 30 | P44: 30 | Q44: 30 | R44: 30 | S44: 30 | T44: 30 | U44: 30 | V44: 30 | W44: 30 | X44: 30 | Y44: 30 | Z44: 30 | AA44: 30 | AB44: 30 | AC44: 30 | AD44: # 30
B45: #Flengthsample
B46: 30 | C46: 30 | D46: 30 | E46: 30 | F46: 30 | G46: 30 | H46: 30 | I46: 30 | J46: 30 | K46: 30 | L46: 30 | M46: 30 | N46: 30 | O46: 30 | P46: 30 | Q46: 30 | R46: 30 | S46: 30 | T46: 30 | U46: 30 | V46: 30 | W46: 30 | X46: 30 | Y46: 30 | Z46: 30 | AA46: 30 | AB46: 30 | AC46: 30 | AD46: 30 | AE46: 30 | AF46: 30 | AG46: 30 | AH46: 30 | AI46: 30 | AJ46: 30 | AK46: 30 | AL46: 30
B47: #Fagecomp
B48: 0 | C48: 4073 | D48: 13776 | E48: 44143 | F48: 60659 | G48: 166146 | H48: 171002 | I48: 81053 | J48: 29641 | K48: 8253 | L48: 4552 | M48: 1070
B49: 0 | C49: 27 | D49: 1676 | E49: 10342 | F49: 62211 | G49: 190616 | H49: 229530 | I49: 109553 | J49: 17356 | K49: 4612 | L49: 104 | M49: 0
B50: 122 | C50: 12767 | D50: 20036 | E50: 48155 | F50: 149760 | G50: 239459 | H50: 184136 | I50: 68069 | J50: 10018 | K50: 155 | L50: 0 | M50: 0
B51: 0 | C51: 5910 | D51: 92821 | E51: 171908 | F51: 149947 | G51: 99992 | H51: 274829 | I51: 227407 | J51: 75025 | K51: 11649 | L51: 99 | M51: 0
B52: 0 | C52: 0 | D52: 40320 | E52: 104406 | F52: 202313 | G52: 247236 | H52: 261704 | I52: 212251 | J52: 72124 | K52: 7503 | L52: 87 | M52: 0
B53: 0 | C53: 5663 | D53: 19209 | E53: 39611 | F53: 120365 | G53: 158767 | H53: 188736 | I53: 133955 | J53: 25201 | K53: 792 | L53: 0 | M53: 0
B54: 0 | C54: 0 | D54: 17592 | E54: 107026 | F54: 226852 | G54: 272757 | H54: 332572 | I54: 167387 | J54: 32014 | K54: 4135 | L54: 31 | M54: 0
B55: 0 | C55: 1674 | D55: 29021 | E55: 332623 | F55: 362536 | G55: 484944 | H55: 639872 | I55: 367034 | J55: 127157 | K55: 21795 | L55: 225 | M55: 0
B56: 0 | C56: 102 | D56: 1966 | E56: 49812 | F56: 151839 | G56: 222327 | H56: 205704 | I56: 103468 | J56: 21178 | K56: 556 | L56: 27 | M56: 0
B57: 0 | C57: 4148 | D57: 232259 | E57: 599923 | F57: 284517 | G57: 284809 | H57: 377052 | I57: 318705 | J57: 67881 | K57: 4009 | L57: 0 | M57: 0
B58: 0 | C58: 886 | D58: 53397 | E58: 255301 | F58: 400091 | G58: 427340 | H58: 252577 | I58: 73876 | J58: 12239 | K58: 1256 | L58: 0 | M58: 0
B59: 4646 | C59: 15143 | D59: 14153 | E59: 8069 | F59: 9791 | G59: 17324 | H59: 26790 | I59: 15727 | J59: 6358 | K59: 1078 | L59: 0 | M59: 0
... B89: 0 | C89: 0 | D89: 0.11949623 | E89: 0.19185401 | F89: 0.12836256 | G89: 0.21069755 | H89: 0.15136514 | I89: 0.081497641 | J89: 0.075119213 | K89: 0.026336113 | L89: 0.009888114 | M89: 0.005383425
B90: # 0 | C90: 0 | D90: 0.11953631 | E90: 0.19191836 | F90: 0.12840562 | G90: 0.21076822 | H90: 0.15141591 | I90: 0.081524975 | J90: 0.075144408 | K90: 0.026344946 | L90: 0.00989143 | M90: 0.005049835
B91: 0 | C91: 0 | D91: 355 | E91: 633 | F91: 2259 | G91: 7108 | H91: 11305 | I91: 10032 | J91: 5551 | K91: 1867 | L91: 999 | M91: 190
B92: 0 | C92: 1272 | D92: 364 | E92: 353 | F92: 1550 | G92: 17545 | H92: 45885 | I92: 38920 | J92: 18306 | K92: 2707 | L92: 37 | M92: 0
B93: 1 | C93: 223 | D93: 462 | E93: 5493 | F93: 19717 | G93: 34341 | H93: 61594 | I93: 47567 | J93: 7128 | K93: 684 | L93: 70 | M93: 4
B94: 0 | C94: 595 | D94: 4226 | E94: 20574 | F94: 70250 | G94: 115605 | H94: 96857 | I94: 45404 | J94: 12171 | K94: 1330 | L94: 0 | M94: 0
B95: 0 | C95: 20 | D95: 13439 | E95: 147552 | F95: 206176 | G95: 210012 | H95: 208192 | I95: 180490 | J95: 120831 | K95: 48163 | L95: 4206 | M95: 904
B96: 2152 | C96: 3996 | D96: 8314 | E96: 128820 | F96: 322829 | G96: 356395 | H96: 311998 | I96: 166713 | J96: 78325 | K96: 17706 | L96: 686 | M96: 995
B97: 0 | C97: 2419 | D97: 8973 | E97: 83655 | F97: 392031 | G97: 696981 | H97: 627159 | I97: 326988 | J97: 99193 | K97: 23220 | L97: 3581 | M97: 800
B98: 1324 | C98: 4221 | D98: 8889 | E98: 118067 | F98: 618244 | G98: 826235 | H98: 877968 | I98: 626789 | J98: 224844 | K98: 57471 | L98: 10391 | M98: 13914
B99: 1624 | C99: 98937 | D99: 191076 | E99: 314984 | F99: 749070 | G99: 1084641 | H99: 1113032 | I99: 548218 | J99: 207964 | K99: 30697 | L99: 3760 | M99: 1259
B100: 98 | C100: 7977 | D100: 190091 | E100: 357918 | F100: 447250 | G100: 985396 | H100: 1175198 | I100: 851961 | J100: 292315 | K100: 38931 | L100: 7977 | M100: 394
B101: 53 | C101: 889 | D101: 39763 | E101: 372792 | F101: 621888 | G101: 1131123 | H101: 1405139 | I101: 725890 | J101: 182303 | K101: 21926 | L101: 2839 | M101: 2111
B102: 7703 | C102: 32892 | D102: 50408 | E102: 254334 | F102: 720436 | G102: 1125301 | H102: 1563727 | I102: 833125 | J102: 141461 | K102: 12640 | L102: 1048 | M102: 651
... B161: 0 | C161: 0.017012139 | D161: 0.13048412 | E161: 0.20502442 | F161: 0.23870457 | G161: 0.17149799 | H161: 0.113947 | I161: 0.058575553 | J161: 0.033933892 | K161: 0.021002765 | L161: 0.002922093 | M161: 0.006895466
B162: # 0 | C162: 0 | D162: 0.014051333 | E162: 0.14690046 | F162: 0.18530098 | G162: 0.19901178 | H162: 0.10051017 | I162: 0.091748253 | J162: 0.089864284 | K162: 0.079140051 | L162: 0.059299454 | M162: 0.034173237
B163: #Flengthcomp
B164: 44 | C164: 59 | D164: 71 | E164: 59 | F164: 126 | G164: 67 | H164: 184 | I164: 105 | J164: 67 | K164: 50 | L164: 0 | M164: 0 | N164: 0 | O164: 33 | P164: 46 | Q164: 25 | R164: 9 | S164: 9 | T164: 50 | U164: 101 | V164: 134 | W164: 209 | X164: 318 | Y164: 471 | Z164: 419 | AA164: 343 | AB164: 251 | AC164: 184 | AD164: 134 | AE164: 84 | AF164: 50 | AG164: 33 | AH164: 33 | AI164: 29 | AJ164: 17 | AK164: 9 | AL164: 9 | AM164: 0 | AN164: 0 | AO164: 0 | AP164: 0
B165: 0 | C165: 0 | D165: 0 | E165: 0 | F165: 0 | G165: 0 | H165: 0 | I165: 0 | J165: 0 | K165: 0 | L165: 0 | M165: 0 | N165: 0 | O165: 0 | P165: 0 | Q165: 0 | R165: 6 | S165: 14 | T165: 28 | U165: 101 | V165: 129 | W165: 105 | X165: 109 | Y165: 112 | Z165: 105 | AA165: 87 | AB165: 78 | AC165: 62 | AD165: 50 | AE165: 36 | AF165: 34 | AG165: 22 | AH165: 20 | AI165: 17 | AJ165: 8 | AK165: 3 | AL165: 1 | AM165: 0 | AN165: 0 | AO165: 0 | AP165: 0
B166: 0 | C166: 23 | D166: 91 | E166: 272 | F166: 545 | G166: 545 | H166: 523 | I166: 477 | J166: 409 | K166: 432 | L166: 545 | M166: 364 | N166: 68 | O166: 23 | P166: 0 | Q166: 0 | R166: 0 | S166: 0 | T166: 45 | U166: 91 | V166: 136 | W166: 409 | X166: 795 | Y166: 1136 | Z166: 840 | AA166: 545 | AB166: 296 | AC166: 227 | AD166: 181 | AE166: 159 | AF166: 136 | AG166: 113 | AH166: 23 | AI166: 0 | AJ166: 0 | AK166: 0 | AL166: 0 | AM166: 0 | AN166: 0 | AO166: 0 | AP166: 0
B167: 0 | C167: 0 | D167: 0 | E167: 0 | F167: 0 | G167: 0 | H167: 0 | I167: 0 | J167: 0 | K167: 0 | L167: 0 | M167: 0 | N167: 0 | O167: 0 | P167: 0 | Q167: 22 | R167: 114 | S167: 137 | T167: 182 | U167: 206 | V167: 297 | W167: 707 | X167: 1426 | Y167: 1711 | Z167: 1426 | AA167: 1254 | AB167: 707 | AC167: 502 | AD167: 297 | AE167: 228 | AF167: 114 | AG167: 69 | AH167: 137 | AI167: 69 | AJ167: 22 | AK167: 46 | AL167: 22 | AM167: 0 | AN167: 0 | AO167: 0 | AP167: 0
B168: 0 | C168: 0 | D168: 0 | E168: 0 | F168: 0 | G168: 8 | H168: 16 | I168: 8 | J168: 4 | K168: 0 | L168: 4 | M168: 8 | N168: 41 | O168: 90 | P168: 160 | Q168: 340 | R168: 872 | S168: 1743 | T168: 2472 | U168: 3355 | V168: 3441 | W168: 3270 | X168: 4325 | Y168: 4657 | Z168: 4153 | AA168: 3245 | AB168: 2545 | AC168: 1731 | AD168: 1166 | AE168: 777 | AF168: 585 | AG168: 401 | AH168: 274 | AI168: 258 | AJ168: 209 | AK168: 147 | AL168: 217 | AM168: 147 | AN168: 123 | AO168: 45 | AP168: 0
B169: 0 | C169: 0 | D169: 0 | E169: 0 | F169: 0 | G169: 0 | H169: 0 | I169: 3 | J169: 6 | K169: 8 | L169: 16 | M169: 16 | N169: 19 | O169: 19 | P169: 22 | Q169: 31 | R169: 62 | S169: 136 | T169: 215 | U169: 399 | V169: 535 | W169: 615 | X169: 818 | Y169: 848 | Z169: 949 | AA169: 987 | AB169: 888 | AC169: 906 | AD169: 822 | AE169: 821 | AF169: 725 | AG169: 585 | AH169: 439 | AI169: 353 | AJ169: 277 | AK169: 259 | AL169: 242 | AM169: 179 | AN169: 199 | AO169: 150 | AP169: 0
B170: 3 | C170: 8 | D170: 18 | E170: 13 | F170: 13 | G170: 27 | H170: 39 | I170: 29 | J170: 14 | K170: 17 | L170: 24 | M170: 36 | N170: 51 | O170: 63 | P170: 64 | Q170: 67 | R170: 57 | S170: 37 | T170: 23 | U170: 17 | V170: 30 | W170: 53 | X170: 165 | Y170: 397 | Z170: 691 | AA170: 1066 | AB170: 1337 | AC170: 1260 | AD170: 1255 | AE170: 896 | AF170: 637 | AG170: 478 | AH170: 369 | AI170: 287 | AJ170: 257 | AK170: 207 | AL170: 195 | AM170: 141 | AN170: 140 | AO170: 109 | AP170: 0
B171: 2 | C171: 6 | D171: 8 | E171: 10 | F171: 6 | G171: 21 | H171: 52 | I171: 61 | J171: 43 | K171: 44 | L171: 74 | M171: 95 | N171: 106 | O171: 169 | P171: 254 | Q171: 395 | R171: 533 | S171: 830 | T171: 1110 | U171: 1215 | V171: 1071 | W171: 861 | X171: 537 | Y171: 337 | Z171: 249 | AA171: 308 | AB171: 376 | AC171: 408 | AD171: 335 | AE171: 213 | AF171: 200 | AG171: 160 | AH171: 130 | AI171: 92 | AJ171: 61 | AK171: 44 | AL171: 19 | AM171: 10 | AN171: 7 | AO171: 8 | AP171: 0
B172: 0 | C172: 0 | D172: 0 | E172: 0 | F172: 0 | G172: 0 | H172: 0 | I172: 4 | J172: 22 | K172: 60 | L172: 73 | M172: 95 | N172: 186 | O172: 354 | P172: 739 | Q172: 1663 | R172: 2985 | S172: 3961 | T172: 4250 | U172: 3615 | V172: 2985 | W172: 2134 | X172: 1559 | Y172: 1378 | Z172: 1309 | AA172: 1304 | AB172: 1266 | AC172: 1136 | AD172: 981 | AE172: 1019 | AF172: 972 | AG172: 1149 | AH172: 1058 | AI172: 1045 | AJ172: 1088 | AK172: 1145 | AL172: 1045 | AM172: 747 | AN172: 596 | AO172: 354 | AP172: 0
B173: 0 | C173: 0 | D173: 0 | E173: 0 | F173: 0 | G173: 0 | H173: 0 | I173: 0 | J173: 0 | K173: 7 | L173: 179 | M173: 365 | N173: 3204 | O173: 4837 | P173: 2294 | Q173: 2723 | R173: 1988 | S173: 1212 | T173: 877 | U173: 1009 | V173: 1157 | W173: 1309 | X173: 2110 | Y173: 2874 | Z173: 3570 | AA173: 3979 | AB173: 3959 | AC173: 2848 | AD173: 2080 | AE173: 1295 | AF173: 705 | AG173: 498 | AH173: 386 | AI173: 297 | AJ173: 260 | AK173: 251 | AL173: 260 | AM173: 237 | AN173: 191 | AO173: 185 | AP173: 0
B174: 0 | C174: 0 | D174: 0 | E174: 0 | F174: 0 | G174: 0 | H174: 0 | I174: 0 | J174: 0 | K174: 0 | L174: 22 | M174: 45 | N174: 90 | O174: 90 | P174: 127 | Q174: 187 | R174: 247 | S174: 284 | T174: 486 | U174: 860 | V174: 1533 | W174: 2326 | X174: 3373 | Y174: 4548 | Z174: 5221 | AA174: 6769 | AB174: 8579 | AC174: 9410 | AD174: 7353 | AE174: 6119 | AF174: 4473 | AG174: 3194 | AH174: 2409 | AI174: 1855 | AJ174: 1279 | AK174: 808 | AL174: 554 | AM174: 292 | AN174: 202 | AO174: 90 | AP174: 0
B175: 0 | C175: 0 | D175: 0 | E175: 3 | F175: 0 | G175: 13 | H175: 62 | I175: 112 | J175: 85 | K175: 102 | L175: 131 | M175: 99 | N175: 118 | O175: 927 | P175: 2308 | Q175: 1107 | R175: 686 | S175: 628 | T175: 658 | U175: 813 | V175: 1134 | W175: 1749 | X175: 2249 | Y175: 2786 | Z175: 2851 | AA175: 3441 | AB175: 4354 | AC175: 4262 | AD175: 3939 | AE175: 3496 | AF175: 2993 | AG175: 1877 | AH175: 1405 | AI175: 1469 | AJ175: 1237 | AK175: 1167 | AL175: 1130 | AM175: 864 | AN175: 687 | AO175: 616 | AP175: 504
... B200: 0 | C200: 0 | D200: 0 | E200: 0 | F200: 0 | G200: 0 | H200: 0 | I200: 3.9603821 | J200: 41.79291 | K200: 63.592828 | L200: 172.9608 | M200: 438.05057 | N200: 1094.57 | O200: 2353.8653 | P200: 2871.8253 | Q200: 2719.8594 | R200: 2936.9743 | S200: 3425.417 | T200: 3244.0167 | U200: 3366.1927 | V200: 3408.4992 | W200: 3683.6381 | X200: 3378.7434 | Y200: 3121.8507 | Z200: 2803.6438 | AA200: 2203.72 | AB200: 1289.14 | AC200: 711.14531 | AD200: 416.94473 | AE200: 214.03756 | AF200: 189.81496 | AG200: 136.12373 | AH200: 31.61674 | AI200: 18.428505 | AJ200: 7.5271921 | AK200: 5.6703593 | AL200: 9.5748193 | AM200: 5.6064344 | AN200: 0.57712668 | AO200: 0 | AP200: 0
B201: #Fwtatage
B202: 0.05 | C202: 0.089 | D202: 0.129 | E202: 0.189 | F202: 0.248 | G202: 0.313 | H202: 0.396 | I202: 0.488 | J202: 0.584 | K202: 0.728 | L202: 0.88 | M202: 1.115
B203: 0.05 | C203: 0.089 | D203: 0.129 | E203: 0.189 | F203: 0.248 | G203: 0.313 | H203: 0.396 | I203: 0.488 | J203: 0.584 | K203: 0.728 | L203: 0.88 | M203: 1.115
B204: 0.05 | C204: 0.089 | D204: 0.129 | E204: 0.189 | F204: 0.248 | G204: 0.313 | H204: 0.396 | I204: 0.488 | J204: 0.584 | K204: 0.728 | L204: 0.88 | M204: 1.115
B205: 0.05 | C205: 0.089 | D205: 0.129 | E205: 0.189 | F205: 0.248 | G205: 0.313 | H205: 0.396 | I205: 0.488 | J205: 0.584 | K205: 0.728 | L205: 0.88 | M205: 1.115
B206: 0.05 | C206: 0.089 | D206: 0.129 | E206: 0.189 | F206: 0.248 | G206: 0.313 | H206: 0.396 | I206: 0.488 | J206: 0.584 | K206: 0.728 | L206: 0.88 | M206: 1.115
B207: 0.05 | C207: 0.089 | D207: 0.129 | E207: 0.189 | F207: 0.248 | G207: 0.313 | H207: 0.396 | I207: 0.488 | J207: 0.584 | K207: 0.728 | L207: 0.88 | M207: 1.115
B208: 0.05 | C208: 0.089 | D208: 0.129 | E208: 0.189 | F208: 0.248 | G208: 0.313 | H208: 0.396 | I208: 0.488 | J208: 0.584 | K208: 0.728 | L208: 0.88 | M208: 1.115
B209: 0.05 | C209: 0.089 | D209: 0.129 | E209: 0.189 | F209: 0.248 | G209: 0.313 | H209: 0.396 | I209: 0.488 | J209: 0.584 | K209: 0.728 | L209: 0.88 | M209: 1.115
B210: 0.05 | C210: 0.105 | D210: 0.124 | E210: 0.163 | F210: 0.204 | G210: 0.314 | H210: 0.369 | I210: 0.405 | J210: 0.434 | K210: 0.453 | L210: 0.59 | M210: 1.115
B211: 0.05 | C211: 0.108 | D211: 0.163 | E211: 0.179 | F211: 0.217 | G211: 0.274 | H211: 0.37 | I211: 0.42 | J211: 0.474 | K211: 0.629 | L211: 0.633 | M211: 1.115
...

Sheet Mod1.8.dat
B1: #years Data file w/ only new offshore CPUE (GAM) given weight as an index
B2: 1970
B3: 2017
B4: #ages
B5: 1
B6: 12
B7: #nbins
B8: 41
B9: #lengthbin
B10: 10 | C10: 11 | D10: 12 | E10: 13 | F10: 14 | G10: 15 | H10: 16 | I10: 17 | J10: 18 | K10: 19 | L10: 20 | M10: 21 | N10: 22 | O10: 23 | P10: 24 | Q10: 25 | R10: 26 | S10: 27 | T10: 28 | U10: 29 | V10: 30 | W10: 31 | X10: 32 | Y10: 33 | Z10: 34 | AA10: 35 | AB10: 36 | AC10: 37 | AD10: 38 | AE10: 39 | AF10: 40 | AG10: 41 | AH10: 42 | AI10: 43 | AJ10: 44 | AK10: 45 | AL10: 46 | AM10: 47 | AN10: 48 | AO10: 49 | AP10: 50
B11: #Fnum
B12: 4
B13: #Fnames
B14: N_Chile%SC_Chile_PS%FarNorth%Offshore_Trawl
B15: #Fcaton
B16: 101.69 | C16: 143.45 | D16: 64.46 | E16: 83.2 | F16: 164.76 | G16: 207.33 | H16: 257.7 | I16: 226.23 | J16: 398.41 | K16: 344.05 | L16: 288.81 | M16: 474.82 | N16: 789.91 | O16: 301.93 | P16: 727 | Q16: 511.15 | R16: 55.21 | S16: 313.31 | T16: 325.46 | U16: 338.6 | V16: 323.09 | W16: 346.25 | X16: 304.24 | Y16: 379.47 | Z16: 222.25 | AA16: 230.18 | AB16: 278.44 | AC16: 104.2 | AD16: 30.27 | AE16: 55.65 | AF16: 118.73 | AG16: 248.1 | AH16: 108.73 | AI16: 143.28 | AJ16: 158.66 | AK16: 165.63 | AL16: 155.26 | AM16: 172.701 | AN16: 167.258 | AO16: 134.022 | AP16: 169.012 | AQ16: 30.825 | AR16: 13.256 | AS16: 16.361 | AT16: 18.219 | AU16: 34.886 | AV16: 24.657 | AW16: 35.002
B17: 10.31 | C17: 14.99 | D17: 22.55 | E17: 38.39 | F17: 28.75 | G17: 53.88 | H17: 84.57 | I17: 114.57 | J17: 188.27 | K17: 253.46 | L17: 273.45 | M17: 586.09 | N17: 704.77 | O17: 563.34 | P17: 699.3 | Q17: 945.84 | R17: 1129.11 | S17: 1456.73 | T17: 1812.79 | U17: 2051.52 | V17: 2148.79 | W17: 2674.27 | X17: 2907.82 | Y17: 2856.78 | Z17: 3819.19 | AA17: 4174.02 | AB17: 3604.89 | AC17: 2812.87 | AD17: 1582.64 | AE17: 1164.04 | AF17: 1115.57 | AG17: 1401.84 | AH17: 1410.27 | AI17: 1278.02 | AJ17: 1292.94 | AK17: 1264.81 | AL17: 1224.69 | AM17: 1130.083 | AN17: 728.85 | AO17: 700.905 | AP17: 295.796 | AQ17: 216.47 | AR17: 214.204 | AS17: 214.999 | AT17: 254.295 | AU17: 250.327 | AV17: 295.16 | AW17: 311.863
B18: 4.71 | C18: 9.19 | D18: 18.78 | E18: 42.78 | F18: 129.21 | G18: 37.9 | H18: 54.15 | I18: 504.99 | J18: 386.79 | K18: 333.81 | L18: 414.3 | M18: 445.64 | N18: 143.72 | O18: 110.69 | P18: 200.67 | Q18: 114.62 | R18: 51.03 | S18: 46.3 | T18: 244.23 | U18: 316.25 | V18: 370.82 | W18: 213.45 | X18: 111.68 | Y18: 133.35 | Z18: 233.35 | AA18: 550.99 | AB18: 495.52 | AC18: 680.05 | AD18: 412.85 | AE18: 203.75 | AF18: 303.7 | AG18: 857.74 | AH18: 154.82 | AI18: 217.73 | AJ18: 187.37 | AK18: 80.66 | AL18: 277.57 | AM18: 255.36 | AN18: 169.537 | AO18: 76.629 | AP18: 22.172 | AQ18: 326.394 | AR18: 187.396 | AS18: 80.586 | AT18: 74.532 | AU18: 22.447 | AV18: 15.088 | AW18: 5.186
B19: 0 | C19: 0 | D19: 5.5 | E19: 0 | F19: 0 | G19: 0 | H19: 0.04 | I19: 2.27 | J19: 51.29 | K19: 370.29 | L19: 339.8 | M19: 438.12 | N19: 733.2 | O19: 894.3 | P19: 1059.93 | Q19: 799.32 | R19: 837.5 | S19: 863.42 | T19: 863.22 | U19: 875.82 | V19: 872.06 | W19: 543.66 | X19: 37.93 | Y19: 0 | Z19: 0 | AA19: 0 | AB19: 0 | AC19: 0 | AD19: 0 | AE19: 0.01 | AF19: 2.32 | AG19: 20.09 | AH19: 76.26 | AI19: 158.2 | AJ19: 295.44 | AK19: 243.58 | AL19: 362.63 | AM19: 438.8306 | AN19: 406.9864 | AO19: 371.9176 | AP19: 239.593 | AQ19: 60.89131 | AR19: 39.91786 | AS19: 41.177 | AT19: 63.652 | AU19: 86.717 | AV19: 53.671 | AW19: 50
B20: #Fcatonerr
B21: 0.05 | C21: 0.05 | D21: 0.05 | E21: 0.05 | F21: 0.05 | G21: 0.05 | H21: 0.05 | I21: 0.05 | J21: 0.05 | K21: 0.05 | L21: 0.05 | M21: 0.05 | N21: 0.05 | O21: 0.05 | P21: 0.05 | Q21: 0.05 | R21: 0.05 | S21: 0.05 | T21: 0.05 | U21: 0.05 | V21: 0.05 | W21: 0.05 | X21: 0.05 | Y21: 0.05 | Z21: 0.05 | AA21: 0.05 | AB21: 0.05 | AC21: 0.05 | AD21: 0.05 | AE21: 0.05 | AF21: 0.05 | AG21: 0.05 | AH21: 0.05 | AI21: 0.05 | AJ21: 0.05 | AK21: 0.05 | AL21: 0.05 | AM21: 0.05 | AN21: 0.05 | AO21: 0.05 | AP21: 0.05 | AQ21: 0.05 | AR21: 0.05 | AS21: 0.05 | AT21: 0.05 | AU21: 0.05 | AV21: 0.05 | AW21: 0.05
B22: 0.05 | C22: 0.05 | D22: 0.05 | E22: 0.05 | F22: 0.05 | G22: 0.05 | H22: 0.05 | I22: 0.05 | J22: 0.05 | K22: 0.05 | L22: 0.05 | M22: 0.05 | N22: 0.05 | O22: 0.05 | P22: 0.05 | Q22: 0.05 | R22: 0.05 | S22: 0.05 | T22: 0.05 | U22: 0.05 | V22: 0.05 | W22: 0.05 | X22: 0.05 | Y22: 0.05 | Z22: 0.05 | AA22: 0.05 | AB22: 0.05 | AC22: 0.05 | AD22: 0.05 | AE22: 0.05 | AF22: 0.05 | AG22: 0.05 | AH22: 0.05 | AI22: 0.05 | AJ22: 0.05 | AK22: 0.05 | AL22: 0.05 | AM22: 0.05 | AN22: 0.05 | AO22: 0.05 | AP22: 0.05 | AQ22: 0.05 | AR22: 0.05 | AS22: 0.05 | AT22: 0.05 | AU22: 0.05 | AV22: 0.05 | AW22: 0.05
B23: 0.05 | C23: 0.05 | D23: 0.05 | E23: 0.05 | F23: 0.05 | G23: 0.05 | H23: 0.05 | I23: 0.05 | J23: 0.05 | K23: 0.05 | L23: 0.05 | M23: 0.05 | N23: 0.05 | O23: 0.05 | P23: 0.05 | Q23: 0.05 | R23: 0.05 | S23: 0.05 | T23: 0.05 | U23: 0.05 | V23: 0.05 | W23: 0.05 | X23: 0.05 | Y23: 0.05 | Z23: 0.05 | AA23: 0.05 | AB23: 0.05 | AC23: 0.05 | AD23: 0.05 | AE23: 0.05 | AF23: 0.05 | AG23: 0.05 | AH23: 0.05 | AI23: 0.05 | AJ23: 0.05 | AK23: 0.05 | AL23: 0.05 | AM23: 0.05 | AN23: 0.05 | AO23: 0.05 | AP23: 0.05 | AQ23: 0.05 | AR23: 0.05 | AS23: 0.05 | AT23: 0.05 | AU23: 0.05 | AV23: 0.05 | AW23: 0.05
B24: 0.05 | C24: 0.05 | D24: 0.05 | E24: 0.05 | F24: 0.05 | G24: 0.05 | H24: 0.05 | I24: 0.05 | J24: 0.05 | K24: 0.05 | L24: 0.05 | M24: 0.05 | N24: 0.05 | O24: 0.05 | P24: 0.05 | Q24: 0.05 | R24: 0.05 | S24: 0.05 | T24: 0.05 | U24: 0.05 | V24: 0.05 | W24: 0.05 | X24: 0.05 | Y24: 0.05 | Z24: 0.05 | AA24: 0.05 | AB24: 0.05 | AC24: 0.05 | AD24: 0.05 | AE24: 0.05 | AF24: 0.05 | AG24: 0.05 | AH24: 0.05 | AI24: 0.05 | AJ24: 0.05 | AK24: 0.05 | AL24: 0.05 | AM24: 0.05 | AN24: 0.05 | AO24: 0.05 | AP24: 0.05 | AQ24: 0.05 | AR24: 0.05 | AS24: 0.05 | AT24: 0.05 | AU24: 0.05 | AV24: 0.05 | AW24: 0.05
B25: #FnumyearsA
B26: 42 # 43
B27: 43
B28: 0
B29: 28 # 29
B30: #FnumyearsL
B31: 0
B32: 0
B33: 37
B34: 0
B35: #Fageyears
B36: 1975 | C36: 1976 | D36: 1977 | E36: 1978 | F36: 1979 | G36: 1980 | H36: 1981 | I36: 1982 | J36: 1983 | K36: 1984 | L36: 1985 | M36: 1986 | N36: 1987 | O36: 1988 | P36: 1989 | Q36: 1990 | R36: 1991 | S36: 1992 | T36: 1993 | U36: 1994 | V36: 1995 | W36: 1996 | X36: 1997 | Y36: 1998 | Z36: 1999 | AA36: 2000 | AB36: 2001 | AC36: 2002 | AD36: 2003 | AE36: 2004 | AF36: 2005 | AG36: 2006 | AH36: 2007 | AI36: 2008 | AJ36: 2009 | AK36: 2010 | AL36: 2011 | AM36: 2012 | AN36: 2013 | AO36: 2014 | AP36: 2015 | AQ36: 2016 | AR36: # 2017
B37: 1975 | C37: 1976 | D37: 1977 | E37: 1978 | F37: 1979 | G37: 1980 | H37: 1981 | I37: 1982 | J37: 1983 | K37: 1984 | L37: 1985 | M37: 1986 | N37: 1987 | O37: 1988 | P37: 1989 | Q37: 1990 | R37: 1991 | S37: 1992 | T37: 1993 | U37: 1994 | V37: 1995 | W37: 1996 | X37: 1997 | Y37: 1998 | Z37: 1999 | AA37: 2000 | AB37: 2001 | AC37: 2002 | AD37: 2003 | AE37: 2004 | AF37: 2005 | AG37: 2006 | AH37: 2007 | AI37: 2008 | AJ37: 2009 | AK37: 2010 | AL37: 2011 | AM37: 2012 | AN37: 2013 | AO37: 2014 | AP37: 2015 | AQ37: 2016 | AR37: 2017
B38: 1979 | C38: 1980 | D38: 1981 | E38: 1982 | F38: 1983 | G38: 1984 | H38: 1985 | I38: 1986 | J38: 1987 | K38: 1988 | L38: 1989 | M38: 1990 | N38: 1991 | O38: 2000 | P38: 2001 | Q38: 2002 | R38: 2003 | S38: 2006 | T38: 2007 | U38: 2008 | V38: 2009 | W38: 2010 | X38: 2011 | Y38: 2012 | Z38: 2013 | AA38: 2014 | AB38: 2015 | AC38: 2016 | AD38: # 2017
B39: #Flengthyears
B40: 1980 | C40: 1981 | D40: 1982 | E40: 1983 | F40: 1984 | G40: 1985 | H40: 1986 | I40: 1987 | J40: 1988 | K40: 1989 | L40: 1990 | M40: 1991 | N40: 1992 | O40: 1993 | P40: 1994 | Q40: 1995 | R40: 1996 | S40: 1997 | T40: 1998 | U40: 1999 | V40: 2000 | W40: 2001 | X40: 2002 | Y40: 2003 | Z40: 2004 | AA40: 2005 | AB40: 2006 | AC40: 2007 | AD40: 2008 | AE40: 2009 | AF40: 2010 | AG40: 2011 | AH40: 2012 | AI40: 2013 | AJ40: 2014 | AK40: 2015 | AL40: 2016
B41: #Fagesample
B42: 20 | C42: 20 | D42: 20 | E42: 20 | F42: 20 | G42: 20 | H42: 20 | I42: 20 | J42: 20 | K42: 20 | L42: 20 | M42: 20 | N42: 20 | O42: 20 | P42: 20 | Q42: 20 | R42: 20 | S42: 20 | T42: 20 | U42: 20 | V42: 20 | W42: 20 | X42: 20 | Y42: 20 | Z42: 20 | AA42: 20 | AB42: 20 | AC42: 20 | AD42: 20 | AE42: 20 | AF42: 20 | AG42: 20 | AH42: 20 | AI42: 20 | AJ42: 20 | AK42: 20 | AL42: 20 | AM42: 20 | AN42: 20 | AO42: 20 | AP42: 20 | AQ42: 20 | AR42: # 20
B43: 50 | C43: 50 | D43: 50 | E43: 50 | F43: 50 | G43: 50 | H43: 50 | I43: 50 | J43: 50 | K43: 50 | L43: 50 | M43: 50 | N43: 50 | O43: 50 | P43: 50 | Q43: 50 | R43: 50 | S43: 50 | T43: 50 | U43: 50 | V43: 50 | W43: 50 | X43: 50 | Y43: 50 | Z43: 50 | AA43: 50 | AB43: 50 | AC43: 50 | AD43: 50 | AE43: 50 | AF43: 50 | AG43: 50 | AH43: 50 | AI43: 50 | AJ43: 50 | AK43: 50 | AL43: 50 | AM43: 50 | AN43: 50 | AO43: 50 | AP43: 50 | AQ43: 50 | AR43: 5
B44: 50 | C44: 50 | D44: 50 | E44: 50 | F44: 50 | G44: 50 | H44: 50 | I44: 50 | J44: 50 | K44: 50 | L44: 50 | M44: 50 | N44: 50 | O44: 30 | P44: 30 | Q44: 30 | R44: 30 | S44: 30 | T44: 30 | U44: 30 | V44: 30 | W44: 30 | X44: 30 | Y44: 30 | Z44: 30 | AA44: 30 | AB44: 30 | AC44: 30 | AD44: # 30
B45: #Flengthsample
B46: 30 | C46: 30 | D46: 30 | E46: 30 | F46: 30 | G46: 30 | H46: 30 | I46: 30 | J46: 30 | K46: 30 | L46: 30 | M46: 30 | N46: 30 | O46: 30 | P46: 30 | Q46: 30 | R46: 30 | S46: 30 | T46: 30 | U46: 30 | V46: 30 | W46: 30 | X46: 30 | Y46: 30 | Z46: 30 | AA46: 30 | AB46: 30 | AC46: 30 | AD46: 30 | AE46: 30 | AF46: 30 | AG46: 30 | AH46: 30 | AI46: 30 | AJ46: 30 | AK46: 30 | AL46: 30
B47: #Fagecomp
B48: 0 | C48: 4073 | D48: 13776 | E48: 44143 | F48: 60659 | G48: 166146 | H48: 171002 | I48: 81053 | J48: 29641 | K48: 8253 | L48: 4552 | M48: 1070
B49: 0 | C49: 27 | D49: 1676 | E49: 10342 | F49: 62211 | G49: 190616 | H49: 229530 | I49: 109553 | J49: 17356 | K49: 4612 | L49: 104 | M49: 0
B50: 122 | C50: 12767 | D50: 20036 | E50: 48155 | F50: 149760 | G50: 239459 | H50: 184136 | I50: 68069 | J50: 10018 | K50: 155 | L50: 0 | M50: 0
B51: 0 | C51: 5910 | D51: 92821 | E51: 171908 | F51: 149947 | G51: 99992 | H51: 274829 | I51: 227407 | J51: 75025 | K51: 11649 | L51: 99 | M51: 0
B52: 0 | C52: 0 | D52: 40320 | E52: 104406 | F52: 202313 | G52: 247236 | H52: 261704 | I52: 212251 | J52: 72124 | K52: 7503 | L52: 87 | M52: 0
B53: 0 | C53: 5663 | D53: 19209 | E53: 39611 | F53: 120365 | G53: 158767 | H53: 188736 | I53: 133955 | J53: 25201 | K53: 792 | L53: 0 | M53: 0
B54: 0 | C54: 0 | D54: 17592 | E54: 107026 | F54: 226852 | G54: 272757 | H54: 332572 | I54: 167387 | J54: 32014 | K54: 4135 | L54: 31 | M54: 0
B55: 0 | C55: 1674 | D55: 29021 | E55: 332623 | F55: 362536 | G55: 484944 | H55: 639872 | I55: 367034 | J55: 127157 | K55: 21795 | L55: 225 | M55: 0
B56: 0 | C56: 102 | D56: 1966 | E56: 49812 | F56: 151839 | G56: 222327 | H56: 205704 | I56: 103468 | J56: 21178 | K56: 556 | L56: 27 | M56: 0
B57: 0 | C57: 4148 | D57: 232259 | E57: 599923 | F57: 284517 | G57: 284809 | H57: 377052 | I57: 318705 | J57: 67881 | K57: 4009 | L57: 0 | M57: 0
B58: 0 | C58: 886 | D58: 53397 | E58: 255301 | F58: 400091 | G58: 427340 | H58: 252577 | I58: 73876 | J58: 12239 | K58: 1256 | L58: 0 | M58: 0
B59: 4646 | C59: 15143 | D59: 14153 | E59: 8069 | F59: 9791 | G59: 17324 | H59: 26790 | I59: 15727 | J59: 6358 | K59: 1078 | L59: 0 | M59: 0
... B89: 0 | C89: 0 | D89: 0.11949623 | E89: 0.19185401 | F89: 0.12836256 | G89: 0.21069755 | H89: 0.15136514 | I89: 0.081497641 | J89: 0.075119213 | K89: 0.026336113 | L89: 0.009888114 | M89: 0.005383425
B90: # 0 | C90: 0 | D90: 0.11953631 | E90: 0.19191836 | F90: 0.12840562 | G90: 0.21076822 | H90: 0.15141591 | I90: 0.081524975 | J90: 0.075144408 | K90: 0.026344946 | L90: 0.00989143 | M90: 0.005049835
B91: 0 | C91: 0 | D91: 355 | E91: 633 | F91: 2259 | G91: 7108 | H91: 11305 | I91: 10032 | J91: 5551 | K91: 1867 | L91: 999 | M91: 190
B92: 0 | C92: 1272 | D92: 364 | E92: 353 | F92: 1550 | G92: 17545 | H92: 45885 | I92: 38920 | J92: 18306 | K92: 2707 | L92: 37 | M92: 0
B93: 1 | C93: 223 | D93: 462 | E93: 5493 | F93: 19717 | G93: 34341 | H93: 61594 | I93: 47567 | J93: 7128 | K93: 684 | L93: 70 | M93: 4
B94: 0 | C94: 595 | D94: 4226 | E94: 20574 | F94: 70250 | G94: 115605 | H94: 96857 | I94: 45404 | J94: 12171 | K94: 1330 | L94: 0 | M94: 0
B95: 0 | C95: 20 | D95: 13439 | E95: 147552 | F95: 206176 | G95: 210012 | H95: 208192 | I95: 180490 | J95: 120831 | K95: 48163 | L95: 4206 | M95: 904
B96: 2152 | C96: 3996 | D96: 8314 | E96: 128820 | F96: 322829 | G96: 356395 | H96: 311998 | I96: 166713 | J96: 78325 | K96: 17706 | L96: 686 | M96: 995
B97: 0 | C97: 2419 | D97: 8973 | E97: 83655 | F97: 392031 | G97: 696981 | H97: 627159 | I97: 326988 | J97: 99193 | K97: 23220 | L97: 3581 | M97: 800
B98: 1324 | C98: 4221 | D98: 8889 | E98: 118067 | F98: 618244 | G98: 826235 | H98: 877968 | I98: 626789 | J98: 224844 | K98: 57471 | L98: 10391 | M98: 13914
B99: 1624 | C99: 98937 | D99: 191076 | E99: 314984 | F99: 749070 | G99: 1084641 | H99: 1113032 | I99: 548218 | J99: 207964 | K99: 30697 | L99: 3760 | M99: 1259
B100: 98 | C100: 7977 | D100: 190091 | E100: 357918 | F100: 447250 | G100: 985396 | H100: 1175198 | I100: 851961 | J100: 292315 | K100: 38931 | L100: 7977 | M100: 394
B101: 53 | C101: 889 | D101: 39763 | E101: 372792 | F101: 621888 | G101: 1131123 | H101: 1405139 | I101: 725890 | J101: 182303 | K101: 21926 | L101: 2839 | M101: 2111
B102: 7703 | C102: 32892 | D102: 50408 | E102: 254334 | F102: 720436 | G102: 1125301 | H102: 1563727 | I102: 833125 | J102: 141461 | K102: 12640 | L102: 1048 | M102: 651
... B161: 0 | C161: 0.017012139 | D161: 0.13048412 | E161: 0.20502442 | F161: 0.23870457 | G161: 0.17149799 | H161: 0.113947 | I161: 0.058575553 | J161: 0.033933892 | K161: 0.021002765 | L161: 0.002922093 | M161: 0.006895466
B162: # 0 | C162: 0 | D162: 0.014051333 | E162: 0.14690046 | F162: 0.18530098 | G162: 0.19901178 | H162: 0.10051017 | I162: 0.091748253 | J162: 0.089864284 | K162: 0.079140051 | L162: 0.059299454 | M162: 0.034173237
B163: #Flengthcomp
B164: 44 | C164: 59 | D164: 71 | E164: 59 | F164: 126 | G164: 67 | H164: 184 | I164: 105 | J164: 67 | K164: 50 | L164: 0 | M164: 0 | N164: 0 | O164: 33 | P164: 46 | Q164: 25 | R164: 9 | S164: 9 | T164: 50 | U164: 101 | V164: 134 | W164: 209 | X164: 318 | Y164: 471 | Z164: 419 | AA164: 343 | AB164: 251 | AC164: 184 | AD164: 134 | AE164: 84 | AF164: 50 | AG164: 33 | AH164: 33 | AI164: 29 | AJ164: 17 | AK164: 9 | AL164: 9 | AM164: 0 | AN164: 0 | AO164: 0 | AP164: 0
B165: 0 | C165: 0 | D165: 0 | E165: 0 | F165: 0 | G165: 0 | H165: 0 | I165: 0 | J165: 0 | K165: 0 | L165: 0 | M165: 0 | N165: 0 | O165: 0 | P165: 0 | Q165: 0 | R165: 6 | S165: 14 | T165: 28 | U165: 101 | V165: 129 | W165: 105 | X165: 109 | Y165: 112 | Z165: 105 | AA165: 87 | AB165: 78 | AC165: 62 | AD165: 50 | AE165: 36 | AF165: 34 | AG165: 22 | AH165: 20 | AI165: 17 | AJ165: 8 | AK165: 3 | AL165: 1 | AM165: 0 | AN165: 0 | AO165: 0 | AP165: 0
B166: 0 | C166: 23 | D166: 91 | E166: 272 | F166: 545 | G166: 545 | H166: 523 | I166: 477 | J166: 409 | K166: 432 | L166: 545 | M166: 364 | N166: 68 | O166: 23 | P166: 0 | Q166: 0 | R166: 0 | S166: 0 | T166: 45 | U166: 91 | V166: 136 | W166: 409 | X166: 795 | Y166: 1136 | Z166: 840 | AA166: 545 | AB166: 296 | AC166: 227 | AD166: 181 | AE166: 159 | AF166: 136 | AG166: 113 | AH166: 23 | AI166: 0 | AJ166: 0 | AK166: 0 | AL166: 0 | AM166: 0 | AN166: 0 | AO166: 0 | AP166: 0
B167: 0 | C167: 0 | D167: 0 | E167: 0 | F167: 0 | G167: 0 | H167: 0 | I167: 0 | J167: 0 | K167: 0 | L167: 0 | M167: 0 | N167: 0 | O167: 0 | P167: 0 | Q167: 22 | R167: 114 | S167: 137 | T167: 182 | U167: 206 | V167: 297 | W167: 707 | X167: 1426 | Y167: 1711 | Z167: 1426 | AA167: 1254 | AB167: 707 | AC167: 502 | AD167: 297 | AE167: 228 | AF167: 114 | AG167: 69 | AH167: 137 | AI167: 69 | AJ167: 22 | AK167: 46 | AL167: 22 | AM167: 0 | AN167: 0 | AO167: 0 | AP167: 0
B168: 0 | C168: 0 | D168: 0 | E168: 0 | F168: 0 | G168: 8 | H168: 16 | I168: 8 | J168: 4 | K168: 0 | L168: 4 | M168: 8 | N168: 41 | O168: 90 | P168: 160 | Q168: 340 | R168: 872 | S168: 1743 | T168: 2472 | U168: 3355 | V168: 3441 | W168: 3270 | X168: 4325 | Y168: 4657 | Z168: 4153 | AA168: 3245 | AB168: 2545 | AC168: 1731 | AD168: 1166 | AE168: 777 | AF168: 585 | AG168: 401 | AH168: 274 | AI168: 258 | AJ168: 209 | AK168: 147 | AL168: 217 | AM168: 147 | AN168: 123 | AO168: 45 | AP168: 0
B169: 0 | C169: 0 | D169: 0 | E169: 0 | F169: 0 | G169: 0 | H169: 0 | I169: 3 | J169: 6 | K169: 8 | L169: 16 | M169: 16 | N169: 19 | O169: 19 | P169: 22 | Q169: 31 | R169: 62 | S169: 136 | T169: 215 | U169: 399 | V169: 535 | W169: 615 | X169: 818 | Y169: 848 | Z169: 949 | AA169: 987 | AB169: 888 | AC169: 906 | AD169: 822 | AE169: 821 | AF169: 725 | AG169: 585 | AH169: 439 | AI169: 353 | AJ169: 277 | AK169: 259 | AL169: 242 | AM169: 179 | AN169: 199 | AO169: 150 | AP169: 0
B170: 3 | C170: 8 | D170: 18 | E170: 13 | F170: 13 | G170: 27 | H170: 39 | I170: 29 | J170: 14 | K170: 17 | L170: 24 | M170: 36 | N170: 51 | O170: 63 | P170: 64 | Q170: 67 | R170: 57 | S170: 37 | T170: 23 | U170: 17 | V170: 30 | W170: 53 | X170: 165 | Y170: 397 | Z170: 691 | AA170: 1066 | AB170: 1337 | AC170: 1260 | AD170: 1255 | AE170: 896 | AF170: 637 | AG170: 478 | AH170: 369 | AI170: 287 | AJ170: 257 | AK170: 207 | AL170: 195 | AM170: 141 | AN170: 140 | AO170: 109 | AP170: 0
B171: 2 | C171: 6 | D171: 8 | E171: 10 | F171: 6 | G171: 21 | H171: 52 | I171: 61 | J171: 43 | K171: 44 | L171: 74 | M171: 95 | N171: 106 | O171: 169 | P171: 254 | Q171: 395 | R171: 533 | S171: 830 | T171: 1110 | U171: 1215 | V171: 1071 | W171: 861 | X171: 537 | Y171: 337 | Z171: 249 | AA171: 308 | AB171: 376 | AC171: 408 | AD171: 335 | AE171: 213 | AF171: 200 | AG171: 160 | AH171: 130 | AI171: 92 | AJ171: 61 | AK171: 44 | AL171: 19 | AM171: 10 | AN171: 7 | AO171: 8 | AP171: 0
B172: 0 | C172: 0 | D172: 0 | E172: 0 | F172: 0 | G172: 0 | H172: 0 | I172: 4 | J172: 22 | K172: 60 | L172: 73 | M172: 95 | N172: 186 | O172: 354 | P172: 739 | Q172: 1663 | R172: 2985 | S172: 3961 | T172: 4250 | U172: 3615 | V172: 2985 | W172: 2134 | X172: 1559 | Y172: 1378 | Z172: 1309 | AA172: 1304 | AB172: 1266 | AC172: 1136 | AD172: 981 | AE172: 1019 | AF172: 972 | AG172: 1149 | AH172: 1058 | AI172: 1045 | AJ172: 1088 | AK172: 1145 | AL172: 1045 | AM172: 747 | AN172: 596 | AO172: 354 | AP172: 0
B173: 0 | C173: 0 | D173: 0 | E173: 0 | F173: 0 | G173: 0 | H173: 0 | I173: 0 | J173: 0 | K173: 7 | L173: 179 | M173: 365 | N173: 3204 | O173: 4837 | P173: 2294 | Q173: 2723 | R173: 1988 | S173: 1212 | T173: 877 | U173: 1009 | V173: 1157 | W173: 1309 | X173: 2110 | Y173: 2874 | Z173: 3570 | AA173: 3979 | AB173: 3959 | AC173: 2848 | AD173: 2080 | AE173: 1295 | AF173: 705 | AG173: 498 | AH173: 386 | AI173: 297 | AJ173: 260 | AK173: 251 | AL173: 260 | AM173: 237 | AN173: 191 | AO173: 185 | AP173: 0
B174: 0 | C174: 0 | D174: 0 | E174: 0 | F174: 0 | G174: 0 | H174: 0 | I174: 0 | J174: 0 | K174: 0 | L174: 22 | M174: 45 | N174: 90 | O174: 90 | P174: 127 | Q174: 187 | R174: 247 | S174: 284 | T174: 486 | U174: 860 | V174: 1533 | W174: 2326 | X174: 3373 | Y174: 4548 | Z174: 5221 | AA174: 6769 | AB174: 8579 | AC174: 9410 | AD174: 7353 | AE174: 6119 | AF174: 4473 | AG174: 3194 | AH174: 2409 | AI174: 1855 | AJ174: 1279 | AK174: 808 | AL174: 554 | AM174: 292 | AN174: 202 | AO174: 90 | AP174: 0
B175: 0 | C175: 0 | D175: 0 | E175: 3 | F175: 0 | G175: 13 | H175: 62 | I175: 112 | J175: 85 | K175: 102 | L175: 131 | M175: 99 | N175: 118 | O175: 927 | P175: 2308 | Q175: 1107 | R175: 686 | S175: 628 | T175: 658 | U175: 813 | V175: 1134 | W175: 1749 | X175: 2249 | Y175: 2786 | Z175: 2851 | AA175: 3441 | AB175: 4354 | AC175: 4262 | AD175: 3939 | AE175: 3496 | AF175: 2993 | AG175: 1877 | AH175: 1405 | AI175: 1469 | AJ175: 1237 | AK175: 1167 | AL175: 1130 | AM175: 864 | AN175: 687 | AO175: 616 | AP175: 504
... B200: 0 | C200: 0 | D200: 0 | E200: 0 | F200: 0 | G200: 0 | H200: 0 | I200: 3.9603821 | J200: 41.79291 | K200: 63.592828 | L200: 172.9608 | M200: 438.05057 | N200: 1094.57 | O200: 2353.8653 | P200: 2871.8253 | Q200: 2719.8594 | R200: 2936.9743 | S200: 3425.417 | T200: 3244.0167 | U200: 3366.1927 | V200: 3408.4992 | W200: 3683.6381 | X200: 3378.7434 | Y200: 3121.8507 | Z200: 2803.6438 | AA200: 2203.72 | AB200: 1289.14 | AC200: 711.14531 | AD200: 416.94473 | AE200: 214.03756 | AF200: 189.81496 | AG200: 136.12373 | AH200: 31.61674 | AI200: 18.428505 | AJ200: 7.5271921 | AK200: 5.6703593 | AL200: 9.5748193 | AM200: 5.6064344 | AN200: 0.57712668 | AO200: 0 | AP200: 0
B201: #Fwtatage
B202: 0.05 | C202: 0.089 | D202: 0.129 | E202: 0.189 | F202: 0.248 | G202: 0.313 | H202: 0.396 | I202: 0.488 | J202: 0.584 | K202: 0.728 | L202: 0.88 | M202: 1.115
B203: 0.05 | C203: 0.089 | D203: 0.129 | E203: 0.189 | F203: 0.248 | G203: 0.313 | H203: 0.396 | I203: 0.488 | J203: 0.584 | K203: 0.728 | L203: 0.88 | M203: 1.115
B204: 0.05 | C204: 0.089 | D204: 0.129 | E204: 0.189 | F204: 0.248 | G204: 0.313 | H204: 0.396 | I204: 0.488 | J204: 0.584 | K204: 0.728 | L204: 0.88 | M204: 1.115
B205: 0.05 | C205: 0.089 | D205: 0.129 | E205: 0.189 | F205: 0.248 | G205: 0.313 | H205: 0.396 | I205: 0.488 | J205: 0.584 | K205: 0.728 | L205: 0.88 | M205: 1.115
B206: 0.05 | C206: 0.089 | D206: 0.129 | E206: 0.189 | F206: 0.248 | G206: 0.313 | H206: 0.396 | I206: 0.488 | J206: 0.584 | K206: 0.728 | L206: 0.88 | M206: 1.115
B207: 0.05 | C207: 0.089 | D207: 0.129 | E207: 0.189 | F207: 0.248 | G207: 0.313 | H207: 0.396 | I207: 0.488 | J207: 0.584 | K207: 0.728 | L207: 0.88 | M207: 1.115
B208: 0.05 | C208: 0.089 | D208: 0.129 | E208: 0.189 | F208: 0.248 | G208: 0.313 | H208: 0.396 | I208: 0.488 | J208: 0.584 | K208: 0.728 | L208: 0.88 | M208: 1.115
B209: 0.05 | C209: 0.089 | D209: 0.129 | E209: 0.189 | F209: 0.248 | G209: 0.313 | H209: 0.396 | I209: 0.488 | J209: 0.584 | K209: 0.728 | L209: 0.88 | M209: 1.115
B210: 0.05 | C210: 0.105 | D210: 0.124 | E210: 0.163 | F210: 0.204 | G210: 0.314 | H210: 0.369 | I210: 0.405 | J210: 0.434 | K210: 0.453 | L210: 0.59 | M210: 1.115
B211: 0.05 | C211: 0.108 | D211: 0.163 | E211: 0.179 | F211: 0.217 | G211: 0.274 | H211: 0.37 | I211: 0.42 | J211: 0.474 | K211: 0.629 | L211: 0.633 | M211: 1.115
...

Sheet Mod1.9.dat
B1: #years Data file w/ only new offshore CPUE (GAM) given weight as an index
B2: 1970
B3: 2017
B4: #ages
B5: 1
B6: 12
B7: #nbins
B8: 41
B9: #lengthbin
B10: 10 | C10: 11 | D10: 12 | E10: 13 | F10: 14 | G10: 15 | H10: 16 | I10: 17 | J10: 18 | K10: 19 | L10: 20 | M10: 21 | N10: 22 | O10: 23 | P10: 24 | Q10: 25 | R10: 26 | S10: 27 | T10: 28 | U10: 29 | V10: 30 | W10: 31 | X10: 32 | Y10: 33 | Z10: 34 | AA10: 35 | AB10: 36 | AC10: 37 | AD10: 38 | AE10: 39 | AF10: 40 | AG10: 41 | AH10: 42 | AI10: 43 | AJ10: 44 | AK10: 45 | AL10: 46 | AM10: 47 | AN10: 48 | AO10: 49 | AP10: 50
B11: #Fnum
B12: 4
B13: #Fnames
B14: N_Chile%SC_Chile_PS%FarNorth%Offshore_Trawl
B15: #Fcaton
B16: 101.69 | C16: 143.45 | D16: 64.46 | E16: 83.2 | F16: 164.76 | G16: 207.33 | H16: 257.7 | I16: 226.23 | J16: 398.41 | K16: 344.05 | L16: 288.81 | M16: 474.82 | N16: 789.91 | O16: 301.93 | P16: 727 | Q16: 511.15 | R16: 55.21 | S16: 313.31 | T16: 325.46 | U16: 338.6 | V16: 323.09 | W16: 346.25 | X16: 304.24 | Y16: 379.47 | Z16: 222.25 | AA16: 230.18 | AB16: 278.44 | AC16: 104.2 | AD16: 30.27 | AE16: 55.65 | AF16: 118.73 | AG16: 248.1 | AH16: 108.73 | AI16: 143.28 | AJ16: 158.66 | AK16: 165.63 | AL16: 155.26 | AM16: 172.701 | AN16: 167.258 | AO16: 134.022 | AP16: 169.012 | AQ16: 30.825 | AR16: 13.256 | AS16: 16.361 | AT16: 18.219 | AU16: 34.886 | AV16: 24.657 | AW16: 35.002
B17: 10.31 | C17: 14.99 | D17: 22.55 | E17: 38.39 | F17: 28.75 | G17: 53.88 | H17: 84.57 | I17: 114.57 | J17: 188.27 | K17: 253.46 | L17: 273.45 | M17: 586.09 | N17: 704.77 | O17: 563.34 | P17: 699.3 | Q17: 945.84 | R17: 1129.11 | S17: 1456.73 | T17: 1812.79 | U17: 2051.52 | V17: 2148.79 | W17: 2674.27 | X17: 2907.82 | Y17: 2856.78 | Z17: 3819.19 | AA17: 4174.02 | AB17: 3604.89 | AC17: 2812.87 | AD17: 1582.64 | AE17: 1164.04 | AF17: 1115.57 | AG17: 1401.84 | AH17: 1410.27 | AI17: 1278.02 | AJ17: 1292.94 | AK17: 1264.81 | AL17: 1224.69 | AM17: 1130.083 | AN17: 728.85 | AO17: 700.905 | AP17: 295.796 | AQ17: 216.47 | AR17: 214.204 | AS17: 214.999 | AT17: 254.295 | AU17: 250.327 | AV17: 295.16 | AW17: 311.863
B18: 4.71 | C18: 9.19 | D18: 18.78 | E18: 42.78 | F18: 129.21 | G18: 37.9 | H18: 54.15 | I18: 504.99 | J18: 386.79 | K18: 333.81 | L18: 414.3 | M18: 445.64 | N18: 143.72 | O18: 110.69 | P18: 200.67 | Q18: 114.62 | R18: 51.03 | S18: 46.3 | T18: 244.23 | U18: 316.25 | V18: 370.82 | W18: 213.45 | X18: 111.68 | Y18: 133.35 | Z18: 233.35 | AA18: 550.99 | AB18: 495.52 | AC18: 680.05 | AD18: 412.85 | AE18: 203.75 | AF18: 303.7 | AG18: 857.74 | AH18: 154.82 | AI18: 217.73 | AJ18: 187.37 | AK18: 80.66 | AL18: 277.57 | AM18: 255.36 | AN18: 169.537 | AO18: 76.629 | AP18: 22.172 | AQ18: 326.394 | AR18: 187.396 | AS18: 80.586 | AT18: 74.532 | AU18: 22.447 | AV18: 15.088 | AW18: 5.186
B19: 0 | C19: 0 | D19: 5.5 | E19: 0 | F19: 0 | G19: 0 | H19: 0.04 | I19: 2.27 | J19: 51.29 | K19: 370.29 | L19: 339.8 | M19: 438.12 | N19: 733.2 | O19: 894.3 | P19: 1059.93 | Q19: 799.32 | R19: 837.5 | S19: 863.42 | T19: 863.22 | U19: 875.82 | V19: 872.06 | W19: 543.66 | X19: 37.93 | Y19: 0 | Z19: 0 | AA19: 0 | AB19: 0 | AC19: 0 | AD19: 0 | AE19: 0.01 | AF19: 2.32 | AG19: 20.09 | AH19: 76.26 | AI19: 158.2 | AJ19: 295.44 | AK19: 243.58 | AL19: 362.63 | AM19: 438.8306 | AN19: 406.9864 | AO19: 371.9176 | AP19: 239.593 | AQ19: 60.89131 | AR19: 39.91786 | AS19: 41.177 | AT19: 63.652 | AU19: 86.717 | AV19: 53.671 | AW19: 50
B20: #Fcatonerr
B21: 0.05 | C21: 0.05 | D21: 0.05 | E21: 0.05 | F21: 0.05 | G21: 0.05 | H21: 0.05 | I21: 0.05 | J21: 0.05 | K21: 0.05 | L21: 0.05 | M21: 0.05 | N21: 0.05 | O21: 0.05 | P21: 0.05 | Q21: 0.05 | R21: 0.05 | S21: 0.05 | T21: 0.05 | U21: 0.05 | V21: 0.05 | W21: 0.05 | X21: 0.05 | Y21: 0.05 | Z21: 0.05 | AA21: 0.05 | AB21: 0.05 | AC21: 0.05 | AD21: 0.05 | AE21: 0.05 | AF21: 0.05 | AG21: 0.05 | AH21: 0.05 | AI21: 0.05 | AJ21: 0.05 | AK21: 0.05 | AL21: 0.05 | AM21: 0.05 | AN21: 0.05 | AO21: 0.05 | AP21: 0.05 | AQ21: 0.05 | AR21: 0.05 | AS21: 0.05 | AT21: 0.05 | AU21: 0.05 | AV21: 0.05 | AW21: 0.05
B22: 0.05 | C22: 0.05 | D22: 0.05 | E22: 0.05 | F22: 0.05 | G22: 0.05 | H22: 0.05 | I22: 0.05 | J22: 0.05 | K22: 0.05 | L22: 0.05 | M22: 0.05 | N22: 0.05 | O22: 0.05 | P22: 0.05 | Q22: 0.05 | R22: 0.05 | S22: 0.05 | T22: 0.05 | U22: 0.05 | V22: 0.05 | W22: 0.05 | X22: 0.05 | Y22: 0.05 | Z22: 0.05 | AA22: 0.05 | AB22: 0.05 | AC22: 0.05 | AD22: 0.05 | AE22: 0.05 | AF22: 0.05 | AG22: 0.05 | AH22: 0.05 | AI22: 0.05 | AJ22: 0.05 | AK22: 0.05 | AL22: 0.05 | AM22: 0.05 | AN22: 0.05 | AO22: 0.05 | AP22: 0.05 | AQ22: 0.05 | AR22: 0.05 | AS22: 0.05 | AT22: 0.05 | AU22: 0.05 | AV22: 0.05 | AW22: 0.05
B23: 0.05 | C23: 0.05 | D23: 0.05 | E23: 0.05 | F23: 0.05 | G23: 0.05 | H23: 0.05 | I23: 0.05 | J23: 0.05 | K23: 0.05 | L23: 0.05 | M23: 0.05 | N23: 0.05 | O23: 0.05 | P23: 0.05 | Q23: 0.05 | R23: 0.05 | S23: 0.05 | T23: 0.05 | U23: 0.05 | V23: 0.05 | W23: 0.05 | X23: 0.05 | Y23: 0.05 | Z23: 0.05 | AA23: 0.05 | AB23: 0.05 | AC23: 0.05 | AD23: 0.05 | AE23: 0.05 | AF23: 0.05 | AG23: 0.05 | AH23: 0.05 | AI23: 0.05 | AJ23: 0.05 | AK23: 0.05 | AL23: 0.05 | AM23: 0.05 | AN23: 0.05 | AO23: 0.05 | AP23: 0.05 | AQ23: 0.05 | AR23: 0.05 | AS23: 0.05 | AT23: 0.05 | AU23: 0.05 | AV23: 0.05 | AW23: 0.05
B24: 0.05 | C24: 0.05 | D24: 0.05 | E24: 0.05 | F24: 0.05 | G24: 0.05 | H24: 0.05 | I24: 0.05 | J24: 0.05 | K24: 0.05 | L24: 0.05 | M24: 0.05 | N24: 0.05 | O24: 0.05 | P24: 0.05 | Q24: 0.05 | R24: 0.05 | S24: 0.05 | T24: 0.05 | U24: 0.05 | V24: 0.05 | W24: 0.05 | X24: 0.05 | Y24: 0.05 | Z24: 0.05 | AA24: 0.05 | AB24: 0.05 | AC24: 0.05 | AD24: 0.05 | AE24: 0.05 | AF24: 0.05 | AG24: 0.05 | AH24: 0.05 | AI24: 0.05 | AJ24: 0.05 | AK24: 0.05 | AL24: 0.05 | AM24: 0.05 | AN24: 0.05 | AO24: 0.05 | AP24: 0.05 | AQ24: 0.05 | AR24: 0.05 | AS24: 0.05 | AT24: 0.05 | AU24: 0.05 | AV24: 0.05 | AW24: 0.05
B25: #FnumyearsA
B26: 42 # 43
B27: 43
B28: 0
B29: 28 # 29
B30: #FnumyearsL
B31: 0
B32: 0
B33: 37
B34: 0
B35: #Fageyears
B36: 1975 | C36: 1976 | D36: 1977 | E36: 1978 | F36: 1979 | G36: 1980 | H36: 1981 | I36: 1982 | J36: 1983 | K36: 1984 | L36: 1985 | M36: 1986 | N36: 1987 | O36: 1988 | P36: 1989 | Q36: 1990 | R36: 1991 | S36: 1992 | T36: 1993 | U36: 1994 | V36: 1995 | W36: 1996 | X36: 1997 | Y36: 1998 | Z36: 1999 | AA36: 2000 | AB36: 2001 | AC36: 2002 | AD36: 2003 | AE36: 2004 | AF36: 2005 | AG36: 2006 | AH36: 2007 | AI36: 2008 | AJ36: 2009 | AK36: 2010 | AL36: 2011 | AM36: 2012 | AN36: 2013 | AO36: 2014 | AP36: 2015 | AQ36: 2016 | AR36: # 2017
B37: 1975 | C37: 1976 | D37: 1977 | E37: 1978 | F37: 1979 | G37: 1980 | H37: 1981 | I37: 1982 | J37: 1983 | K37: 1984 | L37: 1985 | M37: 1986 | N37: 1987 | O37: 1988 | P37: 1989 | Q37: 1990 | R37: 1991 | S37: 1992 | T37: 1993 | U37: 1994 | V37: 1995 | W37: 1996 | X37: 1997 | Y37: 1998 | Z37: 1999 | AA37: 2000 | AB37: 2001 | AC37: 2002 | AD37: 2003 | AE37: 2004 | AF37: 2005 | AG37: 2006 | AH37: 2007 | AI37: 2008 | AJ37: 2009 | AK37: 2010 | AL37: 2011 | AM37: 2012 | AN37: 2013 | AO37: 2014 | AP37: 2015 | AQ37: 2016 | AR37: 2017
B38: 1979 | C38: 1980 | D38: 1981 | E38: 1982 | F38: 1983 | G38: 1984 | H38: 1985 | I38: 1986 | J38: 1987 | K38: 1988 | L38: 1989 | M38: 1990 | N38: 1991 | O38: 2000 | P38: 2001 | Q38: 2002 | R38: 2003 | S38: 2006 | T38: 2007 | U38: 2008 | V38: 2009 | W38: 2010 | X38: 2011 | Y38: 2012 | Z38: 2013 | AA38: 2014 | AB38: 2015 | AC38: 2016 | AD38: # 2017
B39: #Flengthyears
B40: 1980 | C40: 1981 | D40: 1982 | E40: 1983 | F40: 1984 | G40: 1985 | H40: 1986 | I40: 1987 | J40: 1988 | K40: 1989 | L40: 1990 | M40: 1991 | N40: 1992 | O40: 1993 | P40: 1994 | Q40: 1995 | R40: 1996 | S40: 1997 | T40: 1998 | U40: 1999 | V40: 2000 | W40: 2001 | X40: 2002 | Y40: 2003 | Z40: 2004 | AA40: 2005 | AB40: 2006 | AC40: 2007 | AD40: 2008 | AE40: 2009 | AF40: 2010 | AG40: 2011 | AH40: 2012 | AI40: 2013 | AJ40: 2014 | AK40: 2015 | AL40: 2016
B41: #Fagesample
B42: 20 | C42: 20 | D42: 20 | E42: 20 | F42: 20 | G42: 20 | H42: 20 | I42: 20 | J42: 20 | K42: 20 | L42: 20 | M42: 20 | N42: 20 | O42: 20 | P42: 20 | Q42: 20 | R42: 20 | S42: 20 | T42: 20 | U42: 20 | V42: 20 | W42: 20 | X42: 20 | Y42: 20 | Z42: 20 | AA42: 20 | AB42: 20 | AC42: 20 | AD42: 20 | AE42: 20 | AF42: 20 | AG42: 20 | AH42: 20 | AI42: 20 | AJ42: 20 | AK42: 20 | AL42: 20 | AM42: 20 | AN42: 20 | AO42: 20 | AP42: 20 | AQ42: 20 | AR42: # 20
B43: 50 | C43: 50 | D43: 50 | E43: 50 | F43: 50 | G43: 50 | H43: 50 | I43: 50 | J43: 50 | K43: 50 | L43: 50 | M43: 50 | N43: 50 | O43: 50 | P43: 50 | Q43: 50 | R43: 50 | S43: 50 | T43: 50 | U43: 50 | V43: 50 | W43: 50 | X43: 50 | Y43: 50 | Z43: 50 | AA43: 50 | AB43: 50 | AC43: 50 | AD43: 50 | AE43: 50 | AF43: 50 | AG43: 50 | AH43: 50 | AI43: 50 | AJ43: 50 | AK43: 50 | AL43: 50 | AM43: 50 | AN43: 50 | AO43: 50 | AP43: 50 | AQ43: 50 | AR43: 5
B44: 50 | C44: 50 | D44: 50 | E44: 50 | F44: 50 | G44: 50 | H44: 50 | I44: 50 | J44: 50 | K44: 50 | L44: 50 | M44: 50 | N44: 50 | O44: 30 | P44: 30 | Q44: 30 | R44: 30 | S44: 30 | T44: 30 | U44: 30 | V44: 30 | W44: 30 | X44: 30 | Y44: 30 | Z44: 30 | AA44: 30 | AB44: 30 | AC44: 30 | AD44: # 30
B45: #Flengthsample
B46: 30 | C46: 30 | D46: 30 | E46: 30 | F46: 30 | G46: 30 | H46: 30 | I46: 30 | J46: 30 | K46: 30 | L46: 30 | M46: 30 | N46: 30 | O46: 30 | P46: 30 | Q46: 30 | R46: 30 | S46: 30 | T46: 30 | U46: 30 | V46: 30 | W46: 30 | X46: 30 | Y46: 30 | Z46: 30 | AA46: 30 | AB46: 30 | AC46: 30 | AD46: 30 | AE46: 30 | AF46: 30 | AG46: 30 | AH46: 30 | AI46: 30 | AJ46: 30 | AK46: 30 | AL46: 30
B47: #Fagecomp
B48: 0 | C48: 4073 | D48: 13776 | E48: 44143 | F48: 60659 | G48: 166146 | H48: 171002 | I48: 81053 | J48: 29641 | K48: 8253 | L48: 4552 | M48: 1070
B49: 0 | C49: 27 | D49: 1676 | E49: 10342 | F49: 62211 | G49: 190616 | H49: 229530 | I49: 109553 | J49: 17356 | K49: 4612 | L49: 104 | M49: 0
B50: 122 | C50: 12767 | D50: 20036 | E50: 48155 | F50: 149760 | G50: 239459 | H50: 184136 | I50: 68069 | J50: 10018 | K50: 155 | L50: 0 | M50: 0
B51: 0 | C51: 5910 | D51: 92821 | E51: 171908 | F51: 149947 | G51: 99992 | H51: 274829 | I51: 227407 | J51: 75025 | K51: 11649 | L51: 99 | M51: 0
B52: 0 | C52: 0 | D52: 40320 | E52: 104406 | F52: 202313 | G52: 247236 | H52: 261704 | I52: 212251 | J52: 72124 | K52: 7503 | L52: 87 | M52: 0
B53: 0 | C53: 5663 | D53: 19209 | E53: 39611 | F53: 120365 | G53: 158767 | H53: 188736 | I53: 133955 | J53: 25201 | K53: 792 | L53: 0 | M53: 0
B54: 0 | C54: 0 | D54: 17592 | E54: 107026 | F54: 226852 | G54: 272757 | H54: 332572 | I54: 167387 | J54: 32014 | K54: 4135 | L54: 31 | M54: 0
B55: 0 | C55: 1674 | D55: 29021 | E55: 332623 | F55: 362536 | G55: 484944 | H55: 639872 | I55: 367034 | J55: 127157 | K55: 21795 | L55: 225 | M55: 0
B56: 0 | C56: 102 | D56: 1966 | E56: 49812 | F56: 151839 | G56: 222327 | H56: 205704 | I56: 103468 | J56: 21178 | K56: 556 | L56: 27 | M56: 0
B57: 0 | C57: 4148 | D57: 232259 | E57: 599923 | F57: 284517 | G57: 284809 | H57: 377052 | I57: 318705 | J57: 67881 | K57: 4009 | L57: 0 | M57: 0
B58: 0 | C58: 886 | D58: 53397 | E58: 255301 | F58: 400091 | G58: 427340 | H58: 252577 | I58: 73876 | J58: 12239 | K58: 1256 | L58: 0 | M58: 0
B59: 4646 | C59: 15143 | D59: 14153 | E59: 8069 | F59: 9791 | G59: 17324 | H59: 26790 | I59: 15727 | J59: 6358 | K59: 1078 | L59: 0 | M59: 0
... B89: 0 | C89: 0 | D89: 0.11949623 | E89: 0.19185401 | F89: 0.12836256 | G89: 0.21069755 | H89: 0.15136514 | I89: 0.081497641 | J89: 0.075119213 | K89: 0.026336113 | L89: 0.009888114 | M89: 0.005383425
B90: # 0 | C90: 0 | D90: 0.11953631 | E90: 0.19191836 | F90: 0.12840562 | G90: 0.21076822 | H90: 0.15141591 | I90: 0.081524975 | J90: 0.075144408 | K90: 0.026344946 | L90: 0.00989143 | M90: 0.005049835
B91: 0 | C91: 0 | D91: 355 | E91: 633 | F91: 2259 | G91: 7108 | H91: 11305 | I91: 10032 | J91: 5551 | K91: 1867 | L91: 999 | M91: 190
B92: 0 | C92: 1272 | D92: 364 | E92: 353 | F92: 1550 | G92: 17545 | H92: 45885 | I92: 38920 | J92: 18306 | K92: 2707 | L92: 37 | M92: 0
B93: 1 | C93: 223 | D93: 462 | E93: 5493 | F93: 19717 | G93: 34341 | H93: 61594 | I93: 47567 | J93: 7128 | K93: 684 | L93: 70 | M93: 4
B94: 0 | C94: 595 | D94: 4226 | E94: 20574 | F94: 70250 | G94: 115605 | H94: 96857 | I94: 45404 | J94: 12171 | K94: 1330 | L94: 0 | M94: 0
B95: 0 | C95: 20 | D95: 13439 | E95: 147552 | F95: 206176 | G95: 210012 | H95: 208192 | I95: 180490 | J95: 120831 | K95: 48163 | L95: 4206 | M95: 904
B96: 2152 | C96: 3996 | D96: 8314 | E96: 128820 | F96: 322829 | G96: 356395 | H96: 311998 | I96: 166713 | J96: 78325 | K96: 17706 | L96: 686 | M96: 995
B97: 0 | C97: 2419 | D97: 8973 | E97: 83655 | F97: 392031 | G97: 696981 | H97: 627159 | I97: 326988 | J97: 99193 | K97: 23220 | L97: 3581 | M97: 800
B98: 1324 | C98: 4221 | D98: 8889 | E98: 118067 | F98: 618244 | G98: 826235 | H98: 877968 | I98: 626789 | J98: 224844 | K98: 57471 | L98: 10391 | M98: 13914
B99: 1624 | C99: 98937 | D99: 191076 | E99: 314984 | F99: 749070 | G99: 1084641 | H99: 1113032 | I99: 548218 | J99: 207964 | K99: 30697 | L99: 3760 | M99: 1259
B100: 98 | C100: 7977 | D100: 190091 | E100: 357918 | F100: 447250 | G100: 985396 | H100: 1175198 | I100: 851961 | J100: 292315 | K100: 38931 | L100: 7977 | M100: 394
B101: 53 | C101: 889 | D101: 39763 | E101: 372792 | F101: 621888 | G101: 1131123 | H101: 1405139 | I101: 725890 | J101: 182303 | K101: 21926 | L101: 2839 | M101: 2111
B102: 7703 | C102: 32892 | D102: 50408 | E102: 254334 | F102: 720436 | G102: 1125301 | H102: 1563727 | I102: 833125 | J102: 141461 | K102: 12640 | L102: 1048 | M102: 651
... B161: 0 | C161: 0.017012139 | D161: 0.13048412 | E161: 0.20502442 | F161: 0.23870457 | G161: 0.17149799 | H161: 0.113947 | I161: 0.058575553 | J161: 0.033933892 | K161: 0.021002765 | L161: 0.002922093 | M161: 0.006895466
B162: # 0 | C162: 0 | D162: 0.014051333 | E162: 0.14690046 | F162: 0.18530098 | G162: 0.19901178 | H162: 0.10051017 | I162: 0.091748253 | J162: 0.089864284 | K162: 0.079140051 | L162: 0.059299454 | M162: 0.034173237
B163: #Flengthcomp
B164: 44 | C164: 59 | D164: 71 | E164: 59 | F164: 126 | G164: 67 | H164: 184 | I164: 105 | J164: 67 | K164: 50 | L164: 0 | M164: 0 | N164: 0 | O164: 33 | P164: 46 | Q164: 25 | R164: 9 | S164: 9 | T164: 50 | U164: 101 | V164: 134 | W164: 209 | X164: 318 | Y164: 471 | Z164: 419 | AA164: 343 | AB164: 251 | AC164: 184 | AD164: 134 | AE164: 84 | AF164: 50 | AG164: 33 | AH164: 33 | AI164: 29 | AJ164: 17 | AK164: 9 | AL164: 9 | AM164: 0 | AN164: 0 | AO164: 0 | AP164: 0
B165: 0 | C165: 0 | D165: 0 | E165: 0 | F165: 0 | G165: 0 | H165: 0 | I165: 0 | J165: 0 | K165: 0 | L165: 0 | M165: 0 | N165: 0 | O165: 0 | P165: 0 | Q165: 0 | R165: 6 | S165: 14 | T165: 28 | U165: 101 | V165: 129 | W165: 105 | X165: 109 | Y165: 112 | Z165: 105 | AA165: 87 | AB165: 78 | AC165: 62 | AD165: 50 | AE165: 36 | AF165: 34 | AG165: 22 | AH165: 20 | AI165: 17 | AJ165: 8 | AK165: 3 | AL165: 1 | AM165: 0 | AN165: 0 | AO165: 0 | AP165: 0
B166: 0 | C166: 23 | D166: 91 | E166: 272 | F166: 545 | G166: 545 | H166: 523 | I166: 477 | J166: 409 | K166: 432 | L166: 545 | M166: 364 | N166: 68 | O166: 23 | P166: 0 | Q166: 0 | R166: 0 | S166: 0 | T166: 45 | U166: 91 | V166: 136 | W166: 409 | X166: 795 | Y166: 1136 | Z166: 840 | AA166: 545 | AB166: 296 | AC166: 227 | AD166: 181 | AE166: 159 | AF166: 136 | AG166: 113 | AH166: 23 | AI166: 0 | AJ166: 0 | AK166: 0 | AL166: 0 | AM166: 0 | AN166: 0 | AO166: 0 | AP166: 0
B167: 0 | C167: 0 | D167: 0 | E167: 0 | F167: 0 | G167: 0 | H167: 0 | I167: 0 | J167: 0 | K167: 0 | L167: 0 | M167: 0 | N167: 0 | O167: 0 | P167: 0 | Q167: 22 | R167: 114 | S167: 137 | T167: 182 | U167: 206 | V167: 297 | W167: 707 | X167: 1426 | Y167: 1711 | Z167: 1426 | AA167: 1254 | AB167: 707 | AC167: 502 | AD167: 297 | AE167: 228 | AF167: 114 | AG167: 69 | AH167: 137 | AI167: 69 | AJ167: 22 | AK167: 46 | AL167: 22 | AM167: 0 | AN167: 0 | AO167: 0 | AP167: 0
B168: 0 | C168: 0 | D168: 0 | E168: 0 | F168: 0 | G168: 8 | H168: 16 | I168: 8 | J168: 4 | K168: 0 | L168: 4 | M168: 8 | N168: 41 | O168: 90 | P168: 160 | Q168: 340 | R168: 872 | S168: 1743 | T168: 2472 | U168: 3355 | V168: 3441 | W168: 3270 | X168: 4325 | Y168: 4657 | Z168: 4153 | AA168: 3245 | AB168: 2545 | AC168: 1731 | AD168: 1166 | AE168: 777 | AF168: 585 | AG168: 401 | AH168: 274 | AI168: 258 | AJ168: 209 | AK168: 147 | AL168: 217 | AM168: 147 | AN168: 123 | AO168: 45 | AP168: 0
B169: 0 | C169: 0 | D169: 0 | E169: 0 | F169: 0 | G169: 0 | H169: 0 | I169: 3 | J169: 6 | K169: 8 | L169: 16 | M169: 16 | N169: 19 | O169: 19 | P169: 22 | Q169: 31 | R169: 62 | S169: 136 | T169: 215 | U169: 399 | V169: 535 | W169: 615 | X169: 818 | Y169: 848 | Z169: 949 | AA169: 987 | AB169: 888 | AC169: 906 | AD169: 822 | AE169: 821 | AF169: 725 | AG169: 585 | AH169: 439 | AI169: 353 | AJ169: 277 | AK169: 259 | AL169: 242 | AM169: 179 | AN169: 199 | AO169: 150 | AP169: 0
B170: 3 | C170: 8 | D170: 18 | E170: 13 | F170: 13 | G170: 27 | H170: 39 | I170: 29 | J170: 14 | K170: 17 | L170: 24 | M170: 36 | N170: 51 | O170: 63 | P170: 64 | Q170: 67 | R170: 57 | S170: 37 | T170: 23 | U170: 17 | V170: 30 | W170: 53 | X170: 165 | Y170: 397 | Z170: 691 | AA170: 1066 | AB170: 1337 | AC170: 1260 | AD170: 1255 | AE170: 896 | AF170: 637 | AG170: 478 | AH170: 369 | AI170: 287 | AJ170: 257 | AK170: 207 | AL170: 195 | AM170: 141 | AN170: 140 | AO170: 109 | AP170: 0
B171: 2 | C171: 6 | D171: 8 | E171: 10 | F171: 6 | G171: 21 | H171: 52 | I171: 61 | J171: 43 | K171: 44 | L171: 74 | M171: 95 | N171: 106 | O171: 169 | P171: 254 | Q171: 395 | R171: 533 | S171: 830 | T171: 1110 | U171: 1215 | V171: 1071 | W171: 861 | X171: 537 | Y171: 337 | Z171: 249 | AA171: 308 | AB171: 376 | AC171: 408 | AD171: 335 | AE171: 213 | AF171: 200 | AG171: 160 | AH171: 130 | AI171: 92 | AJ171: 61 | AK171: 44 | AL171: 19 | AM171: 10 | AN171: 7 | AO171: 8 | AP171: 0
B172: 0 | C172: 0 | D172: 0 | E172: 0 | F172: 0 | G172: 0 | H172: 0 | I172: 4 | J172: 22 | K172: 60 | L172: 73 | M172: 95 | N172: 186 | O172: 354 | P172: 739 | Q172: 1663 | R172: 2985 | S172: 3961 | T172: 4250 | U172: 3615 | V172: 2985 | W172: 2134 | X172: 1559 | Y172: 1378 | Z172: 1309 | AA172: 1304 | AB172: 1266 | AC172: 1136 | AD172: 981 | AE172: 1019 | AF172: 972 | AG172: 1149 | AH172: 1058 | AI172: 1045 | AJ172: 1088 | AK172: 1145 | AL172: 1045 | AM172: 747 | AN172: 596 | AO172: 354 | AP172: 0
B173: 0 | C173: 0 | D173: 0 | E173: 0 | F173: 0 | G173: 0 | H173: 0 | I173: 0 | J173: 0 | K173: 7 | L173: 179 | M173: 365 | N173: 3204 | O173: 4837 | P173: 2294 | Q173: 2723 | R173: 1988 | S173: 1212 | T173: 877 | U173: 1009 | V173: 1157 | W173: 1309 | X173: 2110 | Y173: 2874 | Z173: 3570 | AA173: 3979 | AB173: 3959 | AC173: 2848 | AD173: 2080 | AE173: 1295 | AF173: 705 | AG173: 498 | AH173: 386 | AI173: 297 | AJ173: 260 | AK173: 251 | AL173: 260 | AM173: 237 | AN173: 191 | AO173: 185 | AP173: 0
B174: 0 | C174: 0 | D174: 0 | E174: 0 | F174: 0 | G174: 0 | H174: 0 | I174: 0 | J174: 0 | K174: 0 | L174: 22 | M174: 45 | N174: 90 | O174: 90 | P174: 127 | Q174: 187 | R174: 247 | S174: 284 | T174: 486 | U174: 860 | V174: 1533 | W174: 2326 | X174: 3373 | Y174: 4548 | Z174: 5221 | AA174: 6769 | AB174: 8579 | AC174: 9410 | AD174: 7353 | AE174: 6119 | AF174: 4473 | AG174: 3194 | AH174: 2409 | AI174: 1855 | AJ174: 1279 | AK174: 808 | AL174: 554 | AM174: 292 | AN174: 202 | AO174: 90 | AP174: 0
B175: 0 | C175: 0 | D175: 0 | E175: 3 | F175: 0 | G175: 13 | H175: 62 | I175: 112 | J175: 85 | K175: 102 | L175: 131 | M175: 99 | N175: 118 | O175: 927 | P175: 2308 | Q175: 1107 | R175: 686 | S175: 628 | T175: 658 | U175: 813 | V175: 1134 | W175: 1749 | X175: 2249 | Y175: 2786 | Z175: 2851 | AA175: 3441 | AB175: 4354 | AC175: 4262 | AD175: 3939 | AE175: 3496 | AF175: 2993 | AG175: 1877 | AH175: 1405 | AI175: 1469 | AJ175: 1237 | AK175: 1167 | AL175: 1130 | AM175: 864 | AN175: 687 | AO175: 616 | AP175: 504
... B200: 0 | C200: 0 | D200: 0 | E200: 0 | F200: 0 | G200: 0 | H200: 0 | I200: 3.9603821 | J200: 41.79291 | K200: 63.592828 | L200: 172.9608 | M200: 438.05057 | N200: 1094.57 | O200: 2353.8653 | P200: 2871.8253 | Q200: 2719.8594 | R200: 2936.9743 | S200: 3425.417 | T200: 3244.0167 | U200: 3366.1927 | V200: 3408.4992 | W200: 3683.6381 | X200: 3378.7434 | Y200: 3121.8507 | Z200: 2803.6438 | AA200: 2203.72 | AB200: 1289.14 | AC200: 711.14531 | AD200: 416.94473 | AE200: 214.03756 | AF200: 189.81496 | AG200: 136.12373 | AH200: 31.61674 | AI200: 18.428505 | AJ200: 7.5271921 | AK200: 5.6703593 | AL200: 9.5748193 | AM200: 5.6064344 | AN200: 0.57712668 | AO200: 0 | AP200: 0
B201: #Fwtatage
B202: 0.05 | C202: 0.089 | D202: 0.129 | E202: 0.189 | F202: 0.248 | G202: 0.313 | H202: 0.396 | I202: 0.488 | J202: 0.584 | K202: 0.728 | L202: 0.88 | M202: 1.115
B203: 0.05 | C203: 0.089 | D203: 0.129 | E203: 0.189 | F203: 0.248 | G203: 0.313 | H203: 0.396 | I203: 0.488 | J203: 0.584 | K203: 0.728 | L203: 0.88 | M203: 1.115
B204: 0.05 | C204: 0.089 | D204: 0.129 | E204: 0.189 | F204: 0.248 | G204: 0.313 | H204: 0.396 | I204: 0.488 | J204: 0.584 | K204: 0.728 | L204: 0.88 | M204: 1.115
B205: 0.05 | C205: 0.089 | D205: 0.129 | E205: 0.189 | F205: 0.248 | G205: 0.313 | H205: 0.396 | I205: 0.488 | J205: 0.584 | K205: 0.728 | L205: 0.88 | M205: 1.115
B206: 0.05 | C206: 0.089 | D206: 0.129 | E206: 0.189 | F206: 0.248 | G206: 0.313 | H206: 0.396 | I206: 0.488 | J206: 0.584 | K206: 0.728 | L206: 0.88 | M206: 1.115
B207: 0.05 | C207: 0.089 | D207: 0.129 | E207: 0.189 | F207: 0.248 | G207: 0.313 | H207: 0.396 | I207: 0.488 | J207: 0.584 | K207: 0.728 | L207: 0.88 | M207: 1.115
B208: 0.05 | C208: 0.089 | D208: 0.129 | E208: 0.189 | F208: 0.248 | G208: 0.313 | H208: 0.396 | I208: 0.488 | J208: 0.584 | K208: 0.728 | L208: 0.88 | M208: 1.115
B209: 0.05 | C209: 0.089 | D209: 0.129 | E209: 0.189 | F209: 0.248 | G209: 0.313 | H209: 0.396 | I209: 0.488 | J209: 0.584 | K209: 0.728 | L209: 0.88 | M209: 1.115
B210: 0.05 | C210: 0.105 | D210: 0.124 | E210: 0.163 | F210: 0.204 | G210: 0.314 | H210: 0.369 | I210: 0.405 | J210: 0.434 | K210: 0.453 | L210: 0.59 | M210: 1.115
B211: 0.05 | C211: 0.108 | D211: 0.163 | E211: 0.179 | F211: 0.217 | G211: 0.274 | H211: 0.37 | I211: 0.42 | J211: 0.474 | K211: 0.629 | L211: 0.633 | M211: 1.115
...

Sheet Mod1.12.dat
B1: #years Data file as 1.5 but constant average somatic weights by gear
B2: 1970
B3: 2017
B4: #ages
B5: 1
B6: 12
B7: #nbins
B8: 41
B9: #lengthbin
B10: 10 | C10: 11 | D10: 12 | E10: 13 | F10: 14 | G10: 15 | H10: 16 | I10: 17 | J10: 18 | K10: 19 | L10: 20 | M10: 21 | N10: 22 | O10: 23 | P10: 24 | Q10: 25 | R10: 26 | S10: 27 | T10: 28 | U10: 29 | V10: 30 | W10: 31 | X10: 32 | Y10: 33 | Z10: 34 | AA10: 35 | AB10: 36 | AC10: 37 | AD10: 38 | AE10: 39 | AF10: 40 | AG10: 41 | AH10: 42 | AI10: 43 | AJ10: 44 | AK10: 45 | AL10: 46 | AM10: 47 | AN10: 48 | AO10: 49 | AP10: 50
B11: #Fnum
B12: 4
B13: #Fnames
B14: N_Chile%SC_Chile_PS%FarNorth%Offshore_Trawl
B15: #Fcaton
B16: 101.69 | C16: 143.45 | D16: 64.46 | E16: 83.2 | F16: 164.76 | G16: 207.33 | H16: 257.7 | I16: 226.23 | J16: 398.41 | K16: 344.05 | L16: 288.81 | M16: 474.82 | N16: 789.91 | O16: 301.93 | P16: 727 | Q16: 511.15 | R16: 55.21 | S16: 313.31 | T16: 325.46 | U16: 338.6 | V16: 323.09 | W16: 346.25 | X16: 304.24 | Y16: 379.47 | Z16: 222.25 | AA16: 230.18 | AB16: 278.44 | AC16: 104.2 | AD16: 30.27 | AE16: 55.65 | AF16: 118.73 | AG16: 248.1 | AH16: 108.73 | AI16: 143.28 | AJ16: 158.66 | AK16: 165.63 | AL16: 155.26 | AM16: 172.701 | AN16: 167.258 | AO16: 134.022 | AP16: 169.012 | AQ16: 30.825 | AR16: 13.256 | AS16: 16.361 | AT16: 18.219 | AU16: 34.886 | AV16: 24.657 | AW16: 35.002
B17: 10.31 | C17: 14.99 | D17: 22.55 | E17: 38.39 | F17: 28.75 | G17: 53.88 | H17: 84.57 | I17: 114.57 | J17: 188.27 | K17: 253.46 | L17: 273.45 | M17: 586.09 | N17: 704.77 | O17: 563.34 | P17: 699.3 | Q17: 945.84 | R17: 1129.11 | S17: 1456.73 | T17: 1812.79 | U17: 2051.52 | V17: 2148.79 | W17: 2674.27 | X17: 2907.82 | Y17: 2856.78 | Z17: 3819.19 | AA17: 4174.02 | AB17: 3604.89 | AC17: 2812.87 | AD17: 1582.64 | AE17: 1164.04 | AF17: 1115.57 | AG17: 1401.84 | AH17: 1410.27 | AI17: 1278.02 | AJ17: 1292.94 | AK17: 1264.81 | AL17: 1224.69 | AM17: 1130.083 | AN17: 728.85 | AO17: 700.905 | AP17: 295.796 | AQ17: 216.47 | AR17: 214.204 | AS17: 214.999 | AT17: 254.295 | AU17: 250.327 | AV17: 295.16 | AW17: 311.863
B18: 4.71 | C18: 9.19 | D18: 18.78 | E18: 42.78 | F18: 129.21 | G18: 37.9 | H18: 54.15 | I18: 504.99 | J18: 386.79 | K18: 333.81 | L18: 414.3 | M18: 445.64 | N18: 143.72 | O18: 110.69 | P18: 200.67 | Q18: 114.62 | R18: 51.03 | S18: 46.3 | T18: 244.23 | U18: 316.25 | V18: 370.82 | W18: 213.45 | X18: 111.68 | Y18: 133.35 | Z18: 233.35 | AA18: 550.99 | AB18: 495.52 | AC18: 680.05 | AD18: 412.85 | AE18: 203.75 | AF18: 303.7 | AG18: 857.74 | AH18: 154.82 | AI18: 217.73 | AJ18: 187.37 | AK18: 80.66 | AL18: 277.57 | AM18: 255.36 | AN18: 169.537 | AO18: 76.629 | AP18: 22.172 | AQ18: 326.394 | AR18: 187.396 | AS18: 80.586 | AT18: 74.532 | AU18: 22.447 | AV18: 15.088 | AW18: 5.186
B19: 0 | C19: 0 | D19: 5.5 | E19: 0 | F19: 0 | G19: 0 | H19: 0.04 | I19: 2.27 | J19: 51.29 | K19: 370.29 | L19: 339.8 | M19: 438.12 | N19: 733.2 | O19: 894.3 | P19: 1059.93 | Q19: 799.32 | R19: 837.5 | S19: 863.42 | T19: 863.22 | U19: 875.82 | V19: 872.06 | W19: 543.66 | X19: 37.93 | Y19: 0 | Z19: 0 | AA19: 0 | AB19: 0 | AC19: 0 | AD19: 0 | AE19: 0.01 | AF19: 2.32 | AG19: 20.09 | AH19: 76.26 | AI19: 158.2 | AJ19: 295.44 | AK19: 243.58 | AL19: 362.63 | AM19: 438.8306 | AN19: 406.9864 | AO19: 371.9176 | AP19: 239.593 | AQ19: 60.89131 | AR19: 39.91786 | AS19: 41.177 | AT19: 63.652 | AU19: 86.717 | AV19: 53.671 | AW19: 50
B20: #Fcatonerr
B21: 0.05 | C21: 0.05 | D21: 0.05 | E21: 0.05 | F21: 0.05 | G21: 0.05 | H21: 0.05 | I21: 0.05 | J21: 0.05 | K21: 0.05 | L21: 0.05 | M21: 0.05 | N21: 0.05 | O21: 0.05 | P21: 0.05 | Q21: 0.05 | R21: 0.05 | S21: 0.05 | T21: 0.05 | U21: 0.05 | V21: 0.05 | W21: 0.05 | X21: 0.05 | Y21: 0.05 | Z21: 0.05 | AA21: 0.05 | AB21: 0.05 | AC21: 0.05 | AD21: 0.05 | AE21: 0.05 | AF21: 0.05 | AG21: 0.05 | AH21: 0.05 | AI21: 0.05 | AJ21: 0.05 | AK21: 0.05 | AL21: 0.05 | AM21: 0.05 | AN21: 0.05 | AO21: 0.05 | AP21: 0.05 | AQ21: 0.05 | AR21: 0.05 | AS21: 0.05 | AT21: 0.05 | AU21: 0.05 | AV21: 0.05 | AW21: 0.05
B22: 0.05 | C22: 0.05 | D22: 0.05 | E22: 0.05 | F22: 0.05 | G22: 0.05 | H22: 0.05 | I22: 0.05 | J22: 0.05 | K22: 0.05 | L22: 0.05 | M22: 0.05 | N22: 0.05 | O22: 0.05 | P22: 0.05 | Q22: 0.05 | R22: 0.05 | S22: 0.05 | T22: 0.05 | U22: 0.05 | V22: 0.05 | W22: 0.05 | X22: 0.05 | Y22: 0.05 | Z22: 0.05 | AA22: 0.05 | AB22: 0.05 | AC22: 0.05 | AD22: 0.05 | AE22: 0.05 | AF22: 0.05 | AG22: 0.05 | AH22: 0.05 | AI22: 0.05 | AJ22: 0.05 | AK22: 0.05 | AL22: 0.05 | AM22: 0.05 | AN22: 0.05 | AO22: 0.05 | AP22: 0.05 | AQ22: 0.05 | AR22: 0.05 | AS22: 0.05 | AT22: 0.05 | AU22: 0.05 | AV22: 0.05 | AW22: 0.05
B23: 0.05 | C23: 0.05 | D23: 0.05 | E23: 0.05 | F23: 0.05 | G23: 0.05 | H23: 0.05 | I23: 0.05 | J23: 0.05 | K23: 0.05 | L23: 0.05 | M23: 0.05 | N23: 0.05 | O23: 0.05 | P23: 0.05 | Q23: 0.05 | R23: 0.05 | S23: 0.05 | T23: 0.05 | U23: 0.05 | V23: 0.05 | W23: 0.05 | X23: 0.05 | Y23: 0.05 | Z23: 0.05 | AA23: 0.05 | AB23: 0.05 | AC23: 0.05 | AD23: 0.05 | AE23: 0.05 | AF23: 0.05 | AG23: 0.05 | AH23: 0.05 | AI23: 0.05 | AJ23: 0.05 | AK23: 0.05 | AL23: 0.05 | AM23: 0.05 | AN23: 0.05 | AO23: 0.05 | AP23: 0.05 | AQ23: 0.05 | AR23: 0.05 | AS23: 0.05 | AT23: 0.05 | AU23: 0.05 | AV23: 0.05 | AW23: 0.05
B24: 0.05 | C24: 0.05 | D24: 0.05 | E24: 0.05 | F24: 0.05 | G24: 0.05 | H24: 0.05 | I24: 0.05 | J24: 0.05 | K24: 0.05 | L24: 0.05 | M24: 0.05 | N24: 0.05 | O24: 0.05 | P24: 0.05 | Q24: 0.05 | R24: 0.05 | S24: 0.05 | T24: 0.05 | U24: 0.05 | V24: 0.05 | W24: 0.05 | X24: 0.05 | Y24: 0.05 | Z24: 0.05 | AA24: 0.05 | AB24: 0.05 | AC24: 0.05 | AD24: 0.05 | AE24: 0.05 | AF24: 0.05 | AG24: 0.05 | AH24: 0.05 | AI24: 0.05 | AJ24: 0.05 | AK24: 0.05 | AL24: 0.05 | AM24: 0.05 | AN24: 0.05 | AO24: 0.05 | AP24: 0.05 | AQ24: 0.05 | AR24: 0.05 | AS24: 0.05 | AT24: 0.05 | AU24: 0.05 | AV24: 0.05 | AW24: 0.05
B25: #FnumyearsA
B26: 42 # 43
B27: 43
B28: 0
B29: 28 # 29
B30: #FnumyearsL
B31: 0
B32: 0
B33: 37
B34: 0
B35: #Fageyears
B36: 1975 | C36: 1976 | D36: 1977 | E36: 1978 | F36: 1979 | G36: 1980 | H36: 1981 | I36: 1982 | J36: 1983 | K36: 1984 | L36: 1985 | M36: 1986 | N36: 1987 | O36: 1988 | P36: 1989 | Q36: 1990 | R36: 1991 | S36: 1992 | T36: 1993 | U36: 1994 | V36: 1995 | W36: 1996 | X36: 1997 | Y36: 1998 | Z36: 1999 | AA36: 2000 | AB36: 2001 | AC36: 2002 | AD36: 2003 | AE36: 2004 | AF36: 2005 | AG36: 2006 | AH36: 2007 | AI36: 2008 | AJ36: 2009 | AK36: 2010 | AL36: 2011 | AM36: 2012 | AN36: 2013 | AO36: 2014 | AP36: 2015 | AQ36: 2016 | AR36: # 2017
B37: 1975 | C37: 1976 | D37: 1977 | E37: 1978 | F37: 1979 | G37: 1980 | H37: 1981 | I37: 1982 | J37: 1983 | K37: 1984 | L37: 1985 | M37: 1986 | N37: 1987 | O37: 1988 | P37: 1989 | Q37: 1990 | R37: 1991 | S37: 1992 | T37: 1993 | U37: 1994 | V37: 1995 | W37: 1996 | X37: 1997 | Y37: 1998 | Z37: 1999 | AA37: 2000 | AB37: 2001 | AC37: 2002 | AD37: 2003 | AE37: 2004 | AF37: 2005 | AG37: 2006 | AH37: 2007 | AI37: 2008 | AJ37: 2009 | AK37: 2010 | AL37: 2011 | AM37: 2012 | AN37: 2013 | AO37: 2014 | AP37: 2015 | AQ37: 2016 | AR37: 2017
B38: 1979 | C38: 1980 | D38: 1981 | E38: 1982 | F38: 1983 | G38: 1984 | H38: 1985 | I38: 1986 | J38: 1987 | K38: 1988 | L38: 1989 | M38: 1990 | N38: 1991 | O38: 2000 | P38: 2001 | Q38: 2002 | R38: 2003 | S38: 2006 | T38: 2007 | U38: 2008 | V38: 2009 | W38: 2010 | X38: 2011 | Y38: 2012 | Z38: 2013 | AA38: 2014 | AB38: 2015 | AC38: 2016 | AD38: # 2017
B39: #Flengthyears
B40: 1980 | C40: 1981 | D40: 1982 | E40: 1983 | F40: 1984 | G40: 1985 | H40: 1986 | I40: 1987 | J40: 1988 | K40: 1989 | L40: 1990 | M40: 1991 | N40: 1992 | O40: 1993 | P40: 1994 | Q40: 1995 | R40: 1996 | S40: 1997 | T40: 1998 | U40: 1999 | V40: 2000 | W40: 2001 | X40: 2002 | Y40: 2003 | Z40: 2004 | AA40: 2005 | AB40: 2006 | AC40: 2007 | AD40: 2008 | AE40: 2009 | AF40: 2010 | AG40: 2011 | AH40: 2012 | AI40: 2013 | AJ40: 2014 | AK40: 2015 | AL40: 2016
B41: #Fagesample
B42: 20 | C42: 20 | D42: 20 | E42: 20 | F42: 20 | G42: 20 | H42: 20 | I42: 20 | J42: 20 | K42: 20 | L42: 20 | M42: 20 | N42: 20 | O42: 20 | P42: 20 | Q42: 20 | R42: 20 | S42: 20 | T42: 20 | U42: 20 | V42: 20 | W42: 20 | X42: 20 | Y42: 20 | Z42: 20 | AA42: 20 | AB42: 20 | AC42: 20 | AD42: 20 | AE42: 20 | AF42: 20 | AG42: 20 | AH42: 20 | AI42: 20 | AJ42: 20 | AK42: 20 | AL42: 20 | AM42: 20 | AN42: 20 | AO42: 20 | AP42: 20 | AQ42: 20 | AR42: # 20
B43: 50 | C43: 50 | D43: 50 | E43: 50 | F43: 50 | G43: 50 | H43: 50 | I43: 50 | J43: 50 | K43: 50 | L43: 50 | M43: 50 | N43: 50 | O43: 50 | P43: 50 | Q43: 50 | R43: 50 | S43: 50 | T43: 50 | U43: 50 | V43: 50 | W43: 50 | X43: 50 | Y43: 50 | Z43: 50 | AA43: 50 | AB43: 50 | AC43: 50 | AD43: 50 | AE43: 50 | AF43: 50 | AG43: 50 | AH43: 50 | AI43: 50 | AJ43: 50 | AK43: 50 | AL43: 50 | AM43: 50 | AN43: 50 | AO43: 50 | AP43: 50 | AQ43: 50 | AR43: 5
B44: 50 | C44: 50 | D44: 50 | E44: 50 | F44: 50 | G44: 50 | H44: 50 | I44: 50 | J44: 50 | K44: 50 | L44: 50 | M44: 50 | N44: 50 | O44: 30 | P44: 30 | Q44: 30 | R44: 30 | S44: 30 | T44: 30 | U44: 30 | V44: 30 | W44: 30 | X44: 30 | Y44: 30 | Z44: 30 | AA44: 30 | AB44: 30 | AC44: 30 | AD44: # 30
B45: #Flengthsample
B46: 30 | C46: 30 | D46: 30 | E46: 30 | F46: 30 | G46: 30 | H46: 30 | I46: 30 | J46: 30 | K46: 30 | L46: 30 | M46: 30 | N46: 30 | O46: 30 | P46: 30 | Q46: 30 | R46: 30 | S46: 30 | T46: 30 | U46: 30 | V46: 30 | W46: 30 | X46: 30 | Y46: 30 | Z46: 30 | AA46: 30 | AB46: 30 | AC46: 30 | AD46: 30 | AE46: 30 | AF46: 30 | AG46: 30 | AH46: 30 | AI46: 30 | AJ46: 30 | AK46: 30 | AL46: 30
B47: #Fagecomp
B48: 0 | C48: 4073 | D48: 13776 | E48: 44143 | F48: 60659 | G48: 166146 | H48: 171002 | I48: 81053 | J48: 29641 | K48: 8253 | L48: 4552 | M48: 1070
B49: 0 | C49: 27 | D49: 1676 | E49: 10342 | F49: 62211 | G49: 190616 | H49: 229530 | I49: 109553 | J49: 17356 | K49: 4612 | L49: 104 | M49: 0
B50: 122 | C50: 12767 | D50: 20036 | E50: 48155 | F50: 149760 | G50: 239459 | H50: 184136 | I50: 68069 | J50: 10018 | K50: 155 | L50: 0 | M50: 0
B51: 0 | C51: 5910 | D51: 92821 | E51: 171908 | F51: 149947 | G51: 99992 | H51: 274829 | I51: 227407 | J51: 75025 | K51: 11649 | L51: 99 | M51: 0
B52: 0 | C52: 0 | D52: 40320 | E52: 104406 | F52: 202313 | G52: 247236 | H52: 261704 | I52: 212251 | J52: 72124 | K52: 7503 | L52: 87 | M52: 0
B53: 0 | C53: 5663 | D53: 19209 | E53: 39611 | F53: 120365 | G53: 158767 | H53: 188736 | I53: 133955 | J53: 25201 | K53: 792 | L53: 0 | M53: 0
B54: 0 | C54: 0 | D54: 17592 | E54: 107026 | F54: 226852 | G54: 272757 | H54: 332572 | I54: 167387 | J54: 32014 | K54: 4135 | L54: 31 | M54: 0
B55: 0 | C55: 1674 | D55: 29021 | E55: 332623 | F55: 362536 | G55: 484944 | H55: 639872 | I55: 367034 | J55: 127157 | K55: 21795 | L55: 225 | M55: 0
B56: 0 | C56: 102 | D56: 1966 | E56: 49812 | F56: 151839 | G56: 222327 | H56: 205704 | I56: 103468 | J56: 21178 | K56: 556 | L56: 27 | M56: 0
B57: 0 | C57: 4148 | D57: 232259 | E57: 599923 | F57: 284517 | G57: 284809 | H57: 377052 | I57: 318705 | J57: 67881 | K57: 4009 | L57: 0 | M57: 0
B58: 0 | C58: 886 | D58: 53397 | E58: 255301 | F58: 400091 | G58: 427340 | H58: 252577 | I58: 73876 | J58: 12239 | K58: 1256 | L58: 0 | M58: 0
B59: 4646 | C59: 15143 | D59: 14153 | E59: 8069 | F59: 9791 | G59: 17324 | H59: 26790 | I59: 15727 | J59: 6358 | K59: 1078 | L59: 0 | M59: 0
... B89: 0 | C89: 0 | D89: 0.11949623 | E89: 0.19185401 | F89: 0.12836256 | G89: 0.21069755 | H89: 0.15136514 | I89: 0.081497641 | J89: 0.075119213 | K89: 0.026336113 | L89: 0.009888114 | M89: 0.005383425
B90: # 0 | C90: 0 | D90: 0.11953631 | E90: 0.19191836 | F90: 0.12840562 | G90: 0.21076822 | H90: 0.15141591 | I90: 0.081524975 | J90: 0.075144408 | K90: 0.026344946 | L90: 0.00989143 | M90: 0.005049835
B91: 0 | C91: 0 | D91: 355 | E91: 633 | F91: 2259 | G91: 7108 | H91: 11305 | I91: 10032 | J91: 5551 | K91: 1867 | L91: 999 | M91: 190
B92: 0 | C92: 1272 | D92: 364 | E92: 353 | F92: 1550 | G92: 17545 | H92: 45885 | I92: 38920 | J92: 18306 | K92: 2707 | L92: 37 | M92: 0
B93: 1 | C93: 223 | D93: 462 | E93: 5493 | F93: 19717 | G93: 34341 | H93: 61594 | I93: 47567 | J93: 7128 | K93: 684 | L93: 70 | M93: 4
B94: 0 | C94: 595 | D94: 4226 | E94: 20574 | F94: 70250 | G94: 115605 | H94: 96857 | I94: 45404 | J94: 12171 | K94: 1330 | L94: 0 | M94: 0
B95: 0 | C95: 20 | D95: 13439 | E95: 147552 | F95: 206176 | G95: 210012 | H95: 208192 | I95: 180490 | J95: 120831 | K95: 48163 | L95: 4206 | M95: 904
B96: 2152 | C96: 3996 | D96: 8314 | E96: 128820 | F96: 322829 | G96: 356395 | H96: 311998 | I96: 166713 | J96: 78325 | K96: 17706 | L96: 686 | M96: 995
B97: 0 | C97: 2419 | D97: 8973 | E97: 83655 | F97: 392031 | G97: 696981 | H97: 627159 | I97: 326988 | J97: 99193 | K97: 23220 | L97: 3581 | M97: 800
B98: 1324 | C98: 4221 | D98: 8889 | E98: 118067 | F98: 618244 | G98: 826235 | H98: 877968 | I98: 626789 | J98: 224844 | K98: 57471 | L98: 10391 | M98: 13914
B99: 1624 | C99: 98937 | D99: 191076 | E99: 314984 | F99: 749070 | G99: 1084641 | H99: 1113032 | I99: 548218 | J99: 207964 | K99: 30697 | L99: 3760 | M99: 1259
B100: 98 | C100: 7977 | D100: 190091 | E100: 357918 | F100: 447250 | G100: 985396 | H100: 1175198 | I100: 851961 | J100: 292315 | K100: 38931 | L100: 7977 | M100: 394
B101: 53 | C101: 889 | D101: 39763 | E101: 372792 | F101: 621888 | G101: 1131123 | H101: 1405139 | I101: 725890 | J101: 182303 | K101: 21926 | L101: 2839 | M101: 2111
B102: 7703 | C102: 32892 | D102: 50408 | E102: 254334 | F102: 720436 | G102: 1125301 | H102: 1563727 | I102: 833125 | J102: 141461 | K102: 12640 | L102: 1048 | M102: 651
... B161: 0 | C161: 0.017012139 | D161: 0.13048412 | E161: 0.20502442 | F161: 0.23870457 | G161: 0.17149799 | H161: 0.113947 | I161: 0.058575553 | J161: 0.033933892 | K161: 0.021002765 | L161: 0.002922093 | M161: 0.006895466
B162: # 0 | C162: 0 | D162: 0.014051333 | E162: 0.14690046 | F162: 0.18530098 | G162: 0.19901178 | H162: 0.10051017 | I162: 0.091748253 | J162: 0.089864284 | K162: 0.079140051 | L162: 0.059299454 | M162: 0.034173237
B163: #Flengthcomp
B164: 44 | C164: 59 | D164: 71 | E164: 59 | F164: 126 | G164: 67 | H164: 184 | I164: 105 | J164: 67 | K164: 50 | L164: 0 | M164: 0 | N164: 0 | O164: 33 | P164: 46 | Q164: 25 | R164: 9 | S164: 9 | T164: 50 | U164: 101 | V164: 134 | W164: 209 | X164: 318 | Y164: 471 | Z164: 419 | AA164: 343 | AB164: 251 | AC164: 184 | AD164: 134 | AE164: 84 | AF164: 50 | AG164: 33 | AH164: 33 | AI164: 29 | AJ164: 17 | AK164: 9 | AL164: 9 | AM164: 0 | AN164: 0 | AO164: 0 | AP164: 0
B165: 0 | C165: 0 | D165: 0 | E165: 0 | F165: 0 | G165: 0 | H165: 0 | I165: 0 | J165: 0 | K165: 0 | L165: 0 | M165: 0 | N165: 0 | O165: 0 | P165: 0 | Q165: 0 | R165: 6 | S165: 14 | T165: 28 | U165: 101 | V165: 129 | W165: 105 | X165: 109 | Y165: 112 | Z165: 105 | AA165: 87 | AB165: 78 | AC165: 62 | AD165: 50 | AE165: 36 | AF165: 34 | AG165: 22 | AH165: 20 | AI165: 17 | AJ165: 8 | AK165: 3 | AL165: 1 | AM165: 0 | AN165: 0 | AO165: 0 | AP165: 0
B166: 0 | C166: 23 | D166: 91 | E166: 272 | F166: 545 | G166: 545 | H166: 523 | I166: 477 | J166: 409 | K166: 432 | L166: 545 | M166: 364 | N166: 68 | O166: 23 | P166: 0 | Q166: 0 | R166: 0 | S166: 0 | T166: 45 | U166: 91 | V166: 136 | W166: 409 | X166: 795 | Y166: 1136 | Z166: 840 | AA166: 545 | AB166: 296 | AC166: 227 | AD166: 181 | AE166: 159 | AF166: 136 | AG166: 113 | AH166: 23 | AI166: 0 | AJ166: 0 | AK166: 0 | AL166: 0 | AM166: 0 | AN166: 0 | AO166: 0 | AP166: 0
B167: 0 | C167: 0 | D167: 0 | E167: 0 | F167: 0 | G167: 0 | H167: 0 | I167: 0 | J167: 0 | K167: 0 | L167: 0 | M167: 0 | N167: 0 | O167: 0 | P167: 0 | Q167: 22 | R167: 114 | S167: 137 | T167: 182 | U167: 206 | V167: 297 | W167: 707 | X167: 1426 | Y167: 1711 | Z167: 1426 | AA167: 1254 | AB167: 707 | AC167: 502 | AD167: 297 | AE167: 228 | AF167: 114 | AG167: 69 | AH167: 137 | AI167: 69 | AJ167: 22 | AK167: 46 | AL167: 22 | AM167: 0 | AN167: 0 | AO167: 0 | AP167: 0
B168: 0 | C168: 0 | D168: 0 | E168: 0 | F168: 0 | G168: 8 | H168: 16 | I168: 8 | J168: 4 | K168: 0 | L168: 4 | M168: 8 | N168: 41 | O168: 90 | P168: 160 | Q168: 340 | R168: 872 | S168: 1743 | T168: 2472 | U168: 3355 | V168: 3441 | W168: 3270 | X168: 4325 | Y168: 4657 | Z168: 4153 | AA168: 3245 | AB168: 2545 | AC168: 1731 | AD168: 1166 | AE168: 777 | AF168: 585 | AG168: 401 | AH168: 274 | AI168: 258 | AJ168: 209 | AK168: 147 | AL168: 217 | AM168: 147 | AN168: 123 | AO168: 45 | AP168: 0
B169: 0 | C169: 0 | D169: 0 | E169: 0 | F169: 0 | G169: 0 | H169: 0 | I169: 3 | J169: 6 | K169: 8 | L169: 16 | M169: 16 | N169: 19 | O169: 19 | P169: 22 | Q169: 31 | R169: 62 | S169: 136 | T169: 215 | U169: 399 | V169: 535 | W169: 615 | X169: 818 | Y169: 848 | Z169: 949 | AA169: 987 | AB169: 888 | AC169: 906 | AD169: 822 | AE169: 821 | AF169: 725 | AG169: 585 | AH169: 439 | AI169: 353 | AJ169: 277 | AK169: 259 | AL169: 242 | AM169: 179 | AN169: 199 | AO169: 150 | AP169: 0
B170: 3 | C170: 8 | D170: 18 | E170: 13 | F170: 13 | G170: 27 | H170: 39 | I170: 29 | J170: 14 | K170: 17 | L170: 24 | M170: 36 | N170: 51 | O170: 63 | P170: 64 | Q170: 67 | R170: 57 | S170: 37 | T170: 23 | U170: 17 | V170: 30 | W170: 53 | X170: 165 | Y170: 397 | Z170: 691 | AA170: 1066 | AB170: 1337 | AC170: 1260 | AD170: 1255 | AE170: 896 | AF170: 637 | AG170: 478 | AH170: 369 | AI170: 287 | AJ170: 257 | AK170: 207 | AL170: 195 | AM170: 141 | AN170: 140 | AO170: 109 | AP170: 0
B171: 2 | C171: 6 | D171: 8 | E171: 10 | F171: 6 | G171: 21 | H171: 52 | I171: 61 | J171: 43 | K171: 44 | L171: 74 | M171: 95 | N171: 106 | O171: 169 | P171: 254 | Q171: 395 | R171: 533 | S171: 830 | T171: 1110 | U171: 1215 | V171: 1071 | W171: 861 | X171: 537 | Y171: 337 | Z171: 249 | AA171: 308 | AB171: 376 | AC171: 408 | AD171: 335 | AE171: 213 | AF171: 200 | AG171: 160 | AH171: 130 | AI171: 92 | AJ171: 61 | AK171: 44 | AL171: 19 | AM171: 10 | AN171: 7 | AO171: 8 | AP171: 0
B172: 0 | C172: 0 | D172: 0 | E172: 0 | F172: 0 | G172: 0 | H172: 0 | I172: 4 | J172: 22 | K172: 60 | L172: 73 | M172: 95 | N172: 186 | O172: 354 | P172: 739 | Q172: 1663 | R172: 2985 | S172: 3961 | T172: 4250 | U172: 3615 | V172: 2985 | W172: 2134 | X172: 1559 | Y172: 1378 | Z172: 1309 | AA172: 1304 | AB172: 1266 | AC172: 1136 | AD172: 981 | AE172: 1019 | AF172: 972 | AG172: 1149 | AH172: 1058 | AI172: 1045 | AJ172: 1088 | AK172: 1145 | AL172: 1045 | AM172: 747 | AN172: 596 | AO172: 354 | AP172: 0
B173: 0 | C173: 0 | D173: 0 | E173: 0 | F173: 0 | G173: 0 | H173: 0 | I173: 0 | J173: 0 | K173: 7 | L173: 179 | M173: 365 | N173: 3204 | O173: 4837 | P173: 2294 | Q173: 2723 | R173: 1988 | S173: 1212 | T173: 877 | U173: 1009 | V173: 1157 | W173: 1309 | X173: 2110 | Y173: 2874 | Z173: 3570 | AA173: 3979 | AB173: 3959 | AC173: 2848 | AD173: 2080 | AE173: 1295 | AF173: 705 | AG173: 498 | AH173: 386 | AI173: 297 | AJ173: 260 | AK173: 251 | AL173: 260 | AM173: 237 | AN173: 191 | AO173: 185 | AP173: 0
B174: 0 | C174: 0 | D174: 0 | E174: 0 | F174: 0 | G174: 0 | H174: 0 | I174: 0 | J174: 0 | K174: 0 | L174: 22 | M174: 45 | N174: 90 | O174: 90 | P174: 127 | Q174: 187 | R174: 247 | S174: 284 | T174: 486 | U174: 860 | V174: 1533 | W174: 2326 | X174: 3373 | Y174: 4548 | Z174: 5221 | AA174: 6769 | AB174: 8579 | AC174: 9410 | AD174: 7353 | AE174: 6119 | AF174: 4473 | AG174: 3194 | AH174: 2409 | AI174: 1855 | AJ174: 1279 | AK174: 808 | AL174: 554 | AM174: 292 | AN174: 202 | AO174: 90 | AP174: 0
B175: 0 | C175: 0 | D175: 0 | E175: 3 | F175: 0 | G175: 13 | H175: 62 | I175: 112 | J175: 85 | K175: 102 | L175: 131 | M175: 99 | N175: 118 | O175: 927 | P175: 2308 | Q175: 1107 | R175: 686 | S175: 628 | T175: 658 | U175: 813 | V175: 1134 | W175: 1749 | X175: 2249 | Y175: 2786 | Z175: 2851 | AA175: 3441 | AB175: 4354 | AC175: 4262 | AD175: 3939 | AE175: 3496 | AF175: 2993 | AG175: 1877 | AH175: 1405 | AI175: 1469 | AJ175: 1237 | AK175: 1167 | AL175: 1130 | AM175: 864 | AN175: 687 | AO175: 616 | AP175: 504
... B200: 0 | C200: 0 | D200: 0 | E200: 0 | F200: 0 | G200: 0 | H200: 0 | I200: 3.9603821 | J200: 41.79291 | K200: 63.592828 | L200: 172.9608 | M200: 438.05057 | N200: 1094.57 | O200: 2353.8653 | P200: 2871.8253 | Q200: 2719.8594 | R200: 2936.9743 | S200: 3425.417 | T200: 3244.0167 | U200: 3366.1927 | V200: 3408.4992 | W200: 3683.6381 | X200: 3378.7434 | Y200: 3121.8507 | Z200: 2803.6438 | AA200: 2203.72 | AB200: 1289.14 | AC200: 711.14531 | AD200: 416.94473 | AE200: 214.03756 | AF200: 189.81496 | AG200: 136.12373 | AH200: 31.61674 | AI200: 18.428505 | AJ200: 7.5271921 | AK200: 5.6703593 | AL200: 9.5748193 | AM200: 5.6064344 | AN200: 0.57712668 | AO200: 0 | AP200: 0
B201: #Fwtatage
A202: 1970 | B202: =AVERAGE('Mod1.5.dat'!B202:B249) -> 0.046839472 | C202: =AVERAGE('Mod1.5.dat'!C202:C249) -> 0.083776615 | D202: =AVERAGE('Mod1.5.dat'!D202:D249) -> 0.12883838 | E202: =AVERAGE('Mod1.5.dat'!E202:E249) -> 0.18856645 | F202: =AVERAGE('Mod1.5.dat'!F202:F249) -> 0.25013279 | G202: =AVERAGE('Mod1.5.dat'!G202:G249) -> 0.31840656 | H202: =AVERAGE('Mod1.5.dat'!H202:H249) -> 0.40307725 | I202: =AVERAGE('Mod1.5.dat'!I202:I249) -> 0.49626614 | ... M202: =AVERAGE('Mod1.5.dat'!M202:M249) -> 1.0994043
A203: =A202+1 -> 1971 | B203: =B202 -> 0.046839472 | C203: =C202 -> 0.083776615 | D203: =D202 -> 0.12883838 | E203: =E202 -> 0.18856645 | F203: =F202 -> 0.25013279 | G203: =G202 -> 0.31840656 | H203: =H202 -> 0.40307725 | I203: =I202 -> 0.49626614 | ... M203: =M202 -> 1.0994043
A204: =A203+1 -> 1972 | B204: =B203 -> 0.046839472 | C204: =C203 -> 0.083776615 | D204: =D203 -> 0.12883838 | E204: =E203 -> 0.18856645 | F204: =F203 -> 0.25013279 | G204: =G203 -> 0.31840656 | H204: =H203 -> 0.40307725 | I204: =I203 -> 0.49626614 | ... M204: =M203 -> 1.0994043
A205: =A204+1 -> 1973 | B205: =B204 -> 0.046839472 | C205: =C204 -> 0.083776615 | D205: =D204 -> 0.12883838 | E205: =E204 -> 0.18856645 | F205: =F204 -> 0.25013279 | G205: =G204 -> 0.31840656 | H205: =H204 -> 0.40307725 | I205: =I204 -> 0.49626614 | ... M205: =M204 -> 1.0994043
A206: =A205+1 -> 1974 | B206: =B205 -> 0.046839472 | C206: =C205 -> 0.083776615 | D206: =D205 -> 0.12883838 | E206: =E205 -> 0.18856645 | F206: =F205 -> 0.25013279 | G206: =G205 -> 0.31840656 | H206: =H205 -> 0.40307725 | I206: =I205 -> 0.49626614 | ... M206: =M205 -> 1.0994043
A207: =A206+1 -> 1975 | B207: =B206 -> 0.046839472 | C207: =C206 -> 0.083776615 | D207: =D206 -> 0.12883838 | E207: =E206 -> 0.18856645 | F207: =F206 -> 0.25013279 | G207: =G206 -> 0.31840656 | H207: =H206 -> 0.40307725 | I207: =I206 -> 0.49626614 | ... M207: =M206 -> 1.0994043
A208: =A207+1 -> 1976 | B208: =B207 -> 0.046839472 | C208: =C207 -> 0.083776615 | D208: =D207 -> 0.12883838 | E208: =E207 -> 0.18856645 | F208: =F207 -> 0.25013279 | G208: =G207 -> 0.31840656 | H208: =H207 -> 0.40307725 | I208: =I207 -> 0.49626614 | ... M208: =M207 -> 1.0994043
A209: =A208+1 -> 1977 | B209: =B208 -> 0.046839472 | C209: =C208 -> 0.083776615 | D209: =D208 -> 0.12883838 | E209: =E208 -> 0.18856645 | F209: =F208 -> 0.25013279 | G209: =G208 -> 0.31840656 | H209: =H208 -> 0.40307725 | I209: =I208 -> 0.49626614 | ... M209: =M208 -> 1.0994043
A210: =A209+1 -> 1978 | B210: =B209 -> 0.046839472 | C210: =C209 -> 0.083776615 | D210: =D209 -> 0.12883838 | E210: =E209 -> 0.18856645 | F210: =F209 -> 0.25013279 | G210: =G209 -> 0.31840656 | H210: =H209 -> 0.40307725 | I210: =I209 -> 0.49626614 | ... M210: =M209 -> 1.0994043
A211: =A210+1 -> 1979 | B211: =B210 -> 0.046839472 | C211: =C210 -> 0.083776615 | D211: =D210 -> 0.12883838 | E211: =E210 -> 0.18856645 | F211: =F210 -> 0.25013279 | G211: =G210 -> 0.31840656 | H211: =H210 -> 0.40307725 | I211: =I210 -> 0.49626614 | ... M211: =M210 -> 1.0994043
...

Sheet Sheet4
